Datetime,Close,High,Low,Open,Volume,ATM_Strike,EMA_5,EMA_15,Open_Interest
2025-10-27 03:45:00+00:00,25913.123191406252,25877.599609375,25828.099609375,25851.94921875,0,25850,25861.400390625,25861.400390625,180649
2025-10-27 03:50:00+00:00,25932.7111171875,25882.900390625,25862.849609375,25862.849609375,0,25900,25867.91666666667,25863.843994140625,349220
2025-10-27 03:55:00+00:00,25940.8288828125,25891.0,25867.25,25880.099609375,0,25900,25874.961371527785,25866.994842529297,108155
2025-10-27 04:00:00+00:00,25948.3438828125,25899.25,25880.94921875,25889.150390625,0,25900,25882.157841435197,25870.689334869385,489327
2025-10-27 04:05:00+00:00,25973.343,25927.0,25895.94921875,25897.05078125,0,25900,25895.27189429013,25877.04066801071,262729
2025-10-27 04:10:00+00:00,25989.0736171875,25944.650390625,25919.75,25921.69921875,0,25950,25909.24766911009,25884.560486853123,107643
2025-10-27 04:15:00+00:00,25993.6843828125,25942.44921875,25926.30078125,25937.400390625,0,25950,25920.098706490066,25891.71552365273,477863
2025-10-27 04:20:00+00:00,25995.1365,25945.19921875,25926.55078125,25941.650390625,0,25950,25927.81580432671,25898.15733319614,481903
2025-10-27 04:25:00+00:00,25987.72130859375,25946.44921875,25931.650390625,25943.44921875,0,25950,25930.493739342808,25902.8688677185,341477
2025-10-27 04:30:00+00:00,25981.8091171875,25942.400390625,25920.69921875,25935.75,0,25950,25930.31223247854,25906.25391159744,477174
2025-10-27 04:35:00+00:00,26016.1276171875,25967.44921875,25926.599609375,25930.25,0,25950,25941.60789456903,25913.49707499151,126372
2025-10-27 04:40:00+00:00,26013.77330859375,25974.849609375,25955.69921875,25964.349609375,0,25950,25948.355132837693,25919.541141789443,173450
2025-10-27 04:45:00+00:00,26018.433,25970.19921875,25957.25,25962.75,0,25950,25954.4034218918,25925.410999065763,154299
2025-10-27 04:50:00+00:00,26027.2513828125,25976.650390625,25964.349609375,25965.75,0,26000,25961.36920834453,25931.647221838797,291119
2025-10-27 04:55:00+00:00,26022.1905,25978.650390625,25964.900390625,25974.900390625,0,25950,25964.32947222969,25936.472569108944,338980
2025-10-27 05:00:00+00:00,26016.9808828125,25971.150390625,25956.75,25969.80078125,0,25950,25964.5699085698,25940.044845626577,417470
2025-10-27 05:05:00+00:00,26009.2153828125,25965.55078125,25946.75,25965.55078125,0,25950,25962.146866129868,25942.201837579505,110922
2025-10-27 05:10:00+00:00,26015.427,25966.900390625,25955.94921875,25957.5,0,25950,25962.597910753248,25944.864107882066,164987
2025-10-27 05:15:00+00:00,26008.76330859375,25966.44921875,25956.19921875,25963.75,0,25950,25960.681810293838,25946.36229556868,225913
2025-10-27 05:20:00+00:00,26007.7123828125,25966.0,25949.55078125,25957.5,0,25950,25959.05480061256,25947.542106278845,150166
2025-10-27 05:25:00+00:00,26018.3821171875,25967.80078125,25952.150390625,25955.30078125,0,25950,25961.51960665837,25949.905495337734,215748
2025-10-27 05:30:00+00:00,26019.6346171875,25979.400390625,25960.44921875,25966.55078125,0,25950,25963.579477355583,25952.12971076427,491159
2025-10-27 05:35:00+00:00,26022.6406171875,25976.05078125,25960.30078125,25968.900390625,0,25950,25965.95272448705,25954.450899262487,495262
2025-10-27 05:40:00+00:00,26028.2533828125,25981.30078125,25969.75,25973.099609375,0,26000,25969.40207674137,25957.182134510927,203871
2025-10-27 05:45:00+00:00,26020.1356171875,25980.94921875,25965.80078125,25975.650390625,0,25950,25969.001124077586,25958.55927004081,499909
2025-10-27 05:50:00+00:00,26032.4101171875,25981.650390625,25967.099609375,25968.69921875,0,26000,25972.817155635057,25961.295513629462,178729
2025-10-27 05:55:00+00:00,26029.80530859375,25986.900390625,25973.69921875,25981.849609375,0,26000,25974.49464021504,25963.364775597656,355121
2025-10-27 06:00:00+00:00,26024.1436171875,25979.349609375,25969.5,25978.44921875,0,25950,25973.72949972669,25964.4690809917,328963
2025-10-27 06:05:00+00:00,26024.9968828125,25978.650390625,25969.30078125,25972.400390625,0,25950,25973.503260234465,25965.54179352399,479983
2025-10-27 06:10:00+00:00,26009.1645,25975.099609375,25955.150390625,25973.650390625,0,25950,25968.08550682298,25964.50531933349,169437
2025-10-27 06:15:00+00:00,26013.6226171875,25964.349609375,25946.25,25957.19921875,0,25950,25965.95674413199,25964.154556760557,323217
2025-10-27 06:20:00+00:00,26023.04180859375,25972.80078125,25959.849609375,25961.150390625,0,25950,25967.67103254633,25965.02268833736,216673
2025-10-27 06:25:00+00:00,26046.89019140625,25995.099609375,25971.30078125,25971.30078125,0,26000,25976.747485239222,25968.757401123312,415812
2025-10-27 06:30:00+00:00,26049.09380859375,26001.44921875,25993.150390625,25994.94921875,0,26000,25983.53152661781,25972.30017715477,437001
2025-10-27 06:35:00+00:00,26045.63769140625,26004.900390625,25989.80078125,25998.0,0,26000,25986.90448128688,25974.96895383855,443510
2025-10-27 06:40:00+00:00,26048.2425,25998.099609375,25990.94921875,25993.849609375,0,26000,25990.01965419125,25977.62908460873,326399
2025-10-27 06:45:00+00:00,26042.481,26001.099609375,25987.349609375,25996.849609375,0,26000,25990.17976946084,25979.23794903264,277464
2025-10-27 06:50:00+00:00,26038.974,25991.400390625,25982.599609375,25991.05078125,0,26000,25989.119846307225,25980.208205403564,143445
2025-10-27 06:55:00+00:00,26020.83819140625,25993.80078125,25965.69921875,25987.75,0,25950,25982.380027746483,25978.794728556244,103572
2025-10-27 07:00:00+00:00,26027.952,25977.75,25957.150390625,25969.900390625,0,26000,25980.253351830997,25978.445387486718,469431
2025-10-27 07:05:00+00:00,26029.9051171875,25979.30078125,25966.69921875,25975.94921875,0,26000,25979.485307470663,25978.383366394624,241230
2025-10-27 07:10:00+00:00,26026.2493828125,25980.69921875,25969.80078125,25977.25,0,25950,25977.75713206378,25977.873043251548,172444
2025-10-27 07:15:00+00:00,26016.6286171875,25983.0,25964.5,25974.900390625,0,25950,25973.40449429252,25976.22631518885,262546
2025-10-27 07:20:00+00:00,26028.9031171875,25977.05078125,25956.30078125,25964.44921875,0,26000,25974.586069111683,25976.316678134,371736
2025-10-27 07:25:00+00:00,26026.34919140625,25979.5,25971.5,25978.0,0,25950,25974.524176282797,25976.07714219537,268070
2025-10-27 07:30:00+00:00,26023.6426171875,25977.650390625,25967.44921875,25974.69921875,0,25950,25973.582523771867,25975.5299017647,223700
2025-10-27 07:35:00+00:00,26015.82819140625,25972.94921875,25962.55078125,25972.0,0,25950,25970.355146056245,25974.07621287224,415618
2025-10-27 07:40:00+00:00,26022.54080859375,25972.0,25958.25,25964.849609375,0,25950,25970.43663382917,25973.641637435085,380292
2025-10-27 07:45:00+00:00,25991.88,25971.0,25937.30078125,25970.650390625,0,25950,25960.29108921945,25969.436432755698,367803
2025-10-27 07:50:00+00:00,25995.3361171875,25944.099609375,25918.400390625,25940.099609375,0,25950,25954.6771323963,25966.188031004986,181900
2025-10-27 07:55:00+00:00,25991.4298828125,25948.94921875,25934.19921875,25943.599609375,0,25950,25949.635015347536,25962.858374785614,350285
2025-10-27 08:00:00+00:00,25977.3001171875,25940.25,25924.849609375,25940.25,0,25950,25941.57308314836,25958.182230281163,402015
2025-10-27 08:05:00+00:00,25993.1833828125,25942.94921875,25921.05078125,25926.849609375,0,25950,25941.48231584891,25956.072049152262,460820
2025-10-27 08:10:00+00:00,25996.53969140625,25944.849609375,25932.44921875,25942.099609375,0,25950,25942.538340774277,25954.64434183636,102073
2025-10-27 08:15:00+00:00,25999.6455,25947.75,25934.44921875,25944.44921875,0,25950,25944.275560516184,25953.78254910681,475227
2025-10-27 08:20:00+00:00,26015.427,25966.099609375,25947.80078125,25948.0,0,25950,25950.68370701079,25954.99723046846,270691
2025-10-27 08:25:00+00:00,26006.1585,25963.30078125,25949.5,25963.150390625,0,25950,25951.87247134053,25954.903826659905,161925
2025-10-27 08:30:00+00:00,26008.06269140625,25960.849609375,25948.55078125,25954.30078125,0,25950,25953.29844443536,25955.05964715554,306091
2025-10-27 08:35:00+00:00,26011.01780859375,25964.099609375,25952.94921875,25958.349609375,0,25950,25955.232166081907,25955.56464243297,458514
2025-10-27 08:40:00+00:00,25990.377,25959.400390625,25936.099609375,25958.849609375,0,25950,25949.654777387943,25953.43156212885,189364
2025-10-27 08:45:00+00:00,26035.11669140625,25984.099609375,25938.05078125,25939.30078125,0,26000,25960.819981800298,25957.14641569087,468176
2025-10-27 08:50:00+00:00,26028.7543828125,25983.5,25960.94921875,25983.5,0,26000,25966.1469149502,25959.60321138576,292770
2025-10-27 08:55:00+00:00,26029.7563828125,25979.400390625,25969.849609375,25977.0,0,26000,25970.03153705013,25961.877907618797,190996
2025-10-27 09:00:00+00:00,26030.7075,25984.900390625,25972.75,25977.150390625,0,26000,25972.93769136676,25963.986919166444,190024
2025-10-27 09:05:00+00:00,26021.28830859375,25983.150390625,25968.5,25979.0,0,25950,25971.741664036177,25964.657255442515,253851
2025-10-27 09:10:00+00:00,26018.9848828125,25972.349609375,25960.400390625,25970.05078125,0,25950,25970.178036440782,25964.95644616845,405986
2025-10-27 09:15:00+00:00,25981.70930859375,25971.400390625,25929.349609375,25967.19921875,0,25950,25956.73522741886,25960.56809156927,124811
2025-10-27 09:20:00+00:00,26001.3481171875,25957.30078125,25926.75,25929.19921875,0,25950,25954.306557862576,25959.17823246686,399961
2025-10-27 09:25:00+00:00,26010.1156171875,25960.05078125,25945.650390625,25949.75,0,25950,25955.60411149172,25959.055855752253,239274
2025-10-27 09:30:00+00:00,26000.397,25968.599609375,25947.650390625,25958.400390625,0,25950,25953.23607432781,25957.73637378322,149723
2025-10-27 09:35:00+00:00,26020.83819140625,25970.150390625,25945.80078125,25948.650390625,0,25950,25958.457513093545,25959.131875888444,221352
2025-10-27 09:40:00+00:00,26015.7283828125,25970.650390625,25961.69921875,25970.19921875,0,25950,25960.238602479032,25959.71548905864,126674
2025-10-27 09:45:00+00:00,26019.9868828125,25969.349609375,25958.05078125,25963.75,0,25950,25962.84266206936,25960.75740058256,445563
2025-10-27 09:50:00+00:00,26019.1845,25970.599609375,25962.400390625,25968.650390625,0,25950,25964.311774712907,25961.56897550974,442139
2025-10-27 09:55:00+00:00,26025.948,25981.0,25966.94921875,25966.94921875,0,25950,25967.54118314194,25963.122853571025,273167
2025-10-28 03:45:00+00:00,26020.03580859375,26004.05078125,25937.099609375,25937.099609375,0,25950,25967.72732521963,25963.74494804652,256276
2025-10-28 03:50:00+00:00,26023.29230859375,25999.19921875,25952.599609375,25968.05078125,0,25950,25968.93475327142,25964.695530712583,319766
2025-10-28 03:55:00+00:00,26040.82730859375,25988.849609375,25956.099609375,25971.849609375,0,26000,25975.57303863928,25967.714790545386,179890
2025-10-28 04:00:00+00:00,26080.8583828125,26032.69921875,25978.099609375,25987.44921875,0,26050,25993.31561950952,25975.350539383464,322862
2025-10-28 04:05:00+00:00,26076.44919140625,26039.25,26024.400390625,26028.650390625,0,26000,26003.67720988135,25981.48177078865,390818
2025-10-28 04:10:00+00:00,26071.539,26040.900390625,26007.55078125,26024.849609375,0,26000,26008.95147325424,25986.23404944007,352292
2025-10-28 04:15:00+00:00,26061.519,26027.30078125,26005.19921875,26019.599609375,0,26000,26009.134315502823,25989.14229326006,153719
2025-10-28 04:20:00+00:00,26023.3921171875,26013.30078125,25959.849609375,26010.099609375,0,25950,25996.572616585217,25986.930658946305,380831
2025-10-28 04:25:00+00:00,26022.2413828125,25981.900390625,25956.05078125,25973.400390625,0,25950,25987.815338140143,25984.851924234263,133250
2025-10-28 04:30:00+00:00,25980.50769140625,25970.05078125,25927.44921875,25969.5,0,25950,25968.09368896843,25977.826732533107,100939
2025-10-28 04:35:00+00:00,25959.0136171875,25932.349609375,25895.55078125,25928.650390625,0,25900,25947.79553222896,25968.99829331022,140614
2025-10-28 04:40:00+00:00,25957.0605,25907.900390625,25886.55078125,25907.55078125,0,25900,25933.61368815264,25961.02975664644,368742
2025-10-28 04:45:00+00:00,25953.15230859375,25912.5,25893.05078125,25905.099609375,0,25900,25922.85899522676,25953.56973823751,246906
2025-10-28 04:50:00+00:00,25950.19719140625,25910.150390625,25886.900390625,25901.099609375,0,25900,25914.706127026177,25946.673569785948,442831
2025-10-28 04:55:00+00:00,25953.303,25908.349609375,25887.900390625,25899.25,0,25900,25910.30408468412,25941.026873562703,132151
2025-10-28 05:00:00+00:00,25932.5623828125,25902.5,25871.400390625,25901.150390625,0,25900,25900.46965020608,25933.498612023614,260899
2025-10-28 05:05:00+00:00,25922.39169140625,25885.55078125,25866.80078125,25880.900390625,0,25850,25890.529897012388,25925.64258434879,334879
2025-10-28 05:10:00+00:00,25942.93269140625,25893.44921875,25870.94921875,25873.150390625,0,25900,25890.736728216594,25921.331060133318,125973
2025-10-28 05:15:00+00:00,25941.4786171875,25904.349609375,25882.650390625,25891.349609375,0,25900,25890.39089172773,25917.3770799604,474081
2025-10-28 05:20:00+00:00,25909.9665,25889.900390625,25857.75,25889.5,0,25850,25879.677261151824,25909.98619496535,432630
2025-10-28 05:25:00+00:00,25914.225,25867.099609375,25854.150390625,25857.80078125,0,25850,25873.95150743455,25904.05042059468,104026
2025-10-28 05:30:00+00:00,25893.6331171875,25865.05078125,25840.19921875,25861.650390625,0,25850,25863.28407787304,25896.28777036409,366412
2025-10-28 05:35:00+00:00,25904.5063828125,25855.25,25840.75,25842.44921875,0,25850,25859.78964566536,25890.851896724835,370274
2025-10-28 05:40:00+00:00,25904.0053828125,25858.349609375,25847.55078125,25853.25,0,25850,25857.29335752691,25886.03300729048,220830
2025-10-28 05:45:00+00:00,25913.7748828125,25867.94921875,25844.69921875,25852.25,0,25850,25858.87916543461,25883.03522903542,238338
2025-10-28 05:50:00+00:00,25923.2938828125,25876.19921875,25858.5,25862.0,0,25850,25863.103037373075,25881.599673062243,450962
2025-10-28 05:55:00+00:00,25931.959617187502,25892.69921875,25870.5,25870.5,0,25900,25868.80176449872,25881.42461627321,466686
2025-10-28 06:00:00+00:00,25924.245,25893.849609375,25872.5,25879.80078125,0,25850,25870.034509665813,25880.309039239062,373631
2025-10-28 06:05:00+00:00,25932.91269140625,25882.849609375,25869.75,25872.849609375,0,25900,25873.73980331888,25880.414208162303,142061
2025-10-28 06:10:00+00:00,25929.8068828125,25894.5,25877.099609375,25881.19921875,0,25900,25875.176795962587,25880.118779798264,365694
2025-10-28 06:15:00+00:00,25939.275,25891.55078125,25869.599609375,25877.5,0,25900,25879.28453064173,25881.04143232348,356635
2025-10-28 06:20:00+00:00,25928.8048828125,25899.400390625,25877.0,25887.69921875,0,25900,25878.539947511155,25880.54260093929,176201
2025-10-28 06:25:00+00:00,25900.34769140625,25880.19921875,25848.650390625,25877.150390625,0,25850,25868.57676188244,25876.55607465001,395995
2025-10-28 06:30:00+00:00,25896.84069140625,25855.30078125,25843.25,25848.75,0,25850,25860.76797146329,25872.630364146884,230979
2025-10-28 06:35:00+00:00,25887.77180859375,25849.80078125,25827.150390625,25845.25,0,25850,25852.54518410053,25868.0640198004,115798
2025-10-28 06:40:00+00:00,25895.33769140625,25850.349609375,25826.400390625,25836.0,0,25850,25849.58025294202,25865.012316153472,386355
2025-10-28 06:45:00+00:00,25903.4535,25855.150390625,25829.650390625,25843.94921875,0,25850,25850.30350196135,25863.354526634288,268649
2025-10-28 06:50:00+00:00,25920.08630859375,25869.75,25849.150390625,25852.19921875,0,25850,25856.31887109924,25863.97891197688,266806
2025-10-28 06:55:00+00:00,25914.9765,25875.55078125,25863.25,25868.05078125,0,25850,25858.62924739949,25863.887797979765,118217
2025-10-28 07:00:00+00:00,25925.6971171875,25876.19921875,25854.25,25862.599609375,0,25850,25863.73590451633,25865.14547557605,321987
2025-10-28 07:05:00+00:00,25951.4986171875,25905.599609375,25872.25,25872.80078125,0,25900,25875.723675927555,25869.46469347279,197573
2025-10-28 07:10:00+00:00,25980.858,25931.69921875,25898.55078125,25899.30078125,0,25950,25893.48245061837,25876.90660678869,372151
2025-10-28 07:15:00+00:00,25968.8848828125,25941.900390625,25912.55078125,25930.150390625,0,25900,25901.33856082892,25881.92462859636,467709
2025-10-28 07:20:00+00:00,25992.8311171875,25945.650390625,25911.94921875,25919.94921875,0,25950,25914.54211346928,25889.302702365563,260526
2025-10-28 07:25:00+00:00,25987.3201171875,25947.19921875,25923.650390625,25939.650390625,0,25950,25921.51114856285,25895.07101691362,172387
2025-10-28 07:30:00+00:00,25970.98869140625,25949.05078125,25919.150390625,25934.75,0,25900,25920.72422925024,25898.08093862754,394411
2025-10-28 07:35:00+00:00,25992.73130859375,25944.19921875,25910.69921875,25919.099609375,0,25950,25927.432689291825,25903.427022470973,208081
2025-10-28 07:40:00+00:00,25978.20230859375,25941.599609375,25924.05078125,25939.900390625,0,25950,25927.071662652885,25906.292345833976,259879
2025-10-28 07:45:00+00:00,25978.6543828125,25938.599609375,25902.25,25926.05078125,0,25950,25926.981368851924,25908.85590026098,336722
2025-10-28 07:50:00+00:00,25991.379,25939.900390625,25920.80078125,25927.19921875,0,25950,25931.154245901285,25912.68641272836,348037
2025-10-28 07:55:00+00:00,25994.9368828125,25956.0,25934.900390625,25939.849609375,0,25950,25935.11975768419,25916.481958793564,195493
2025-10-28 08:00:00+00:00,25991.02869140625,25953.849609375,25937.94921875,25940.0,0,25950,25936.4633019978,25919.315512772493,328940
2025-10-28 08:05:00+00:00,25982.71130859375,25939.75,25924.19921875,25938.80078125,0,25950,25934.59207112353,25920.757274847805,151420
2025-10-28 08:10:00+00:00,25931.35880859375,25930.650390625,25879.599609375,25930.150390625,0,25900,25916.26125054069,25915.612566663705,201278
2025-10-28 08:15:00+00:00,25933.764,25901.69921875,25869.5,25878.94921875,0,25900,25904.840833693797,25911.41099583074,481100
2025-10-28 08:20:00+00:00,25925.59730859375,25889.69921875,25867.25,25882.150390625,0,25850,25894.51042558753,25906.715822523773,210604
2025-10-28 08:25:00+00:00,25934.11430859375,25888.25,25858.75,25873.400390625,0,25900,25890.456820183357,25903.67004588017,352586
2025-10-28 08:30:00+00:00,25909.61619140625,25900.25,25857.80078125,25882.5,0,25850,25879.60467699724,25897.94883897328,429528
2025-10-28 08:35:00+00:00,25914.37569140625,25868.650390625,25845.44921875,25857.94921875,0,25850,25873.953248206497,25893.536532929746,364278
2025-10-28 08:40:00+00:00,25925.4466171875,25876.19921875,25841.55078125,25861.599609375,0,25850,25873.868571721,25891.05686865728,369089
2025-10-28 08:45:00+00:00,25904.2558828125,25876.94921875,25845.25,25872.650390625,0,25850,25866.762641564,25886.24360773137,258513
2025-10-28 08:50:00+00:00,25903.30280859375,25860.75,25842.349609375,25852.150390625,0,25850,25861.708297501005,25881.913107936824,294060
2025-10-28 08:55:00+00:00,25885.167,25854.599609375,25810.5,25850.94921875,0,25850,25852.30553166734,25875.86146944472,295958
2025-10-28 09:00:00+00:00,25882.6111171875,25834.05078125,25820.5,25832.94921875,0,25850,25845.186760694894,25870.24743810788,179188
2025-10-28 09:05:00+00:00,25884.81669140625,25846.80078125,25818.5,25830.0,0,25850,25841.174637338267,25865.61030717252,376521
2025-10-28 09:10:00+00:00,25878.4035,25846.75,25825.69921875,25832.80078125,0,25850,25836.366424892178,25860.752768775958,499431
2025-10-28 09:15:00+00:00,25869.3855,25856.0,25817.75,25825.05078125,0,25800,25830.16094992812,25855.37742267896,109122
2025-10-28 09:20:00+00:00,25885.9185,25848.75,25814.599609375,25817.75,0,25850,25831.523966618748,25852.73649484409,265371
2025-10-28 09:25:00+00:00,25902.30080859375,25868.650390625,25832.650390625,25833.599609375,0,25850,25837.882514204168,25852.469384160457,213847
2025-10-28 09:30:00+00:00,25971.99069140625,25921.150390625,25852.69921875,25852.69921875,0,25900,25865.30513967778,25860.92950996853,172607
2025-10-28 09:35:00+00:00,25970.68730859375,25940.849609375,25908.150390625,25917.05078125,0,25900,25883.153296243523,25868.16952239433,412999
2025-10-28 09:40:00+00:00,25994.886,25948.75,25912.05078125,25916.69921875,0,25950,25903.10219749568,25877.523332095043,170645
2025-10-28 09:45:00+00:00,26014.1236171875,25966.55078125,25941.75,25941.849609375,0,25950,25922.801204580457,25888.107817926917,333682
2025-10-28 09:50:00+00:00,26002.50080859375,25966.69921875,25944.900390625,25959.650390625,0,25950,25932.06733951197,25895.919291857925,234510
2025-10-28 09:55:00+00:00,26017.33119140625,25968.150390625,25940.55078125,25948.400390625,0,25950,25943.17835654965,25904.60442920381,194701
2025-10-29 03:45:00+00:00,26031.7095,26022.05078125,25968.349609375,25979.900390625,0,26000,25955.368904366434,25913.997625553333,235280
2025-10-29 03:50:00+00:00,26040.5278828125,25992.5,25968.400390625,25980.55078125,0,26000,25966.42952999429,25923.31677001541,494387
2025-10-29 03:55:00+00:00,26062.02,26016.849609375,25988.150390625,25990.30078125,0,26000,25980.9530199962,25934.15217376349,314559
2025-10-29 04:00:00+00:00,26048.34230859375,26024.80078125,25996.30078125,26010.75,0,26000,25986.0852164558,25941.92685321493,207189
2025-10-29 04:05:00+00:00,26017.1296171875,25996.900390625,25963.349609375,25996.900390625,0,25950,25979.12321722054,25944.83589890681,334373
2025-10-29 04:10:00+00:00,26024.2453828125,25975.25,25960.55078125,25965.69921875,0,25950,25976.849071897028,25948.269009199717,454265
2025-10-29 04:15:00+00:00,26020.08669140625,25995.5,25965.0,25970.55078125,0,25950,25973.94951147302,25950.754181877877,497197
2025-10-29 04:20:00+00:00,26040.1756171875,25988.75,25966.0,25968.150390625,0,26000,25978.699413898685,25955.434811486888,441902
2025-10-29 04:25:00+00:00,26035.6666171875,25995.599609375,25979.25,25988.400390625,0,26000,25980.366015515792,25958.967862394777,382385
2025-10-29 04:30:00+00:00,26047.5418828125,26004.94921875,25983.599609375,25983.599609375,0,26000,25985.427604093864,25963.54072725168,411827
2025-10-29 04:35:00+00:00,26050.64769140625,25999.19921875,25986.099609375,25996.0,0,26000,25989.835199604244,25967.929435173344,338027
2025-10-29 04:40:00+00:00,26049.6946171875,26016.25,25994.30078125,25997.80078125,0,26000,25992.456539319497,25971.650658120427,495803
2025-10-29 04:45:00+00:00,26039.9251171875,26003.94921875,25987.650390625,25998.19921875,0,26000,25990.954099129667,25973.687978199123,375052
2025-10-29 04:50:00+00:00,26064.024,26018.44921875,25988.75,25988.75,0,26000,25997.96939941978,25978.47698092423,206525
2025-10-29 04:55:00+00:00,26092.48119140625,26042.349609375,26011.44921875,26012.30078125,0,26050,26012.11306315486,25986.217407136828,379184
2025-10-29 05:00:00+00:00,26113.3725,26064.0,26038.349609375,26040.900390625,0,26050,26028.49204210324,25995.596481244724,145408
2025-10-29 05:05:00+00:00,26095.8375,26062.30078125,26043.30078125,26060.75,0,26050,26033.57802806883,26001.615671089134,298614
2025-10-29 05:10:00+00:00,26098.24269140625,26050.44921875,26040.75,26043.650390625,0,26050,26037.768815587555,26007.18251103112,175011
2025-10-29 05:15:00+00:00,26088.3733828125,26050.599609375,26034.75,26045.80078125,0,26050,26037.27947080837,26010.82229480848,240786
2025-10-29 05:20:00+00:00,26076.95019140625,26040.5,26022.0,26035.05078125,0,26000,26033.15311074725,26012.582056785544,270169
2025-10-29 05:25:00+00:00,26093.48319140625,26047.599609375,26022.55078125,26023.599609375,0,26050,26035.90220403984,26016.184348515475,204191
2025-10-29 05:30:00+00:00,26084.96619140625,26046.94921875,26031.599609375,26040.30078125,0,26050,26034.901599568228,26018.273853779167,270959
2025-10-29 05:35:00+00:00,26087.571,26038.099609375,26030.349609375,26032.69921875,0,26050,26035.101066378826,26020.42712205677,430568
2025-10-29 05:40:00+00:00,26074.4941171875,26045.349609375,26017.69921875,26035.69921875,0,26000,26030.88378383588,26020.679884143425,148305
2025-10-29 05:45:00+00:00,26066.9791171875,26028.80078125,26007.900390625,26022.30078125,0,26000,26025.572262140588,26019.963550969245,488889
2025-10-29 05:50:00+00:00,26087.6218828125,26039.650390625,26011.099609375,26014.849609375,0,26050,26028.89843517706,26021.911954754338,484520
2025-10-29 05:55:00+00:00,26092.7806171875,26049.0,26034.599609375,26035.5,0,26050,26032.832029701374,26024.2603627538,368905
2025-10-29 06:00:00+00:00,26089.2736171875,26043.94921875,26032.0,26040.349609375,0,26050,26034.287759384253,26025.877719753324,329694
2025-10-29 06:05:00+00:00,26093.583,26042.5,26028.5,26036.849609375,0,26050,26036.691839589505,26027.83050478416,236227
2025-10-29 06:10:00+00:00,26101.69880859375,26053.94921875,26035.25,26040.19921875,0,26050,26040.994429518003,26030.55164285801,292741
2025-10-29 06:15:00+00:00,26090.92730859375,26052.650390625,26036.30078125,26049.55078125,0,26050,26040.279489470337,26031.588888672635,143526
2025-10-29 06:20:00+00:00,26086.5181171875,26041.099609375,26033.099609375,26038.69921875,0,26050,26038.33606589689,26031.946429932304,238748
2025-10-29 06:25:00+00:00,26086.2676171875,26035.599609375,26024.44921875,26034.849609375,0,26050,26036.95711684793,26032.228028534515,385478
2025-10-29 06:30:00+00:00,26097.69080859375,26046.099609375,26025.55078125,26034.80078125,0,26050,26039.83794769029,26033.899476139577,445839
2025-10-29 06:35:00+00:00,26109.76569140625,26061.400390625,26043.349609375,26046.80078125,0,26050,26045.77542866853,26036.86834045025,192579
2025-10-29 06:40:00+00:00,26106.8595,26063.650390625,26052.75,26057.69921875,0,26050,26048.766952445687,26039.10354789397,117544
2025-10-29 06:45:00+00:00,26110.9183828125,26062.69921875,26053.150390625,26055.19921875,0,26050,26052.111562047125,26041.565702063475,257360
2025-10-29 06:50:00+00:00,26101.8495,26061.099609375,26049.55078125,26059.599609375,0,26050,26051.324374698084,26042.588739305545,310577
2025-10-29 06:55:00+00:00,26117.4313828125,26069.349609375,26048.94921875,26049.94921875,0,26050,26055.98317688206,26045.4277445486,453353
2025-10-29 07:00:00+00:00,26109.0631171875,26076.19921875,26056.0,26065.94921875,0,26050,26056.30519083804,26046.867928823776,330224
2025-10-29 07:05:00+00:00,26116.128,26067.55078125,26056.849609375,26056.849609375,0,26050,26058.870127225364,26049.009437720804,416800
2025-10-29 07:10:00+00:00,26125.146,26076.55078125,26061.650390625,26064.19921875,0,26050,26063.580084816916,26052.008258005702,221642
2025-10-29 07:15:00+00:00,26132.56119140625,26083.900390625,26072.099609375,26073.05078125,0,26100,26069.18685341961,26055.55727458312,377697
2025-10-29 07:20:00+00:00,26123.8426171875,26082.05078125,26068.599609375,26082.05078125,0,26050,26070.024308529744,26057.575017603976,118263
2025-10-29 07:25:00+00:00,26125.99730859375,26075.849609375,26067.94921875,26071.849609375,0,26050,26071.299408811497,26059.609341575357,124775
2025-10-29 07:30:00+00:00,26110.816617187502,26077.44921875,26058.5,26073.900390625,0,26050,26067.099345457667,26059.495576222183,455496
2025-10-29 07:35:00+00:00,26129.3536171875,26079.25,26056.94921875,26059.400390625,0,26100,26070.46596988845,26061.70853153816,244396
2025-10-29 07:40:00+00:00,26132.4105,26084.30078125,26073.05078125,26077.650390625,0,26100,26073.72731325897,26064.026215095888,345464
2025-10-29 07:45:00+00:00,26134.81569140625,26085.25,26076.599609375,26080.0,0,26100,26076.701672380983,26066.354237037027,139870
2025-10-29 07:50:00+00:00,26131.50830859375,26085.150390625,26072.94921875,26082.19921875,0,26100,26077.584318045658,26067.978658579275,447687
2025-10-29 07:55:00+00:00,26119.28469140625,26082.25,26066.150390625,26080.849609375,0,26050,26074.10634223877,26067.87512508499,369569
2025-10-29 08:00:00+00:00,26141.8786171875,26091.099609375,26064.30078125,26068.0,0,26100,26079.30396774252,26070.603136793117,106081
2025-10-29 08:05:00+00:00,26146.83969140625,26095.94921875,26083.55078125,26090.19921875,0,26100,26084.41944203668,26073.609043522098,367643
2025-10-29 08:10:00+00:00,26124.144,26097.849609375,26070.400390625,26095.400390625,0,26050,26080.27962802446,26073.407913081835,472873
2025-10-29 08:15:00+00:00,26122.0891171875,26080.25,26065.5,26072.650390625,0,26050,26076.836158266306,26072.975576290355,495595
2025-10-29 08:20:00+00:00,26128.50230859375,26076.599609375,26069.55078125,26069.55078125,0,26100,26076.67397530254,26073.39733042593,165975
2025-10-29 08:25:00+00:00,26112.52119140625,26079.0,26058.400390625,26076.75,0,26050,26071.24944707669,26071.772712950817,485078
2025-10-29 08:30:00+00:00,26098.092,26061.400390625,26041.19921875,26061.400390625,0,26050,26062.8329647178,26068.551123831963,189085
2025-10-29 08:35:00+00:00,26094.1348828125,26052.44921875,26038.900390625,26046.0,0,26050,26055.905570228537,26065.238581009216,353574
2025-10-29 08:40:00+00:00,26104.95530859375,26055.75,26042.94921875,26043.05078125,0,26050,26054.88691661069,26063.68995955494,145590
2025-10-29 08:45:00+00:00,26133.4633828125,26082.400390625,26051.849609375,26053.150390625,0,26100,26063.69153815713,26065.891312266824,256747
2025-10-29 08:50:00+00:00,26102.45030859375,26081.900390625,26047.30078125,26081.75,0,26050,26059.24422856309,26063.948599405347,338713
2025-10-29 08:55:00+00:00,26111.96930859375,26060.94921875,26048.900390625,26051.19921875,0,26050,26059.44602216706,26063.436225651552,422669
2025-10-29 09:00:00+00:00,26107.611,26065.80078125,26054.69921875,26060.650390625,0,26050,26058.13068144471,26062.444197445107,427828
2025-10-29 09:05:00+00:00,26111.619,26060.30078125,26047.69921875,26056.44921875,0,26050,26058.58712096314,26062.076172764468,454643
2025-10-29 09:10:00+00:00,26107.8615,26063.099609375,26048.5,26059.94921875,0,26050,26057.64141397543,26061.28540116891,409839
2025-10-29 09:15:00+00:00,26074.14380859375,26057.5,26021.599609375,26056.94921875,0,26000,26045.79414577529,26056.38717719467,362834
2025-10-29 09:20:00+00:00,26090.72769140625,26048.650390625,26015.30078125,26022.5,0,26050,26043.41289405853,26054.17007887346,328134
2025-10-29 09:25:00+00:00,26097.99219140625,26047.900390625,26035.099609375,26039.80078125,0,26050,26044.242059580687,26053.1363678424,179796
2025-10-29 09:30:00+00:00,26092.581,26046.94921875,26037.900390625,26046.94921875,0,26050,26042.99470638713,26051.5568218621,215302
2025-10-29 09:35:00+00:00,26091.3793828125,26046.900390625,26038.80078125,26041.25,0,26050,26041.763398008086,26050.02481678559,483879
2025-10-29 09:40:00+00:00,26095.6378828125,26045.5,26036.94921875,26039.05078125,0,26050,26042.35919242206,26049.21556234364,359929
2025-10-29 09:45:00+00:00,26106.4093828125,26055.44921875,26042.80078125,26044.80078125,0,26050,26046.33972203137,26049.85121470693,120453
2025-10-29 09:50:00+00:00,26118.0811171875,26070.69921875,26050.80078125,26054.900390625,0,26050,26052.876220937585,26051.86346521232,296035
2025-10-29 09:55:00+00:00,26120.4373828125,26075.5,26062.599609375,26067.650390625,0,26050,26058.017741041727,26053.91812971703,463887
2025-10-30 03:45:00+00:00,26037.12069140625,26028.30078125,25965.5,26006.400390625,0,26000,26033.728624236155,26045.322162330525,404372
2025-10-30 03:50:00+00:00,26035.86819140625,25991.80078125,25964.19921875,25982.05078125,0,26000,26017.11921303244,26037.64444086733,241973
2025-10-30 03:55:00+00:00,26030.6566171875,25993.19921875,25972.150390625,25983.25,0,26000,26004.312548271628,26030.27628810267,207590
2025-10-30 04:00:00+00:00,25985.3161171875,25978.849609375,25933.150390625,25978.849609375,0,25950,25980.691438431088,26018.172904433584,323142
2025-10-30 04:05:00+00:00,25992.28119140625,25951.44921875,25932.150390625,25933.30078125,0,25950,25967.26108916239,26008.45134020751,234905
2025-10-30 04:10:00+00:00,25973.3938828125,25941.349609375,25915.650390625,25939.599609375,0,25900,25952.02431985826,25997.58877033782,330913
2025-10-30 04:15:00+00:00,25981.86,25930.30078125,25911.05078125,25921.25,0,25950,25944.682879905507,25989.140174045595,128584
2025-10-30 04:20:00+00:00,25953.45369140625,25942.349609375,25900.25,25930.75,0,25900,25930.33871681201,25978.20395111802,176089
2025-10-30 04:25:00+00:00,25957.66130859375,25912.05078125,25892.75,25901.400390625,0,25900,25922.17568099968,25969.15965840014,436331
2025-10-30 04:30:00+00:00,25966.42880859375,25916.849609375,25900.400390625,25907.099609375,0,25900,25919.65032379145,25962.339652272,168879
2025-10-30 04:35:00+00:00,25998.1425,25948.5,25914.150390625,25914.150390625,0,25950,25928.51688252764,25960.328445738,257592
2025-10-30 04:40:00+00:00,26011.3681171875,25959.849609375,25936.55078125,25944.900390625,0,25950,25938.827661268428,25960.2185423645,220265
2025-10-30 04:45:00+00:00,25981.50969140625,25967.400390625,25928.400390625,25959.5,0,25950,25935.768571053955,25956.397523397063,174743
2025-10-30 04:50:00+00:00,26005.6066171875,25959.400390625,25928.349609375,25929.599609375,0,25950,25941.745453619304,25956.06023531618,348562
2025-10-30 04:55:00+00:00,25989.9268828125,25955.0,25938.05078125,25953.599609375,0,25950,25940.51389616287,25953.80905355791,314409
2025-10-30 05:00:00+00:00,25972.5406171875,25942.0,25920.25,25938.5,0,25900,25933.909003691915,25949.67032420692,135121
2025-10-30 05:05:00+00:00,25982.01069140625,25938.25,25920.150390625,25920.80078125,0,25950,25932.65613266961,25947.230332509174,126119
2025-10-30 05:10:00+00:00,25969.6363828125,25931.400390625,25912.30078125,25930.75,0,25900,25927.704348863077,25943.55163860178,420743
2025-10-30 05:15:00+00:00,25971.339,25926.69921875,25913.349609375,25918.19921875,0,25900,25924.96956590872,25940.54518377656,394576
2025-10-30 05:20:00+00:00,25971.93980859375,25931.349609375,25917.650390625,25919.099609375,0,25900,25923.346247064143,25937.989486976363,466375
2025-10-30 05:25:00+00:00,25968.18230859375,25932.19921875,25914.75,25919.75,0,25900,25921.0140345011,25935.284502276198,182554
2025-10-30 05:30:00+00:00,25982.6115,25931.400390625,25911.94921875,25916.55078125,0,25950,25924.259356334067,25934.71768949167,418048
2025-10-30 05:35:00+00:00,25992.1813828125,25946.349609375,25928.599609375,25930.650390625,0,25950,25929.606497972716,25935.415575961462,259496
2025-10-30 05:40:00+00:00,26008.01180859375,25957.400390625,25937.75,25940.349609375,0,25950,25938.43753510681,25938.001080138158,454064
2025-10-30 05:45:00+00:00,26006.9608828125,25962.900390625,25947.25,25956.30078125,0,25950,25943.97528382121,25940.132292777136,410676
2025-10-30 05:50:00+00:00,26022.6915,25975.0,25950.099609375,25954.650390625,0,25950,25952.900189214142,25943.95950618,390447
2025-10-30 05:55:00+00:00,26006.55969140625,25973.099609375,25954.25,25970.900390625,0,25950,25953.48358968443,25945.29586673562,285598
2025-10-30 06:00:00+00:00,25994.3341171875,25957.5,25940.5,25954.30078125,0,25950,25949.805466039623,25944.940035737414,429653
2025-10-30 06:05:00+00:00,25988.1225,25942.5,25931.44921875,25942.099609375,0,25950,25945.28697735975,25943.85378127024,422155
2025-10-30 06:10:00+00:00,25983.6643828125,25938.400390625,25930.69921875,25936.80078125,0,25950,25940.791578656503,25942.34715626771,169367
2025-10-30 06:15:00+00:00,25987.47080859375,25937.69921875,25928.599609375,25931.75,0,25950,25939.06092222933,25941.503712906124,489448
2025-10-30 06:20:00+00:00,25961.16830859375,25940.400390625,25908.349609375,25935.30078125,0,25900,25929.15715127789,25937.484449964733,201984
2025-10-30 06:25:00+00:00,25958.71419140625,25912.349609375,25902.25,25909.69921875,0,25900,25921.738231060262,25933.661442547265,235468
2025-10-30 06:30:00+00:00,25966.730191406252,25918.69921875,25904.400390625,25907.05078125,0,25900,25919.458950915177,25931.31631105698,193066
2025-10-30 06:35:00+00:00,25962.67130859375,25923.94921875,25906.05078125,25915.400390625,0,25900,25916.589170401785,25928.75797334673,441102
2025-10-30 06:40:00+00:00,25964.0745,25917.55078125,25909.55078125,25909.849609375,0,25900,25915.14278026786,25926.69447667839,228358
2025-10-30 06:45:00+00:00,25951.39880859375,25917.900390625,25898.900390625,25911.849609375,0,25900,25909.96172330357,25923.307618265462,308241
2025-10-30 06:50:00+00:00,25972.842,25922.0,25896.900390625,25899.80078125,0,25900,25913.64114886905,25923.01916598228,432398
2025-10-30 06:55:00+00:00,25971.7891171875,25927.30078125,25917.19921875,25921.30078125,0,25900,25915.743838829367,25922.635422578245,218541
2025-10-30 07:00:00+00:00,25963.22319140625,25921.25,25902.349609375,25919.69921875,0,25900,25914.29602276125,25921.23104358409,413473
2025-10-30 07:05:00+00:00,25972.0396171875,25926.44921875,25909.0,25911.44921875,0,25900,25916.263754757503,25921.102065479827,185178
2025-10-30 07:10:00+00:00,25972.2901171875,25924.80078125,25912.30078125,25921.19921875,0,25900,25917.65890942167,25921.0204596386,333258
2025-10-30 07:15:00+00:00,25972.341,25927.599609375,25918.19921875,25919.55078125,0,25900,25918.60593961445,25920.955402183776,281416
2025-10-30 07:20:00+00:00,25968.48369140625,25922.75,25915.19921875,25920.69921875,0,25900,25917.9540899513,25920.417275738928,136949
2025-10-30 07:25:00+00:00,25958.313,25918.44921875,25905.80078125,25916.849609375,0,25900,25914.13605996753,25918.67761627156,474563
2025-10-30 07:30:00+00:00,25962.571500000002,25912.05078125,25901.5,25907.25,0,25900,25913.00737331169,25917.68666423761,297306
2025-10-30 07:35:00+00:00,25961.82,25923.44921875,25903.30078125,25911.05078125,0,25900,25912.004915541133,25916.725831207918,120066
2025-10-30 07:40:00+00:00,25974.8968828125,25925.150390625,25909.75,25911.5,0,25900,25915.686870777423,25917.516449963176,291841
2025-10-30 07:45:00+00:00,25977.6523828125,25932.150390625,25914.55078125,25924.0,0,25950,25919.058174268284,25918.551991374028,491492
2025-10-30 07:50:00+00:00,25957.16030859375,25932.349609375,25902.099609375,25926.0,0,25900,25914.488652637192,25916.90169362415,161344
2025-10-30 07:55:00+00:00,25948.69419140625,25912.150390625,25893.650390625,25906.19921875,0,25900,25908.62589863313,25914.401530749252,125452
2025-10-30 08:00:00+00:00,25929.35480859375,25901.19921875,25872.150390625,25896.30078125,0,25900,25898.283802213755,25909.801290577478,398125
2025-10-30 08:05:00+00:00,25932.91269140625,25887.900390625,25867.150390625,25878.19921875,0,25900,25892.572665017506,25906.21992808341,212959
2025-10-30 08:10:00+00:00,25932.5623828125,25885.30078125,25874.25,25881.849609375,0,25900,25888.64870376167,25903.04253472924,448674
2025-10-30 08:15:00+00:00,25918.08230859375,25883.19921875,25864.44921875,25881.25,0,25850,25881.215672299448,25898.45591905996,104030
2025-10-30 08:20:00+00:00,25934.2141171875,25885.55078125,25865.650390625,25866.44921875,0,25900,25881.626854449634,25896.455081521213,321383
2025-10-30 08:25:00+00:00,25940.778,25893.650390625,25865.150390625,25882.69921875,0,25900,25884.08456963309,25895.52319633106,409189
2025-10-30 08:30:00+00:00,25930.10630859375,25892.400390625,25870.80078125,25889.69921875,0,25900,25882.17291621373,25893.376497961555,152394
2025-10-30 08:35:00+00:00,25926.4995,25882.25,25872.599609375,25878.69921875,0,25850,25879.69861080916,25891.04818571636,144912
2025-10-30 08:40:00+00:00,25941.12830859375,25889.80078125,25874.5,25875.5,0,25900,25882.915610331107,25890.83586367369,341389
2025-10-30 08:45:00+00:00,25934.7151171875,25890.30078125,25872.650390625,25887.75,0,25900,25882.926813137405,25889.850033058232,486769
2025-10-30 08:50:00+00:00,25953.1033828125,25917.80078125,25882.44921875,25884.0,0,25900,25889.051469174938,25891.281376582203,291839
2025-10-30 08:55:00+00:00,25947.64130859375,25904.75,25893.099609375,25902.0,0,25900,25891.317515908297,25891.852405681304,114861
2025-10-30 09:00:00+00:00,25928.90469140625,25909.900390625,25872.05078125,25896.849609375,0,25900,25886.595140813868,25890.014653799262,175705
2025-10-30 09:05:00+00:00,25937.9716171875,25900.349609375,25875.80078125,25876.55078125,0,25900,25886.46316679258,25889.537724418107,194501
2025-10-30 09:10:00+00:00,25956.40880859375,25909.69921875,25884.650390625,25885.55078125,0,25900,25892.508647653387,25891.42046003772,276139
2025-10-30 09:15:00+00:00,25932.91269140625,25911.75,25875.900390625,25904.80078125,0,25900,25888.722561977254,25890.13670136113,414818
2025-10-30 09:20:00+00:00,25912.722,25881.900390625,25860.94921875,25881.44921875,0,25850,25879.48170798484,25886.49461369099,275926
2025-10-30 09:25:00+00:00,25914.0253828125,25868.94921875,25845.55078125,25862.05078125,0,25850,25873.75473240656,25883.470384635864,377039
2025-10-30 09:30:00+00:00,25915.2778828125,25888.849609375,25862.55078125,25863.099609375,0,25850,25870.353415354377,25880.98043421263,239607
2025-10-30 09:35:00+00:00,25917.7828828125,25877.19921875,25862.400390625,25865.099609375,0,25850,25868.919203986254,25879.1142275923,140987
2025-10-30 09:40:00+00:00,25925.4975,25881.5,25861.900390625,25867.19921875,0,25850,25870.52946932417,25878.443699143263,288602
2025-10-30 09:45:00+00:00,25937.12030859375,25888.099609375,25873.80078125,25874.599609375,0,25900,25875.469516007783,25879.30693792223,442443
2025-10-30 09:50:00+00:00,25935.36680859375,25889.650390625,25879.94921875,25887.69921875,0,25900,25878.17954713019,25879.843521853825,217389
2025-10-30 09:55:00+00:00,25942.9816171875,25893.94921875,25882.0,25882.400390625,0,25900,25882.51943767013,25881.262983965848,134990
2025-10-31 03:45:00+00:00,25913.9745,25875.900390625,25822.19921875,25863.80078125,0,25850,25875.762958446758,25878.886360970115,357066
2025-10-31 03:50:00+00:00,25946.0893828125,25895.05078125,25840.5,25862.849609375,0,25900,25881.942232714504,25880.8131635051,203065
2025-10-31 03:55:00+00:00,25966.2781171875,25927.150390625,25891.75,25894.05078125,0,25900,25892.777894726336,25885.01767041071,448955
2025-10-31 04:00:00+00:00,25999.4458828125,25948.400390625,25913.80078125,25914.900390625,0,25950,25911.03552356756,25892.83430926562,222998
2025-10-31 04:05:00+00:00,25993.28319140625,25953.69921875,25940.150390625,25947.30078125,0,25950,25921.15714592004,25898.905069435543,122577
2025-10-31 04:10:00+00:00,25977.45080859375,25950.150390625,25921.44921875,25941.099609375,0,25950,25922.637967071696,25902.24188692797,176382
2025-10-31 04:15:00+00:00,25978.3021171875,25937.599609375,25916.30078125,25926.650390625,0,25950,25923.9083842978,25905.267803405728,473485
2025-10-31 04:20:00+00:00,25975.748191406252,25929.30078125,25910.19921875,25926.650390625,0,25900,25923.9057197402,25907.596876808137,368808
2025-10-31 04:25:00+00:00,25977.8011171875,25935.05078125,25918.94921875,25923.400390625,0,25950,25924.5868860768,25909.890919550868,279409
2025-10-31 04:30:00+00:00,25942.3318828125,25929.55078125,25887.75,25924.55078125,0,25900,25913.241517801205,25907.47340226326,335489
2025-10-31 04:35:00+00:00,25925.39769140625,25892.150390625,25866.400390625,25889.5,0,25850,25900.044475409137,25903.24552580848,417958
2025-10-31 04:40:00+00:00,25930.60730859375,25880.94921875,25865.099609375,25873.94921875,0,25900,25892.979520064426,25900.19603625429,306556
2025-10-31 04:45:00+00:00,25911.0193828125,25879.0,25847.900390625,25879.0,0,25850,25881.75327379295,25895.08412937876,369839
2025-10-31 04:50:00+00:00,25883.06319140625,25859.75,25827.0,25859.75,0,25850,25864.968979403635,25887.123662034537,142779
2025-10-31 04:55:00+00:00,25887.672,25839.849609375,25823.150390625,25831.19921875,0,25850,25855.31265293576,25880.73320428022,486398
2025-10-31 05:00:00+00:00,25861.8705,25837.05078125,25801.30078125,25836.55078125,0,25800,25840.291768623843,25871.92280374519,346369
2025-10-31 05:05:00+00:00,25848.99519140625,25810.599609375,25788.849609375,25810.599609375,0,25800,25825.99464262423,25862.60750210517,492745
2025-10-31 05:10:00+00:00,25869.73580859375,25819.599609375,25791.849609375,25797.400390625,0,25800,25823.36296487449,25857.044015513893,112781
2025-10-31 05:15:00+00:00,25877.05119140625,25830.69921875,25817.19921875,25818.75,0,25850,25824.04210679133,25853.08856240278,233801
2025-10-31 05:20:00+00:00,25858.113,25825.599609375,25805.55078125,25825.599609375,0,25800,25818.19473786089,25847.26499210243,332181
2025-10-31 05:25:00+00:00,25852.75269140625,25808.80078125,25797.849609375,25805.400390625,0,25800,25812.513288782266,25841.500666917756,481188
2025-10-31 05:30:00+00:00,25829.8065,25802.25,25768.5,25801.150390625,0,25800,25801.09219252151,25833.594333553032,375809
2025-10-31 05:35:00+00:00,25832.96319140625,25786.150390625,25775.400390625,25777.75,0,25800,25794.52825855601,25827.070090687022,151159
2025-10-31 05:40:00+00:00,25828.3035,25786.0,25763.349609375,25781.55078125,0,25800,25788.60217237068,25820.78007935115,347980
2025-10-31 05:45:00+00:00,25839.72669140625,25788.150390625,25769.55078125,25777.19921875,0,25800,25788.451578455453,25816.70136826038,140545
2025-10-31 05:50:00+00:00,25843.5331171875,25794.05078125,25779.75,25787.44921875,0,25800,25789.61745855364,25813.607349571583,185723
2025-10-31 05:55:00+00:00,25829.3055,25793.25,25774.55078125,25791.900390625,0,25800,25785.66163903576,25809.125180875133,490298
2025-10-31 06:00:00+00:00,25847.8425,25797.44921875,25773.69921875,25777.69921875,0,25800,25789.191092690508,25807.515783265742,268899
2025-10-31 06:05:00+00:00,25844.93630859375,25801.25,25792.19921875,25795.75,0,25800,25790.577264918677,25805.7450115294,417501
2025-10-31 06:10:00+00:00,25858.113,25809.55078125,25787.19921875,25793.5,0,25800,25795.88484327912,25805.839385088224,253582
2025-10-31 06:15:00+00:00,25846.1398828125,25808.19921875,25794.099609375,25806.25,0,25800,25795.44015593608,25804.428309608447,145549
2025-10-31 06:20:00+00:00,25869.8356171875,25818.19921875,25791.349609375,25794.94921875,0,25800,25803.02651020739,25806.14967325114,190324
2025-10-31 06:25:00+00:00,25870.638,25819.44921875,25809.5,25817.900390625,0,25800,25808.35100680493,25807.755964094747,190240
2025-10-31 06:30:00+00:00,25877.2018828125,25828.349609375,25817.349609375,25819.80078125,0,25850,25814.08426495329,25809.980316239154,312416
2025-10-31 06:35:00+00:00,25873.29369140625,25826.349609375,25814.80078125,25825.849609375,0,25800,25816.60630684386,25811.439075537382,398840
2025-10-31 06:40:00+00:00,25849.44530859375,25834.75,25796.599609375,25822.25,0,25800,25810.354074354243,25809.74039226709,210385
2025-10-31 06:45:00+00:00,25861.97030859375,25811.69921875,25796.849609375,25798.150390625,0,25800,25810.35258602783,25809.816544405578,361778
2025-10-31 06:50:00+00:00,25842.6328828125,25811.400390625,25788.69921875,25810.599609375,0,25800,25803.91865110189,25807.47082401113,385926
2025-10-31 06:55:00+00:00,25838.073,25792.599609375,25781.75,25790.849609375,0,25800,25798.112434067927,25804.849471009737,108560
2025-10-31 07:00:00+00:00,25843.23369140625,25792.099609375,25779.900390625,25787.150390625,0,25800,25795.958419586957,25803.199585961644,260753
2025-10-31 07:05:00+00:00,25849.94630859375,25798.44921875,25784.75,25792.19921875,0,25800,25796.75548284964,25802.593338888317,438832
2025-10-31 07:10:00+00:00,25841.3803828125,25807.94921875,25788.0,25799.0,0,25800,25794.437248983093,25800.994269183524,341632
2025-10-31 07:15:00+00:00,25842.582,25795.30078125,25784.55078125,25791.44921875,0,25800,25793.291499322066,25799.744985535584,176126
2025-10-31 07:20:00+00:00,25843.7836171875,25798.75,25785.599609375,25791.05078125,0,25800,25792.927405798044,25798.801764687385,499439
2025-10-31 07:25:00+00:00,25845.48819140625,25806.099609375,25790.650390625,25791.55078125,0,25800,25793.2517340737,25798.189092929588,205693
2025-10-31 07:30:00+00:00,25862.1718828125,25811.25,25790.25,25794.849609375,0,25800,25799.01808313247,25799.73430396964,398826
2025-10-31 07:35:00+00:00,25863.8236171875,25816.400390625,25806.0,25811.650390625,0,25800,25803.41179500498,25801.292418317185,371195
2025-10-31 07:40:00+00:00,25851.75069140625,25813.05078125,25798.849609375,25813.05078125,0,25800,25802.324660211656,25801.149664855664,251117
2025-10-31 07:45:00+00:00,25858.96430859375,25809.849609375,25796.849609375,25800.650390625,0,25800,25803.999643266103,25801.92465792058,446469
2025-10-31 07:50:00+00:00,25843.48419140625,25809.599609375,25791.0,25808.349609375,0,25800,25799.96655905241,25800.67162450863,326023
2025-10-31 07:55:00+00:00,25829.004117187502,25792.349609375,25773.599609375,25792.150390625,0,25800,25792.46077895161,25797.768823788803,244038
2025-10-31 08:00:00+00:00,25832.96319140625,25784.19921875,25771.0,25777.69921875,0,25800,25788.77398284274,25795.72276964333,255681
2025-10-31 08:05:00+00:00,25812.7216171875,25782.94921875,25759.150390625,25781.75,0,25750,25779.58239481183,25791.407325781664,267434
2025-10-31 08:10:00+00:00,25816.2286171875,25771.75,25759.80078125,25762.599609375,0,25750,25774.621336124557,25788.068812402707,297950
2025-10-31 08:15:00+00:00,25812.2715,25770.150390625,25754.150390625,25765.349609375,0,25750,25769.99755741637,25784.653960852367,462551
2025-10-31 08:20:00+00:00,25820.63780859375,25769.900390625,25758.80078125,25761.349609375,0,25750,25769.698241402584,25782.709666917697,392204
2025-10-31 08:25:00+00:00,25826.3503828125,25782.150390625,25766.849609375,25769.25,0,25750,25771.399088018392,25781.72105620924,277348
2025-10-31 08:30:00+00:00,25832.3623828125,25790.099609375,25763.650390625,25775.349609375,0,25800,25774.532985762264,25781.60602183933,170729
2025-10-31 08:35:00+00:00,25825.94919140625,25782.5,25763.650390625,25782.44921875,0,25750,25774.48878738318,25780.70531793754,105856
2025-10-31 08:40:00+00:00,25828.1038828125,25779.5,25767.44921875,25774.80078125,0,25800,25775.176118672123,25780.1860008516,389269
2025-10-31 08:45:00+00:00,25814.92719140625,25777.400390625,25743.0,25777.400390625,0,25750,25771.25087598975,25778.087799573277,421262
2025-10-31 08:50:00+00:00,25811.67069140625,25764.80078125,25752.650390625,25764.44921875,0,25750,25767.5507142015,25775.84562345474,401505
2025-10-31 08:55:00+00:00,25834.566,25785.0,25757.900390625,25760.55078125,0,25800,25772.70047613433,25776.739920522898,313345
2025-10-31 09:00:00+00:00,25831.65980859375,25786.400390625,25774.19921875,25782.099609375,0,25800,25775.166853881223,25777.15988162941,279646
2025-10-31 09:05:00+00:00,25825.2466171875,25781.80078125,25759.349609375,25781.80078125,0,25750,25774.67764217082,25776.727298769485,231216
2025-10-31 09:10:00+00:00,25825.44819140625,25780.75,25768.94921875,25774.0,0,25750,25774.418558322213,25776.373935251424,262953
2025-10-31 09:15:00+00:00,25818.4831171875,25774.25,25763.55078125,25774.25,0,25750,25771.92877846481,25775.195845688744,131439
2025-10-31 09:20:00+00:00,25793.985,25770.900390625,25740.80078125,25768.349609375,0,25750,25762.11918564321,25771.10886497765,435599
2025-10-31 09:25:00+00:00,25804.8073828125,25759.150390625,25742.400390625,25742.400390625,0,25750,25759.179717512143,25768.88285451169,394561
2025-10-31 09:30:00+00:00,25774.84719140625,25754.80078125,25722.05078125,25754.80078125,0,25700,25747.25327521643,25763.19754652585,383159
2025-10-31 09:35:00+00:00,25769.53580859375,25727.5,25716.80078125,25724.44921875,0,25700,25737.53538660262,25757.560304382,319053
2025-10-31 09:40:00+00:00,25766.9818828125,25723.099609375,25713.0,25718.55078125,0,25700,25730.207184818413,25752.309113990497,233833
2025-10-31 09:45:00+00:00,25765.07769140625,25728.400390625,25711.400390625,25715.75,0,25700,25724.68825342061,25747.47677356981,123120
2025-10-31 09:50:00+00:00,25780.0078828125,25730.75,25712.400390625,25713.349609375,0,25750,25725.97576269708,25745.111024529837,173537
2025-10-31 09:55:00+00:00,25783.36419140625,25736.25,25722.25,25728.349609375,0,25750,25727.950638673054,25743.459695291727,454709
2025-11-03 03:45:00+00:00,25739.225308593752,25737.44921875,25659.19921875,25694.099609375,0,25700,25714.58362890704,25736.50843455213,251199
2025-11-03 03:50:00+00:00,25726.4008828125,25706.5,25664.599609375,25687.44921875,0,25700,25701.40601302136,25728.826227889367,392058
2025-11-03 03:55:00+00:00,25729.95680859375,25686.099609375,25665.44921875,25675.30078125,0,25700,25693.803878472576,25722.54790057507,255625
2025-11-03 04:00:00+00:00,25718.2831171875,25677.69921875,25645.94921875,25677.69921875,0,25650,25684.85232523172,25715.598065346938,140664
2025-11-03 04:05:00+00:00,25761.1186171875,25709.69921875,25662.150390625,25667.69921875,0,25700,25693.134623071142,25714.86070952232,483282
2025-11-03 04:10:00+00:00,25774.696500000002,25739.0,25709.30078125,25709.30078125,0,25700,25703.173082047437,25715.90937083203,176045
2025-11-03 04:15:00+00:00,25802.9521171875,25753.099609375,25721.900390625,25722.5,0,25750,25719.26512761496,25720.35185182177,400203
2025-11-03 04:20:00+00:00,25795.08680859375,25756.19921875,25738.900390625,25751.44921875,0,25750,25727.37662153497,25723.25782151593,294035
2025-11-03 04:25:00+00:00,25811.42019140625,25761.5,25740.599609375,25741.900390625,0,25750,25738.21787789832,25727.838142654564,290723
2025-11-03 04:30:00+00:00,25775.6476171875,25761.30078125,25719.30078125,25759.44921875,0,25700,25733.544991515548,25727.383277166493,316892
2025-11-03 04:35:00+00:00,25764.2263828125,25730.05078125,25708.25,25724.0,0,25700,25726.630254760366,25725.56046517693,405229
2025-11-03 04:40:00+00:00,25763.77430859375,25724.599609375,25710.650390625,25713.19921875,0,25700,25721.870039631915,25723.90910820169,173576
2025-11-03 04:45:00+00:00,25765.4788828125,25729.099609375,25695.349609375,25711.849609375,0,25700,25719.26362017128,25722.67681733273,397006
2025-11-03 04:50:00+00:00,25775.04680859375,25727.400390625,25707.900390625,25715.19921875,0,25700,25720.708949905857,25722.79216633801,288493
2025-11-03 04:55:00+00:00,25780.7593828125,25730.349609375,25712.150390625,25724.05078125,0,25750,25723.57289368724,25723.60574320201,397485
2025-11-03 05:00:00+00:00,25782.0118828125,25735.05078125,25718.400390625,25727.5,0,25750,25725.898856208165,25724.47387295801,181676
2025-11-03 05:05:00+00:00,25810.36730859375,25762.19921875,25729.0,25730.0,0,25750,25736.882440597117,25728.770840010133,453597
2025-11-03 05:10:00+00:00,25822.5928828125,25771.55078125,25751.349609375,25758.849609375,0,25750,25748.27188748141,25734.055832665115,435326
2025-11-03 05:15:00+00:00,25803.90519140625,25773.30078125,25751.44921875,25772.150390625,0,25750,25749.64805519594,25736.3489024101,298655
2025-11-03 05:20:00+00:00,25795.83830859375,25753.55078125,25740.150390625,25753.55078125,0,25750,25747.88190658896,25737.348990780712,304214
2025-11-03 05:25:00+00:00,25800.7485,25750.099609375,25736.69921875,25744.099609375,0,25750,25748.337937725977,25738.836616933124,292775
2025-11-03 05:30:00+00:00,25803.3043828125,25758.5,25746.5,25749.349609375,0,25750,25749.49221890065,25740.45713747273,225057
2025-11-03 05:35:00+00:00,25809.8173828125,25759.69921875,25750.400390625,25752.19921875,0,25750,25752.42840635044,25742.68759294489,157792
2025-11-03 05:40:00+00:00,25805.40819140625,25761.75,25753.25,25758.349609375,0,25750,25752.91906777529,25744.08919265491,236354
2025-11-03 05:45:00+00:00,25808.9641171875,25758.349609375,25748.25,25753.94921875,0,25750,25754.4291181002,25745.759195916795,244861
2025-11-03 05:50:00+00:00,25809.8173828125,25760.900390625,25749.69921875,25757.099609375,0,25750,25755.719672483465,25747.32689408345,419148
2025-11-03 05:55:00+00:00,25805.3083828125,25758.900390625,25743.099609375,25758.80078125,0,25750,25755.08004207231,25748.136129979262,356838
2025-11-03 06:00:00+00:00,25803.9541171875,25758.0,25750.0,25753.30078125,0,25750,25754.203100964874,25748.675266075606,324106
2025-11-03 06:05:00+00:00,25787.6716171875,25752.349609375,25734.80078125,25752.349609375,0,25750,25748.20180689325,25747.115760159904,475994
2025-11-03 06:10:00+00:00,25777.55180859375,25736.75,25723.849609375,25736.5,0,25750,25740.834407720504,25744.48874131179,285454
2025-11-03 06:15:00+00:00,25778.5048828125,25729.849609375,25714.19921875,25725.69921875,0,25750,25736.23986556367,25742.308996304066,249910
2025-11-03 06:20:00+00:00,25774.09569140625,25734.5,25707.849609375,25727.44921875,0,25700,25731.71004058412,25739.851670594184,242339
2025-11-03 06:25:00+00:00,25776.35019140625,25737.400390625,25722.0,25722.599609375,0,25700,25729.440157264413,25737.982760598035,481808
2025-11-03 06:30:00+00:00,25773.1935,25726.400390625,25715.75,25724.650390625,0,25700,25726.87677150961,25735.95366552328,413791
2025-11-03 06:35:00+00:00,25763.2243828125,25726.0,25708.400390625,25721.80078125,0,25700,25721.851441423078,25732.93455498912,400571
2025-11-03 06:40:00+00:00,25754.1046171875,25714.0,25700.599609375,25711.099609375,0,25700,25715.46736719872,25729.15513795923,143424
2025-11-03 06:45:00+00:00,25769.83719140625,25718.900390625,25699.80078125,25703.099609375,0,25700,25716.445041674146,25727.810794542453,345663
2025-11-03 06:50:00+00:00,25771.03880859375,25733.80078125,25716.400390625,25718.55078125,0,25700,25717.496564241097,25726.78439639652,119167
2025-11-03 06:55:00+00:00,25764.77630859375,25721.69921875,25709.150390625,25719.400390625,0,25700,25716.1142459524,25725.10504801883,431262
2025-11-03 07:00:00+00:00,25764.52580859375,25714.349609375,25697.0,25713.900390625,0,25700,25715.109367093268,25723.604368188357,471434
2025-11-03 07:05:00+00:00,25769.3851171875,25720.150390625,25703.80078125,25713.0,0,25700,25716.05598431218,25722.89747450856,194336
2025-11-03 07:10:00+00:00,25784.6656171875,25737.099609375,25718.349609375,25718.349609375,0,25750,25721.770395791456,25724.18519253874,163312
2025-11-03 07:15:00+00:00,25793.7345,25744.150390625,25727.900390625,25732.5,0,25750,25728.59693052764,25726.443293471395,245866
2025-11-03 07:20:00+00:00,25788.975,25742.349609375,25729.900390625,25741.80078125,0,25750,25731.56462035176,25727.825381787472,403338
2025-11-03 07:25:00+00:00,25806.5608828125,25755.94921875,25734.80078125,25737.25,0,25750,25739.39334065117,25731.22855672029,169107
2025-11-03 07:30:00+00:00,25795.2375,25759.80078125,25743.5,25754.349609375,0,25750,25740.84556043412,25732.79373713025,464225
2025-11-03 07:35:00+00:00,25808.0638828125,25757.05078125,25737.55078125,25743.400390625,0,25750,25746.08063403941,25735.763367645224,143017
2025-11-03 07:40:00+00:00,25803.60380859375,25758.150390625,25748.69921875,25756.69921875,0,25750,25748.08695915128,25737.805397861448,458996
2025-11-03 07:45:00+00:00,25811.11880859375,25764.69921875,25749.650390625,25752.0,0,25750,25751.924509225853,25740.52967430064,158100
2025-11-03 07:50:00+00:00,25804.9561171875,25763.599609375,25751.349609375,25759.69921875,0,25750,25752.432745733902,25742.14461735681,305168
2025-11-03 07:55:00+00:00,25805.8093828125,25754.44921875,25738.19921875,25753.44921875,0,25750,25753.055424239268,25743.664137843454,152622
2025-11-03 08:00:00+00:00,25810.11680859375,25763.099609375,25749.25,25754.05078125,0,25750,25754.90348595118,25745.5310717849,268830
2025-11-03 08:05:00+00:00,25804.60580859375,25763.05078125,25751.05078125,25758.650390625,0,25750,25754.30219375912,25746.47713898366,246283
2025-11-03 08:10:00+00:00,25807.0618828125,25770.80078125,25751.650390625,25752.30078125,0,25750,25754.718389589416,25747.611344266952,487244
2025-11-03 08:15:00+00:00,25787.1706171875,25757.849609375,25732.150390625,25755.19921875,0,25750,25748.37866597628,25746.12232857733,274756
2025-11-03 08:20:00+00:00,25792.482,25744.94921875,25726.94921875,25736.400390625,0,25750,25745.91911065085,25745.482037505168,429474
2025-11-03 08:25:00+00:00,25816.7805,25765.599609375,25741.599609375,25741.599609375,0,25750,25752.362740433902,25747.953032817026,495816
2025-11-03 08:30:00+00:00,25819.3363828125,25780.349609375,25764.44921875,25765.150390625,0,25750,25757.50875403927,25750.434001371144,478078
2025-11-03 08:35:00+00:00,25807.66269140625,25769.349609375,25751.0,25767.599609375,0,25750,25757.05596623452,25751.14855002788,170536
2025-11-03 08:40:00+00:00,25822.3423828125,25772.349609375,25754.55078125,25755.599609375,0,25750,25761.63757123968,25753.605078930643,497732
2025-11-03 08:45:00+00:00,25838.2726171875,25797.849609375,25770.25,25771.099609375,0,25800,25769.99145374312,25757.741846408066,219177
2025-11-03 08:50:00+00:00,25848.5431171875,25802.5,25785.0,25786.349609375,0,25800,25778.977375412083,25762.642767950805,307053
2025-11-03 08:55:00+00:00,25835.21769140625,25797.400390625,25782.349609375,25796.349609375,0,25800,25780.53504714972,25765.26872078508,196232
2025-11-03 09:00:00+00:00,25826.049,25788.80078125,25773.75,25783.19921875,0,25750,25778.523364766483,25766.422630686942,127719
2025-11-03 09:05:00+00:00,25829.70669140625,25779.30078125,25771.25,25774.650390625,0,25800,25778.399040052656,25767.8886006792,164806
2025-11-03 09:10:00+00:00,25828.45419140625,25781.099609375,25770.25,25777.44921875,0,25800,25777.89949024344,25769.015074422427,141549
2025-11-03 09:15:00+00:00,25797.7425,25777.150390625,25744.650390625,25777.150390625,0,25750,25767.349660162294,25766.169440119626,495616
2025-11-03 09:20:00+00:00,25809.86630859375,25762.099609375,25736.55078125,25745.25,0,25750,25764.3496432332,25765.191961276545,142843
2025-11-03 09:25:00+00:00,25810.518,25765.0,25751.55078125,25757.75,0,25750,25762.56642882213,25764.417966116976,260772
2025-11-03 09:30:00+00:00,25804.15569140625,25758.849609375,25747.19921875,25758.849609375,0,25750,25759.261082756424,25762.94701918048,432978
2025-11-03 09:35:00+00:00,25816.43019140625,25767.0,25750.0,25752.599609375,0,25750,25761.14085204595,25763.191190611044,189169
2025-11-03 09:40:00+00:00,25817.4811171875,25773.0,25760.0,25764.849609375,0,25750,25762.7436409473,25763.535944128413,440659
2025-11-03 09:45:00+00:00,25821.44019140625,25774.25,25765.349609375,25765.599609375,0,25750,25765.129224173204,25764.331499940487,298702
2025-11-03 09:50:00+00:00,25818.7845,25770.55078125,25761.75,25769.400390625,0,25750,25765.836149448805,25764.69631244793,412129
2025-11-03 09:55:00+00:00,25825.8493828125,25785.900390625,25764.44921875,25767.0,0,25750,25768.657693382534,25765.896871048182,387090
2025-11-04 03:45:00+00:00,25805.7585,25785.69921875,25744.75,25744.75,0,25750,25763.855128921696,25764.44101216716,259431
2025-11-04 03:50:00+00:00,25804.2555,25763.55078125,25732.900390625,25755.400390625,0,25750,25760.15341928113,25762.979635646265,430334
2025-11-04 03:55:00+00:00,25781.36019140625,25754.099609375,25722.849609375,25752.599609375,0,25750,25750.06907639576,25758.844730018605,164578
2025-11-04 04:00:00+00:00,25756.9618828125,25730.55078125,25702.0,25730.55078125,0,25700,25735.22964468051,25752.18298642253,470434
2025-11-04 04:05:00+00:00,25767.4828828125,25717.349609375,25695.400390625,25703.400390625,0,25700,25728.836690203672,25747.666460775963,468682
2025-11-04 04:10:00+00:00,25769.83719140625,25718.80078125,25705.44921875,25717.44921875,0,25700,25725.35792367745,25744.00820200709,393743
2025-11-04 04:15:00+00:00,25744.98680859375,25718.599609375,25686.599609375,25718.599609375,0,25700,25714.77181890997,25737.70712792808,164661
2025-11-04 04:20:00+00:00,25752.75230859375,25704.849609375,25685.400390625,25693.099609375,0,25700,25710.29774906498,25733.162438108942,319319
2025-11-04 04:25:00+00:00,25757.06169140625,25714.19921875,25699.150390625,25700.849609375,0,25700,25708.74862958499,25729.72343217345,205113
2025-11-04 04:30:00+00:00,25767.83319140625,25722.25,25704.69921875,25705.69921875,0,25700,25711.29921659833,25728.058051979893,171033
2025-11-04 04:35:00+00:00,25753.8541171875,25718.849609375,25701.400390625,25716.650390625,0,25700,25708.349217315557,25724.85694782616,200760
2025-11-04 04:40:00+00:00,25749.5956171875,25706.900390625,25695.69921875,25701.55078125,0,25700,25704.965884460373,25721.52473169164,439716
2025-11-04 04:45:00+00:00,25735.26819140625,25698.55078125,25674.05078125,25698.55078125,0,25700,25697.94405318192,25716.821689058303,495015
2025-11-04 04:50:00+00:00,25752.6525,25703.849609375,25681.0,25683.94921875,0,25700,25699.04603545461,25714.87522792602,192092
2025-11-04 04:55:00+00:00,25759.917,25712.55078125,25701.150390625,25702.19921875,0,25700,25702.197356969744,25714.078324435268,363590
2025-11-04 05:00:00+00:00,25761.77030859375,25716.75,25702.19921875,25709.19921875,0,25700,25704.914774438163,25713.612235052733,162540
2025-11-04 05:05:00+00:00,25752.8521171875,25717.900390625,25697.650390625,25710.5,0,25700,25703.759589208777,25712.09185801489,314916
2025-11-04 05:10:00+00:00,25744.28619140625,25703.400390625,25692.900390625,25701.25,0,25700,25700.13985634752,25709.692924591152,469093
2025-11-04 05:15:00+00:00,25747.8421171875,25698.099609375,25688.650390625,25693.44921875,0,25700,25698.90964381501,25708.037461361007,123912
2025-11-04 05:20:00+00:00,25747.5916171875,25701.80078125,25688.099609375,25697.099609375,0,25700,25698.006168793345,25706.557681034632,324242
2025-11-04 05:25:00+00:00,25762.02080859375,25711.75,25694.5,25696.349609375,0,25700,25702.203982320563,25707.062922077177,360188
2025-11-04 05:30:00+00:00,25747.9438828125,25720.55078125,25695.900390625,25710.650390625,0,25700,25700.31958196371,25705.74890447378,278839
2025-11-04 05:35:00+00:00,25738.22330859375,25697.25,25685.69921875,25696.650390625,0,25700,25695.82959110081,25703.386492586436,178306
2025-11-04 05:40:00+00:00,25736.0686171875,25687.75,25677.0,25687.05078125,0,25700,25692.11946698388,25701.05058335688,326346
2025-11-04 05:45:00+00:00,25736.871,25686.5,25679.650390625,25684.69921875,0,25700,25689.912977989254,25699.10676043727,369842
2025-11-04 05:50:00+00:00,25721.6413828125,25692.05078125,25669.05078125,25685.30078125,0,25650,25683.37557907617,25695.50601303886,479535
2025-11-04 05:55:00+00:00,25733.5636171875,25683.05078125,25658.650390625,25670.80078125,0,25700,25682.98345896745,25693.842663752752,185817
2025-11-04 06:00:00+00:00,25707.66230859375,25683.650390625,25653.55078125,25681.400390625,0,25650,25674.1055091033,25689.15603195553,326142
2025-11-04 06:05:00+00:00,25711.7701171875,25670.900390625,25655.44921875,25655.44921875,0,25650,25669.55341231887,25685.56768030484,497329
2025-11-04 06:10:00+00:00,25714.1263828125,25664.349609375,25649.099609375,25660.599609375,0,25650,25667.30253529592,25682.721817922986,185546
2025-11-04 06:15:00+00:00,25716.2791171875,25666.25,25659.80078125,25662.44921875,0,25650,25666.51809644728,25680.500243026363,362996
2025-11-04 06:20:00+00:00,25724.94680859375,25675.400390625,25660.849609375,25664.69921875,0,25650,25668.87860075652,25679.637663819944,234840
2025-11-04 06:25:00+00:00,25715.1283828125,25674.400390625,25663.0,25672.849609375,0,25650,25667.185994254352,25677.6580534987,475772
2025-11-04 06:30:00+00:00,25730.0566171875,25679.19921875,25664.400390625,25664.650390625,0,25700,25671.023735752904,25677.78819915511,369809
2025-11-04 06:35:00+00:00,25721.5905,25679.25,25662.75,25678.400390625,0,25650,25670.76582383527,25676.84592426072,368404
2025-11-04 06:40:00+00:00,25731.861,25681.25,25670.25,25670.55078125,0,25700,25674.01054922352,25677.30268372813,180155
2025-11-04 06:45:00+00:00,25737.72230859375,25686.349609375,25667.44921875,25680.5,0,25700,25678.12356927401,25678.433549433987,362326
2025-11-04 06:50:00+00:00,25730.70830859375,25690.400390625,25676.599609375,25685.650390625,0,25700,25678.53224930768,25678.54805692661,240440
2025-11-04 06:55:00+00:00,25722.24219140625,25682.75,25669.099609375,25679.650390625,0,25650,25675.988296413456,25677.592098638917,365316
2025-11-04 07:00:00+00:00,25722.74319140625,25675.650390625,25665.19921875,25670.69921875,0,25650,25674.45899448397,25676.81813513717,480539
2025-11-04 07:05:00+00:00,25720.93880859375,25678.94921875,25666.599609375,25671.94921875,0,25650,25672.83919944765,25675.915819416903,402457
2025-11-04 07:10:00+00:00,25730.8081171875,25680.099609375,25664.25,25670.05078125,0,25700,25675.042539215105,25676.35749433354,309396
2025-11-04 07:15:00+00:00,25728.75519140625,25686.80078125,25673.75,25679.349609375,0,25700,25675.828489685075,25676.48785636997,210848
2025-11-04 07:20:00+00:00,25711.8718828125,25678.19921875,25657.94921875,25678.19921875,0,25650,25670.73592020672,25674.495721979976,377812
2025-11-04 07:25:00+00:00,25720.23819140625,25678.900390625,25658.30078125,25661.400390625,0,25650,25670.124077012813,25673.796305560605,461144
2025-11-04 07:30:00+00:00,25723.7941171875,25675.150390625,25654.0,25669.849609375,0,25650,25670.899124258547,25673.62791970928,337694
2025-11-04 07:35:00+00:00,25726.19930859375,25684.69921875,25671.55078125,25672.80078125,0,25650,25672.2159526307,25673.780630917496,397381
2025-11-04 07:40:00+00:00,25709.8678828125,25674.5,25658.55078125,25673.94921875,0,25650,25667.660895503803,25671.87689970906,102907
2025-11-04 07:45:00+00:00,25711.92080859375,25667.55078125,25657.349609375,25660.349609375,0,25650,25665.307133460872,25670.467238417303,207659
2025-11-04 07:50:00+00:00,25712.071500000002,25662.25,25646.400390625,25661.400390625,0,25650,25663.78808897392,25669.25258361514,474719
2025-11-04 07:55:00+00:00,25722.2911171875,25670.94921875,25650.0,25660.80078125,0,25650,25666.175132232616,25669.464663007,357972
2025-11-04 08:00:00+00:00,25710.0675,25675.400390625,25652.0,25671.55078125,0,25650,25663.70008815508,25668.125330131123,250010
2025-11-04 08:05:00+00:00,25732.3111171875,25683.05078125,25657.75,25659.55078125,0,25700,25669.449798353387,25669.72831620848,255479
2025-11-04 08:10:00+00:00,25725.44780859375,25682.349609375,25669.55078125,25682.349609375,0,25650,25670.999735360598,25670.274727854296,277454
2025-11-04 08:15:00+00:00,25716.7801171875,25677.69921875,25664.75,25675.05078125,0,25650,25669.149563157065,25669.67153921626,389946
2025-11-04 08:20:00+00:00,25712.6233828125,25667.150390625,25659.150390625,25666.25,0,25650,25666.533302521377,25668.62519447048,192050
2025-11-04 08:25:00+00:00,25707.16130859375,25665.599609375,25654.349609375,25662.80078125,0,25650,25662.972071472585,25667.028246333542,251974
2025-11-04 08:30:00+00:00,25696.5913828125,25657.900390625,25641.44921875,25657.44921875,0,25650,25657.081641398392,25664.3123131981,393354
2025-11-04 08:35:00+00:00,25696.64030859375,25647.849609375,25640.5,25646.0,0,25650,25653.170964057263,25661.94197522021,467241
2025-11-04 08:40:00+00:00,25667.733,25646.650390625,25607.5,25646.650390625,0,25600,25640.947309371517,25656.261728317684,457125
2025-11-04 08:45:00+00:00,25667.4316171875,25623.650390625,25611.75,25617.05078125,0,25600,25632.69794583101,25651.253914621724,220031
2025-11-04 08:50:00+00:00,25662.82280859375,25623.650390625,25592.900390625,25617.650390625,0,25600,25625.66516701234,25646.297126465885,428922
2025-11-04 08:55:00+00:00,25665.57830859375,25619.0,25610.25,25613.05078125,0,25600,25621.89331446656,25642.303686829524,382019
2025-11-04 09:00:00+00:00,25671.33980859375,25621.650390625,25613.05078125,25615.05078125,0,25600,25621.295412769377,25639.52817714771,359113
2025-11-04 09:05:00+00:00,25675.4476171875,25634.650390625,25619.349609375,25619.349609375,0,25600,25622.26334809625,25637.612057348,283085
2025-11-04 09:10:00+00:00,25661.31980859375,25625.69921875,25608.400390625,25624.849609375,0,25600,25618.208768522505,25634.173001351373,297154
2025-11-04 09:15:00+00:00,25647.192,25610.80078125,25594.349609375,25609.900390625,0,25600,25610.805845681676,25629.401376182454,485645
2025-11-04 09:20:00+00:00,25644.6361171875,25618.599609375,25585.150390625,25595.80078125,0,25600,25605.020303371115,25624.9073565034,120700
2025-11-04 09:25:00+00:00,25658.06330859375,25609.05078125,25591.94921875,25593.25,0,25600,25605.63007203908,25622.65013811235,356669
2025-11-04 09:30:00+00:00,25648.695,25621.69921875,25591.650390625,25607.30078125,0,25600,25602.92004802605,25619.506370848307,181350
2025-11-04 09:35:00+00:00,25648.9455,25611.599609375,25591.30078125,25596.94921875,0,25600,25601.19669868404,25616.78682449227,436133
2025-11-04 09:40:00+00:00,25652.4525,25604.44921875,25589.349609375,25597.30078125,0,25600,25601.21446578936,25614.84472143073,179055
2025-11-04 09:45:00+00:00,25644.83769140625,25602.94921875,25584.55078125,25600.0,0,25600,25598.693107401243,25612.195430080017,171658
2025-11-04 09:50:00+00:00,25645.287808593752,25602.0,25590.69921875,25593.05078125,0,25600,25597.161941392496,25609.93345249189,190250
2025-11-04 09:55:00+00:00,25636.52030859375,25602.19921875,25579.44921875,25594.099609375,0,25600,25593.22449738667,25606.86047210228,135417
2025-11-06 03:45:00+00:00,25718.0326171875,25670.25,25596.849609375,25604.05078125,0,25650,25617.716071174447,25614.340315433245,393470
2025-11-06 03:50:00+00:00,25711.1203828125,25678.150390625,25651.349609375,25664.099609375,0,25650,25631.7443078663,25620.02287366034,226279
2025-11-06 03:55:00+00:00,25677.85280859375,25659.849609375,25619.900390625,25659.849609375,0,25650,25630.0294083692,25620.84496562467,297518
2025-11-06 04:00:00+00:00,25679.0055,25629.849609375,25609.400390625,25625.599609375,0,25650,25629.269605579462,25621.708094921585,312591
2025-11-06 04:05:00+00:00,25680.15819140625,25632.849609375,25610.25,25628.400390625,0,25650,25629.14653392798,25622.607131884517,206932
2025-11-06 04:10:00+00:00,25661.22,25629.94921875,25600.099609375,25629.30078125,0,25600,25622.764355951986,25621.03124039895,162470
2025-11-06 04:15:00+00:00,25652.85369140625,25621.80078125,25601.55078125,25610.05078125,0,25600,25615.726367509666,25618.60863417721,378566
2025-11-06 04:20:00+00:00,25679.4556171875,25629.849609375,25599.30078125,25601.349609375,0,25650,25619.88398458977,25619.807457248804,463585
2025-11-06 04:25:00+00:00,25680.2071171875,25633.900390625,25614.849609375,25631.05078125,0,25650,25622.90572930985,25620.95017743645,397900
2025-11-06 04:30:00+00:00,25665.57830859375,25639.69921875,25613.75,25629.30078125,0,25600,25620.05368933157,25620.12510642877,137880
2025-11-06 04:35:00+00:00,25623.3436171875,25617.19921875,25571.400390625,25613.80078125,0,25550,25604.10219913772,25614.134370468924,496366
2025-11-06 04:40:00+00:00,25593.8355,25571.30078125,25542.44921875,25571.19921875,0,25550,25583.65146609181,25605.211324160307,114084
2025-11-06 04:45:00+00:00,25587.8235,25545.599609375,25533.75,25542.900390625,0,25550,25568.01764406121,25596.65365864027,151791
2025-11-06 04:50:00+00:00,25591.73169140625,25550.30078125,25532.75,25537.94921875,0,25550,25558.895226249144,25589.65325013836,411951
2025-11-06 04:55:00+00:00,25588.0231171875,25546.75,25534.849609375,25540.5,0,25550,25551.5798904161,25583.065246214814,395853
2025-11-06 05:00:00+00:00,25582.96419140625,25545.0,25530.150390625,25537.69921875,0,25550,25545.020057152404,25576.66963926609,424843
2025-11-06 05:05:00+00:00,25575.44919140625,25537.150390625,25522.099609375,25531.900390625,0,25500,25538.146834976607,25570.13598318595,367409
2025-11-06 05:10:00+00:00,25587.1228828125,25536.05078125,25520.75,25524.05078125,0,25550,25537.448150401076,25565.87533294396,219228
2025-11-06 05:15:00+00:00,25591.23069140625,25545.94921875,25533.69921875,25536.599609375,0,25550,25538.348897142387,25562.65971515409,405334
2025-11-06 05:20:00+00:00,25611.1708828125,25560.05078125,25538.849609375,25539.75,0,25550,25545.582858511592,25562.33359841608,425373
2025-11-06 05:25:00+00:00,25613.625,25565.099609375,25554.05078125,25559.75,0,25550,25551.2219056744,25562.35439861407,181863
2025-11-06 05:30:00+00:00,25623.8446171875,25573.400390625,25560.94921875,25562.94921875,0,25550,25558.381010032936,25563.64750113106,318721
2025-11-06 05:35:00+00:00,25610.3176171875,25575.25,25557.650390625,25573.150390625,0,25550,25558.65374627196,25563.09146583343,377947
2025-11-06 05:40:00+00:00,25611.621,25567.80078125,25553.849609375,25559.849609375,0,25550,25559.269164181307,25562.76753260425,478461
2025-11-06 05:45:00+00:00,25595.23869140625,25561.150390625,25541.650390625,25560.69921875,0,25550,25554.229572995875,25560.440389856845,243255
2025-11-06 05:50:00+00:00,25586.5201171875,25546.099609375,25535.0,25543.599609375,0,25550,25547.96945491392,25557.31649346849,267465
2025-11-06 05:55:00+00:00,25594.086,25544.0,25534.0,25535.80078125,0,25550,25546.312969942614,25555.52693178493,162589
2025-11-06 06:00:00+00:00,25581.41030859375,25547.55078125,25527.80078125,25542.900390625,0,25550,25540.99184975341,25552.37976648369,423184
2025-11-06 06:05:00+00:00,25582.21269140625,25534.69921875,25525.0,25530.849609375,0,25550,25537.711363377275,25549.726094501355,286209
2025-11-06 06:10:00+00:00,25583.0131171875,25538.400390625,25529.94921875,25531.099609375,0,25550,25535.79064850152,25547.50398503244,488118
2025-11-06 06:15:00+00:00,25602.70280859375,25554.099609375,25529.94921875,25531.099609375,0,25550,25541.060302126018,25548.015938075256,458523
2025-11-06 06:20:00+00:00,25603.25469140625,25557.44921875,25548.5,25551.5,0,25550,25544.756998292345,25548.532744643973,217462
2025-11-06 06:25:00+00:00,25612.47230859375,25561.349609375,25547.0,25552.19921875,0,25550,25550.287868653235,25550.13485273535,182680
2025-11-06 06:30:00+00:00,25616.3296171875,25573.30078125,25559.0,25559.30078125,0,25550,25555.25831868549,25552.01789848718,401295
2025-11-06 06:35:00+00:00,25606.1608828125,25574.400390625,25554.599609375,25564.55078125,0,25550,25555.18913954033,25552.397008832533,413041
2025-11-06 06:40:00+00:00,25597.74369140625,25556.25,25543.75,25554.80078125,0,25550,25552.342889901887,25551.67868155659,205974
2025-11-06 06:45:00+00:00,25609.6678828125,25561.349609375,25542.900390625,25546.650390625,0,25550,25554.41218701793,25552.537694018265,391651
2025-11-06 06:50:00+00:00,25601.9023828125,25559.150390625,25530.55078125,25555.900390625,0,25550,25553.208385095288,25552.32057992223,489815
2025-11-06 06:55:00+00:00,25596.8415,25556.19921875,25542.30078125,25552.349609375,0,25550,25550.722256730194,25551.49925743195,130044
2025-11-06 07:00:00+00:00,25613.52519140625,25564.900390625,25539.44921875,25545.599609375,0,25550,25554.614968028465,25552.861899081083,471018
2025-11-06 07:05:00+00:00,25611.21980859375,25567.80078125,25557.75,25562.599609375,0,25550,25556.44318181065,25553.76661286782,442928
2025-11-06 07:10:00+00:00,25611.4213828125,25575.75,25559.69921875,25562.55078125,0,25550,25557.729048290435,25554.583383915597,152810
2025-11-06 07:15:00+00:00,25649.196,25599.25,25556.75,25561.099609375,0,25600,25571.152698860293,25560.010460926143,152020
2025-11-06 07:20:00+00:00,25652.5033828125,25602.30078125,25591.80078125,25598.69921875,0,25600,25581.202059656865,25565.171750966627,340979
2025-11-06 07:25:00+00:00,25642.28180859375,25608.150390625,25589.400390625,25602.44921875,0,25600,25584.501242896244,25568.412733267676,282538
2025-11-06 07:30:00+00:00,25654.4056171875,25616.849609375,25584.25,25591.650390625,0,25600,25590.73390151416,25572.761043952964,378391
2025-11-06 07:35:00+00:00,25623.49430859375,25606.349609375,25571.55078125,25603.099609375,0,25550,25584.605804134444,25572.70961463072,141015
2025-11-06 07:40:00+00:00,25634.76680859375,25585.19921875,25561.80078125,25573.900390625,0,25600,25584.270405881296,25574.070863973757,234726
2025-11-06 07:45:00+00:00,25627.653,25596.94921875,25575.900390625,25584.19921875,0,25600,25581.68027058753,25574.374505977037,204969
2025-11-06 07:50:00+00:00,25645.4893828125,25603.099609375,25576.19921875,25576.69921875,0,25600,25585.887107475024,25576.865290386155,424097
2025-11-06 07:55:00+00:00,25635.01730859375,25597.30078125,25581.25,25594.150390625,0,25600,25585.207941441688,25577.73833025976,257365
2025-11-06 08:00:00+00:00,25633.7158828125,25599.94921875,25575.25,25583.80078125,0,25600,25584.32222137779,25578.33988663354,401294
2025-11-06 08:05:00+00:00,25628.6041171875,25598.05078125,25572.55078125,25583.05078125,0,25600,25582.031220501864,25578.2285531481,173501
2025-11-06 08:10:00+00:00,25618.5841171875,25586.80078125,25565.599609375,25578.0,0,25550,25577.17055325124,25576.881136348336,269089
2025-11-06 08:15:00+00:00,25592.6338828125,25573.69921875,25539.650390625,25567.400390625,0,25550,25565.29729591749,25572.46484196105,479795
2025-11-06 08:20:00+00:00,25569.9871171875,25541.650390625,25517.849609375,25541.55078125,0,25500,25549.847936861664,25565.775389059665,285609
2025-11-06 08:25:00+00:00,25590.980191406252,25539.900390625,25516.0,25519.19921875,0,25550,25546.53208811611,25562.54101425533,483340
2025-11-06 08:30:00+00:00,25580.5081171875,25544.150390625,25527.55078125,25539.19921875,0,25550,25540.837798327408,25558.40453981717,400157
2025-11-06 08:35:00+00:00,25591.8823828125,25541.55078125,25525.55078125,25528.900390625,0,25550,25540.82545930161,25556.20406999627,173580
2025-11-06 08:40:00+00:00,25604.0551171875,25555.5,25535.400390625,25540.900390625,0,25550,25544.86671245108,25555.79721359049,304978
2025-11-06 08:45:00+00:00,25599.1468828125,25555.75,25536.150390625,25552.25,0,25550,25545.928068717385,25554.828909547927,115660
2025-11-06 08:50:00+00:00,25591.3813828125,25553.75,25539.69921875,25548.19921875,0,25550,25544.05230622826,25553.012893510684,457062
2025-11-06 08:55:00+00:00,25592.68280859375,25544.150390625,25520.599609375,25541.599609375,0,25550,25543.234740610507,25551.586232993723,276650
2025-11-06 09:00:00+00:00,25604.95730859375,25554.75,25542.099609375,25542.099609375,0,25550,25546.773030198678,25551.869155041382,138195
2025-11-06 09:05:00+00:00,25593.3345,25560.599609375,25540.650390625,25554.150390625,0,25550,25545.265353465784,25550.66676066121,425213
2025-11-06 09:10:00+00:00,25593.48519140625,25546.900390625,25527.55078125,25543.900390625,0,25550,25544.310365852198,25549.633464406685,110390
2025-11-06 09:15:00+00:00,25580.65880859375,25557.650390625,25528.400390625,25542.55078125,0,25550,25539.4067803598,25547.129232527725,184087
2025-11-06 09:20:00+00:00,25597.99419140625,25551.30078125,25526.94921875,25530.5,0,25550,25541.904650448203,25547.100627289885,459270
2025-11-06 09:25:00+00:00,25606.6618828125,25564.599609375,25535.75,25547.599609375,0,25550,25546.45336071547,25548.1568965349,152787
2025-11-06 09:30:00+00:00,25566.12980859375,25555.099609375,25514.0,25555.099609375,0,25500,25536.002110268648,25544.024735639912,271062
2025-11-06 09:35:00+00:00,25562.37230859375,25516.19921875,25501.55078125,25514.599609375,0,25500,25527.784609970768,25539.9403448568,120136
2025-11-06 09:40:00+00:00,25551.60080859375,25511.19921875,25491.75,25509.80078125,0,25500,25518.72294310552,25535.022752921574,277544
2025-11-06 09:45:00+00:00,25565.7286171875,25515.05078125,25498.69921875,25500.349609375,0,25500,25517.38170165368,25532.48231115013,221758
2025-11-06 09:50:00+00:00,25558.66569140625,25517.099609375,25499.900390625,25513.80078125,0,25500,25514.137931310783,25529.37832108449,134528
2025-11-06 09:55:00+00:00,25570.9891171875,25521.44921875,25500.849609375,25505.400390625,0,25500,25516.075027123858,25528.19968329268,440479
2025-11-07 03:45:00+00:00,25429.2061171875,25438.5,25356.5,25433.80078125,0,25400,25470.199757665905,25509.480875224843,303869
2025-11-07 03:50:00+00:00,25379.7088828125,25378.150390625,25325.44921875,25378.150390625,0,25350,25423.15009886061,25486.92711347799,262105
2025-11-07 03:55:00+00:00,25399.647117187502,25352.900390625,25328.19921875,25328.19921875,0,25350,25398.41647215707,25469.67987663699,263876
2025-11-07 04:00:00+00:00,25370.64,25362.349609375,25319.400390625,25348.849609375,0,25300,25372.277648104715,25450.969892057365,411438
2025-11-07 04:05:00+00:00,25390.629117187502,25340.900390625,25318.650390625,25320.19921875,0,25350,25361.50150498648,25437.092307893945,210818
2025-11-07 04:10:00+00:00,25405.7608828125,25356.5,25339.150390625,25340.0,0,25350,25359.351263740988,25426.837117063453,385202
2025-11-07 04:15:00+00:00,25440.5803828125,25391.150390625,25347.400390625,25354.25,0,25400,25369.50110291066,25422.20757508677,355196
2025-11-07 04:20:00+00:00,25403.205,25390.94921875,25352.5,25389.599609375,0,25350,25363.83406860711,25413.494128200924,142801
2025-11-07 04:25:00+00:00,25392.9345,25352.5,25336.94921875,25352.44921875,0,25350,25356.639379071406,25404.58861217581,169319
2025-11-07 04:30:00+00:00,25392.183,25352.30078125,25332.44921875,25342.25,0,25350,25351.592919380942,25396.702535653832,498689
2025-11-07 04:35:00+00:00,25385.4195,25351.94921875,25333.5,25341.900390625,0,25350,25345.978612920637,25388.958468697103,341388
2025-11-07 04:40:00+00:00,25393.9365,25348.5,25331.05078125,25334.30078125,0,25350,25345.069075280426,25383.244910109966,135085
2025-11-07 04:45:00+00:00,25396.9425,25352.150390625,25339.349609375,25343.94921875,0,25350,25345.46271685362,25378.62054634622,358295
2025-11-07 04:50:00+00:00,25403.55530859375,25354.5,25338.19921875,25347.099609375,0,25350,25347.92501436075,25375.39917922482,479199
2025-11-07 04:55:00+00:00,25407.56330859375,25357.25,25342.30078125,25352.150390625,0,25350,25350.8998793655,25373.08048299359,276341
2025-11-07 05:00:00+00:00,25415.1781171875,25364.44921875,25348.650390625,25356.80078125,0,25350,25355.416325827,25372.001574963146,349987
2025-11-07 05:05:00+00:00,25418.63619140625,25371.94921875,25356.30078125,25364.94921875,0,25350,25359.57768075967,25371.488926920872,199381
2025-11-07 05:10:00+00:00,25429.35680859375,25385.900390625,25366.650390625,25368.5,0,25400,25365.91832363145,25372.37776222764,213093
2025-11-07 05:15:00+00:00,25428.15519140625,25386.55078125,25375.75,25379.099609375,0,25400,25369.74567929597,25373.00559077731,252223
2025-11-07 05:20:00+00:00,25421.39169140625,25382.849609375,25365.44921875,25377.25,0,25350,25370.047249738986,25372.71119075827,449064
2025-11-07 05:25:00+00:00,25407.1621171875,25377.75,25354.19921875,25371.400390625,0,25350,25365.514572742657,25370.678444257235,467946
2025-11-07 05:30:00+00:00,25413.726,25373.0,25355.94921875,25357.75,0,25350,25364.67638182844,25369.71863872508,445298
2025-11-07 05:35:00+00:00,25420.9396171875,25371.44921875,25354.400390625,25362.94921875,0,25350,25366.51732746896,25369.778711228195,274471
2025-11-07 05:40:00+00:00,25460.7691171875,25413.80078125,25369.650390625,25370.19921875,0,25400,25380.99462456264,25374.80002466842,288140
2025-11-07 05:45:00+00:00,25465.92980859375,25420.75,25405.150390625,25410.55078125,0,25400,25392.362952833428,25379.837472756742,263560
2025-11-07 05:50:00+00:00,25480.4098828125,25432.30078125,25413.150390625,25415.94921875,0,25450,25404.75889563895,25386.0516363184,117915
2025-11-07 05:55:00+00:00,25491.1305,25441.75,25424.650390625,25429.94921875,0,25450,25416.589263759302,25392.8264317786,333551
2025-11-07 06:00:00+00:00,25511.7223828125,25471.05078125,25439.69921875,25439.69921875,0,25450,25431.326436256204,25401.323225462525,134864
2025-11-07 06:05:00+00:00,25498.6963828125,25467.69921875,25447.80078125,25461.25,0,25450,25436.81788458747,25407.13291993596,304052
2025-11-07 06:10:00+00:00,25498.04469140625,25453.69921875,25440.75,25447.75,0,25450,25440.262053266648,25412.13510377209,391333
2025-11-07 06:15:00+00:00,25485.1693828125,25456.25,25434.099609375,25446.94921875,0,25450,25438.274962594434,25414.905813456822,127052
2025-11-07 06:20:00+00:00,25488.5746171875,25441.55078125,25425.099609375,25434.69921875,0,25450,25438.083047979628,25417.75498911847,253369
2025-11-07 06:25:00+00:00,25488.8251171875,25443.150390625,25432.25,25437.55078125,0,25450,25438.03843823642,25420.27926782241,434490
2025-11-07 06:30:00+00:00,25500.8491171875,25451.0,25429.05078125,25437.75,0,25450,25442.00869840761,25423.98801168836,423243
2025-11-07 06:35:00+00:00,25496.04069140625,25449.75,25438.0,25449.55078125,0,25450,25443.055929146747,25426.63330905544,281218
2025-11-07 06:40:00+00:00,25505.1076171875,25460.05078125,25441.599609375,25444.55078125,0,25450,25446.770359014503,25430.07904776726,131711
2025-11-07 06:45:00+00:00,25509.2173828125,25460.599609375,25447.05078125,25454.849609375,0,25450,25450.613833093004,25433.6067644526,126049
2025-11-07 06:50:00+00:00,25501.201382812502,25466.150390625,25449.900390625,25457.80078125,0,25450,25450.509482478672,25435.69351655228,235300
2025-11-07 06:55:00+00:00,25508.06469140625,25465.0,25450.25,25450.25,0,25450,25452.72311852745,25438.375625811368,344234
2025-11-07 07:00:00+00:00,25512.7243828125,25468.69921875,25456.849609375,25456.900390625,0,25450,25455.74900610164,25441.3037702412,487919
2025-11-07 07:05:00+00:00,25522.8931171875,25474.25,25458.19921875,25462.099609375,0,25450,25461.149076984424,25445.134451304795,208910
2025-11-07 07:10:00+00:00,25533.56480859375,25483.650390625,25471.30078125,25471.80078125,0,25500,25468.29925444795,25449.81759606357,455379
2025-11-07 07:15:00+00:00,25537.2225,25488.900390625,25474.5,25483.05078125,0,25500,25474.282836298637,25454.371646555624,368119
2025-11-07 07:20:00+00:00,25528.6546171875,25502.349609375,25474.75,25486.19921875,0,25500,25475.42163044909,25457.28759307992,275654
2025-11-07 07:25:00+00:00,25542.2325,25492.94921875,25472.55078125,25478.44921875,0,25500,25480.69775363273,25461.53289394493,393624
2025-11-07 07:30:00+00:00,25542.2325,25499.80078125,25488.900390625,25491.5,0,25500,25484.21516908849,25465.24753220181,263428
2025-11-07 07:35:00+00:00,25537.32230859375,25497.25,25479.5,25491.80078125,0,25500,25484.926649183995,25467.885291848463,148876
2025-11-07 07:40:00+00:00,25537.2733828125,25490.69921875,25477.75,25486.75,0,25500,25485.384693206,25470.187228023657,256935
2025-11-07 07:45:00+00:00,25540.07780859375,25497.05078125,25483.75,25487.5,0,25500,25486.622998595667,25472.55127569257,231052
2025-11-07 07:50:00+00:00,25539.4261171875,25494.69921875,25483.650390625,25489.5,0,25500,25487.23173864711,25474.53851857475,405463
2025-11-07 07:55:00+00:00,25582.2616171875,25539.94921875,25488.44921875,25488.44921875,0,25550,25501.887565348075,25481.621106096656,358256
2025-11-07 08:00:00+00:00,25588.47519140625,25539.80078125,25526.0,25531.80078125,0,25550,25513.72517377372,25488.5935166627,132939
2025-11-07 08:05:00+00:00,25590.8803828125,25544.5,25533.75,25537.94921875,0,25550,25522.41704293248,25494.994424736116,279274
2025-11-07 08:10:00+00:00,25588.1248828125,25547.75,25534.0,25539.94921875,0,25550,25527.294955704987,25500.251469300347,153774
2025-11-07 08:15:00+00:00,25581.71169140625,25550.80078125,25530.25,25537.19921875,0,25550,25528.41343401166,25504.051334465927,241862
2025-11-07 08:20:00+00:00,25576.90130859375,25532.099609375,25521.5,25531.349609375,0,25550,25527.55882579944,25506.776118829563,192327
2025-11-07 08:25:00+00:00,25543.83530859375,25525.849609375,25491.349609375,25525.849609375,0,25500,25515.989086991296,25505.035305147743,297222
2025-11-07 08:30:00+00:00,25520.08869140625,25496.55078125,25468.25,25493.900390625,0,25450,25500.37618820253,25500.5496908324,269589
2025-11-07 08:35:00+00:00,25524.1456171875,25478.25,25456.599609375,25468.900390625,0,25450,25491.317198385022,25497.1308818221,402198
2025-11-07 08:40:00+00:00,25525.34919140625,25482.94921875,25468.75,25473.349609375,0,25450,25485.67826246502,25494.289570422465,423406
2025-11-07 08:45:00+00:00,25533.11469140625,25483.44921875,25469.30078125,25474.0,0,25500,25484.50230518501,25492.77217294778,182908
2025-11-07 08:50:00+00:00,25567.3333828125,25518.30078125,25482.19921875,25482.19921875,0,25500,25495.10179720668,25495.71324898556,262200
2025-11-07 08:55:00+00:00,25584.71769140625,25536.650390625,25515.30078125,25516.19921875,0,25550,25507.951328346124,25500.455391690488,431980
2025-11-07 09:00:00+00:00,25570.38830859375,25540.5,25518.69921875,25533.19921875,0,25500,25511.75075535575,25502.81716890105,235606
2025-11-07 09:05:00+00:00,25566.3313828125,25524.5,25514.25,25518.80078125,0,25500,25512.934097320503,25504.37762044467,480964
2025-11-07 09:10:00+00:00,25563.7755,25518.900390625,25507.75,25515.25,0,25500,25512.87273154701,25505.424167889087,192530
2025-11-07 09:15:00+00:00,25555.008,25513.80078125,25501.30078125,25512.75,0,25500,25509.915154364677,25505.24614690295,464792
2025-11-07 09:20:00+00:00,25546.59080859375,25506.599609375,25494.69921875,25504.0,0,25500,25505.143306034784,25504.04032971196,455255
2025-11-07 09:25:00+00:00,25541.1796171875,25504.05078125,25484.599609375,25495.75,0,25500,25500.161943606523,25502.310190841712,387061
2025-11-07 09:30:00+00:00,25530.96,25496.75,25473.099609375,25490.099609375,0,25500,25493.441295737684,25499.5214169865,478318
2025-11-07 09:35:00+00:00,25532.86419140625,25486.650390625,25474.0,25481.650390625,0,25500,25489.59432736679,25497.31878869131,120757
2025-11-07 09:40:00+00:00,25537.82330859375,25487.400390625,25476.849609375,25482.150390625,0,25500,25488.67942136953,25496.010141276773,456663
2025-11-07 09:45:00+00:00,25553.10380859375,25513.25,25485.75,25486.599609375,0,25500,25493.152817371352,25496.77132478905,434584
2025-11-07 09:50:00+00:00,25549.7475,25516.099609375,25495.849609375,25500.599609375,0,25500,25495.01854491424,25497.01865919042,348990
2025-11-07 09:55:00+00:00,25561.8223828125,25511.75,25496.349609375,25499.69921875,0,25500,25500.279290359496,25498.741424447868,128182
2025-11-10 03:45:00+00:00,25605.70880859375,25590.349609375,25515.80078125,25515.80078125,0,25550,25518.38606336467,25505.72369756376,348172
2025-11-10 03:50:00+00:00,25577.6038828125,25565.69921875,25521.5,25551.650390625,0,25550,25521.10763599312,25508.327083024546,305301
2025-11-10 03:55:00+00:00,25590.3285,25541.30078125,25515.30078125,25524.44921875,0,25550,25527.15509066208,25512.192447646477,141307
2025-11-10 04:00:00+00:00,25610.46830859375,25561.900390625,25538.650390625,25539.599609375,0,25550,25537.886596899723,25518.08709286254,275568
2025-11-10 04:05:00+00:00,25625.8486171875,25579.150390625,25558.0,25558.0,0,25550,25550.157470849816,25525.163608598472,437387
2025-11-10 04:10:00+00:00,25603.8555,25575.05078125,25543.55078125,25574.55078125,0,25550,25551.02164723321,25528.611907523664,104583
2025-11-10 04:15:00+00:00,25631.81169140625,25583.150390625,25548.69921875,25553.19921875,0,25600,25560.897895030477,25535.116717911333,497841
2025-11-10 04:20:00+00:00,25644.08619140625,25595.5,25574.44921875,25579.75,0,25600,25571.565393561985,25542.339677000546,482476
2025-11-10 04:25:00+00:00,25619.23580859375,25593.650390625,25565.05078125,25593.30078125,0,25550,25570.41013216633,25545.55966854735,164098
2025-11-10 04:30:00+00:00,25606.71080859375,25575.349609375,25553.099609375,25568.19921875,0,25550,25565.473291235885,25546.814661150805,471990
2025-11-10 04:35:00+00:00,25617.48230859375,25566.849609375,25552.30078125,25555.55078125,0,25550,25565.76539728226,25549.25652967883,274657
2025-11-10 04:40:00+00:00,25627.152000000002,25579.55078125,25558.650390625,25566.05078125,0,25600,25569.176931521502,25552.599463468978,463557
2025-11-10 04:45:00+00:00,25653.6541171875,25602.44921875,25575.19921875,25575.900390625,0,25600,25580.267693931004,25558.830682879103,111593
2025-11-10 04:50:00+00:00,25669.2868828125,25618.05078125,25601.849609375,25601.849609375,0,25600,25592.86205637067,25566.233195175468,402098
2025-11-10 04:55:00+00:00,25666.83080859375,25621.75,25612.25,25617.44921875,0,25600,25600.44124070545,25572.40399695041,198624
2025-11-10 05:00:00+00:00,25669.88769140625,25625.099609375,25612.05078125,25615.349609375,0,25600,25606.5109573453,25578.18479615973,350098
2025-11-10 05:05:00+00:00,25653.30380859375,25619.69921875,25601.099609375,25618.150390625,0,25600,25605.04050802187,25581.17414781164,394763
2025-11-10 05:10:00+00:00,25652.6521171875,25610.349609375,25598.44921875,25602.849609375,0,25600,25603.843411597914,25583.70853167893,483977
2025-11-10 05:15:00+00:00,25649.04530859375,25605.80078125,25592.599609375,25600.849609375,0,25600,25601.84547752361,25585.47616639094,235054
2025-11-10 05:20:00+00:00,25655.5093828125,25606.900390625,25587.75,25597.849609375,0,25600,25602.663912099077,25587.829243248325,492209
2025-11-10 05:25:00+00:00,25663.4236171875,25614.44921875,25603.25,25604.0,0,25600,25605.842347649384,25590.875490186037,117600
2025-11-10 05:30:00+00:00,25677.4516171875,25628.849609375,25610.25,25612.80078125,0,25650,25612.627971349597,25595.29095625653,213806
2025-11-10 05:35:00+00:00,25674.5473828125,25631.80078125,25619.55078125,25626.349609375,0,25600,25616.18557464973,25598.792184380716,419842
2025-11-10 05:40:00+00:00,25681.16019140625,25629.900390625,25617.099609375,25622.650390625,0,25650,25620.757179974826,25602.68071016125,411280
2025-11-10 05:45:00+00:00,25687.62230859375,25636.94921875,25625.94921875,25629.099609375,0,25650,25625.95465644155,25606.88932256297,279585
2025-11-10 05:50:00+00:00,25695.0375,25644.30078125,25632.400390625,25635.80078125,0,25650,25631.886437627705,25611.4969072426,335323
2025-11-10 05:55:00+00:00,25701.1003828125,25651.44921875,25641.150390625,25643.44921875,0,25650,25637.85788550181,25616.284891493524,422566
2025-11-10 06:00:00+00:00,25691.2291171875,25649.349609375,25639.19921875,25649.099609375,0,25650,25638.55499658454,25619.242932400583,286714
2025-11-10 06:05:00+00:00,25687.5733828125,25643.900390625,25635.599609375,25640.650390625,0,25650,25637.803591473028,25621.37516350676,488003
2025-11-10 06:10:00+00:00,25684.266,25637.849609375,25629.75,25636.849609375,0,25650,25636.202394315354,25622.828268068413,400775
2025-11-10 06:15:00+00:00,25682.3128828125,25644.5,25630.44921875,25632.75,0,25650,25634.48518996024,25623.856082216116,223034
2025-11-10 06:20:00+00:00,25682.262,25637.55078125,25628.5,25630.80078125,0,25650,25633.323459973493,25624.7490719391,175361
2025-11-10 06:25:00+00:00,25672.09130859375,25634.349609375,25619.05078125,25630.80078125,0,25600,25629.165509774,25624.261639118587,339449
2025-11-10 06:30:00+00:00,25673.89569140625,25631.44921875,25620.19921875,25620.19921875,0,25600,25626.993803391,25624.060233056887,165334
2025-11-10 06:35:00+00:00,25675.84880859375,25626.19921875,25618.75,25621.80078125,0,25600,25626.195738719,25624.12765509665,288850
2025-11-10 06:40:00+00:00,25675.5493828125,25633.5,25621.75,25624.05078125,0,25600,25625.564086229337,25624.14929586582,325801
2025-11-10 06:45:00+00:00,25680.15819140625,25632.849609375,25620.30078125,25623.099609375,0,25650,25626.67618769456,25624.74318271072,478159
2025-11-10 06:50:00+00:00,25683.7141171875,25639.80078125,25624.30078125,25628.650390625,0,25650,25628.600531379707,25625.706437215627,489993
2025-11-10 06:55:00+00:00,25684.3168828125,25639.69921875,25630.80078125,25630.80078125,0,25650,25630.083948003143,25626.624480219925,468563
2025-11-10 07:00:00+00:00,25685.268,25641.900390625,25630.55078125,25634.150390625,0,25650,25631.389298668764,25627.546420192437,235130
2025-11-10 07:05:00+00:00,25689.87680859375,25639.650390625,25629.69921875,25633.5,0,25650,25633.792735570845,25628.92806884025,377860
2025-11-10 07:10:00+00:00,25697.44269140625,25647.30078125,25635.69921875,25638.25,0,25650,25637.911953922237,25631.080859063342,195713
2025-11-10 07:15:00+00:00,25696.38980859375,25648.05078125,25639.44921875,25644.30078125,0,25650,25640.30783907316,25632.833202852304,105944
2025-11-10 07:20:00+00:00,25700.8498828125,25652.0,25643.55078125,25644.599609375,0,25650,25643.388819798776,25634.92290015201,146238
2025-11-10 07:25:00+00:00,25698.4936171875,25650.80078125,25643.80078125,25649.900390625,0,25650,25644.65895278252,25636.457439976763,299006
2025-11-10 07:30:00+00:00,25694.787,25653.19921875,25641.900390625,25647.55078125,0,25650,25644.272635188347,25637.337759979662,321394
2025-11-10 07:35:00+00:00,25688.274,25645.099609375,25631.400390625,25643.30078125,0,25650,25641.848423458898,25637.29553998221,493094
2025-11-10 07:40:00+00:00,25681.5105,25639.94921875,25629.099609375,25635.69921875,0,25650,25637.982282305937,25636.414847484437,164122
2025-11-10 07:45:00+00:00,25685.7181171875,25638.94921875,25629.94921875,25630.75,0,25650,25636.80459445396,25636.16914389263,319174
2025-11-10 07:50:00+00:00,25686.0195,25636.05078125,25624.349609375,25634.0,0,25650,25636.11972963597,25635.99175090605,219966
2025-11-10 07:55:00+00:00,25689.5265,25642.94921875,25634.099609375,25634.400390625,0,25650,25636.82981975732,25636.274032042795,214139
2025-11-10 08:00:00+00:00,25686.67119140625,25642.599609375,25632.650390625,25637.650390625,0,25650,25636.35334337988,25636.16482686557,294368
2025-11-10 08:05:00+00:00,25687.4716171875,25639.650390625,25633.75,25634.849609375,0,25650,25636.301968503256,25636.169125851124,225235
2025-11-10 08:10:00+00:00,25658.7658828125,25637.55078125,25607.55078125,25635.599609375,0,25600,25626.71823941884,25632.591832775983,246706
2025-11-10 08:15:00+00:00,25663.87569140625,25612.650390625,25579.5,25607.25,0,25600,25622.028956487564,25630.09915250711,272573
2025-11-10 08:20:00+00:00,25657.4116171875,25612.650390625,25603.44921875,25612.650390625,0,25600,25616.75237724171,25627.111660787472,126222
2025-11-10 08:25:00+00:00,25651.1491171875,25609.80078125,25598.94921875,25606.849609375,0,25600,25611.151324411145,25623.716355532782,360495
2025-11-10 08:30:00+00:00,25668.7858828125,25619.44921875,25597.400390625,25599.80078125,0,25600,25613.28447669077,25622.94565874744,300862
2025-11-10 08:35:00+00:00,25668.234,25625.30078125,25610.349609375,25618.099609375,0,25600,25614.522984460516,25622.20245140401,152018
2025-11-10 08:40:00+00:00,25670.13819140625,25621.05078125,25611.849609375,25617.349609375,0,25600,25615.982119848675,25621.789693806637,113583
2025-11-10 08:45:00+00:00,25673.84480859375,25626.150390625,25620.19921875,25620.19921875,0,25600,25618.187949690782,25621.89093325268,120362
2025-11-10 08:50:00+00:00,25694.13530859375,25643.849609375,25615.44921875,25622.94921875,0,25650,25626.408502918857,25624.51076776797,406619
2025-11-10 08:55:00+00:00,25688.0743828125,25649.44921875,25633.69921875,25643.349609375,0,25650,25629.87259569591,25626.047019453224,347286
2025-11-10 09:00:00+00:00,25679.10530859375,25641.69921875,25623.150390625,25636.900390625,0,25650,25629.198266922274,25626.272343193446,211982
2025-11-10 09:05:00+00:00,25680.5085,25636.80078125,25622.69921875,25627.75,0,25650,25629.21551128152,25626.644550294262,198392
2025-11-10 09:10:00+00:00,25653.9555,25631.44921875,25601.150390625,25628.400390625,0,25600,25620.39367418768,25623.657731507483,357189
2025-11-10 09:15:00+00:00,25657.06130859375,25613.19921875,25596.650390625,25603.5,0,25600,25615.545652583456,25621.43171624092,281124
2025-11-10 09:20:00+00:00,25657.56230859375,25608.900390625,25596.25,25604.849609375,0,25600,25612.480304847304,25619.54645288268,489876
2025-11-10 09:25:00+00:00,25657.11219140625,25614.25,25601.94921875,25606.0,0,25600,25610.28700010654,25617.840695100476,119129
2025-11-10 09:30:00+00:00,25641.53030859375,25606.849609375,25583.69921875,25606.0,0,25600,25603.641203196028,25614.404309384787,152086
2025-11-10 09:35:00+00:00,25628.55519140625,25592.44921875,25575.900390625,25590.94921875,0,25600,25594.894265672352,25609.778819539813,175508
2025-11-10 09:40:00+00:00,25616.5801171875,25577.80078125,25562.099609375,25577.25,0,25550,25585.07925003157,25604.237619441086,254212
2025-11-10 09:45:00+00:00,25619.3356171875,25575.349609375,25563.55078125,25565.05078125,0,25550,25579.452572937716,25599.7328193547,234834
2025-11-10 09:50:00+00:00,25622.4433828125,25573.099609375,25563.599609375,25568.599609375,0,25550,25576.73530904181,25596.17881459161,451172
2025-11-10 09:55:00+00:00,25625.3985,25579.05078125,25567.0,25569.80078125,0,25550,25575.906872694544,25593.437712767663,375262
2025-11-11 03:45:00+00:00,25597.092,25634.400390625,25545.650390625,25616.150390625,0,25550,25565.937915129696,25587.507998671703,274153
2025-11-11 03:50:00+00:00,25586.5201171875,25545.349609375,25514.30078125,25544.650390625,0,25550,25555.775016336465,25581.000651181494,468663
2025-11-11 03:55:00+00:00,25577.65280859375,25532.599609375,25513.849609375,25532.5,0,25550,25546.049880682644,25574.20052095568,114799
2025-11-11 04:00:00+00:00,25557.5638828125,25528.099609375,25499.55078125,25527.25,0,25500,25532.8835142051,25565.744303492476,221925
2025-11-11 04:05:00+00:00,25564.4761171875,25513.69921875,25489.900390625,25506.69921875,0,25500,25526.405415720063,25559.207417899663,343724
2025-11-11 04:10:00+00:00,25580.70969140625,25532.599609375,25507.5,25512.400390625,0,25550,25527.48707402172,25555.51278949033,455277
2025-11-11 04:15:00+00:00,25552.60280859375,25532.80078125,25501.599609375,25529.44921875,0,25500,25518.85791913948,25548.773641975917,195771
2025-11-11 04:20:00+00:00,25545.58880859375,25501.94921875,25487.5,25501.94921875,0,25500,25510.77181588465,25542.0018879008,179889
2025-11-11 04:25:00+00:00,25570.0888828125,25519.80078125,25493.099609375,25493.150390625,0,25500,25513.53147100644,25539.132999569447,185620
2025-11-11 04:30:00+00:00,25569.3373828125,25528.05078125,25511.849609375,25517.849609375,0,25500,25515.121241087632,25536.52897227952,120359
2025-11-11 04:35:00+00:00,25588.3753828125,25537.400390625,25507.94921875,25518.650390625,0,25550,25522.51442114176,25536.625448400828,387498
2025-11-11 04:40:00+00:00,25552.9531171875,25536.80078125,25501.94921875,25536.19921875,0,25500,25515.65935367784,25532.290919694475,348898
2025-11-11 04:45:00+00:00,25557.41319140625,25512.30078125,25497.19921875,25502.30078125,0,25500,25512.573032660228,25529.05460356079,204827
2025-11-11 04:50:00+00:00,25541.481,25511.0,25487.599609375,25506.75,0,25500,25505.21535510682,25524.23527811569,280832
2025-11-11 04:55:00+00:00,25542.88419140625,25501.94921875,25489.349609375,25489.849609375,0,25500,25500.77703361288,25520.193417179355,112052
2025-11-11 05:00:00+00:00,25520.7403828125,25492.05078125,25467.400390625,25490.80078125,0,25450,25490.45161615859,25513.894337688187,159909
2025-11-11 05:05:00+00:00,25508.3641171875,25472.5,25450.849609375,25469.599609375,0,25450,25479.4508170224,25506.838697820916,411702
2025-11-11 05:10:00+00:00,25509.1156171875,25461.44921875,25452.94921875,25458.0,0,25450,25472.3669509316,25500.75876293705,464918
2025-11-11 05:15:00+00:00,25507.56369140625,25464.599609375,25452.05078125,25458.19921875,0,25450,25467.12809749607,25495.245216398045,312467
2025-11-11 05:20:00+00:00,25527.9031171875,25479.44921875,25451.80078125,25455.75,0,25500,25470.401804580717,25492.95821669204,308983
2025-11-11 05:25:00+00:00,25537.57280859375,25487.599609375,25473.30078125,25476.5,0,25500,25475.80107284548,25492.16339077741,197749
2025-11-11 05:30:00+00:00,25532.36319140625,25494.05078125,25481.400390625,25486.55078125,0,25500,25477.66751210532,25490.81801575836,369703
2025-11-11 05:35:00+00:00,25537.07180859375,25488.849609375,25476.099609375,25480.80078125,0,25500,25480.47821119521,25490.22821496044,126607
2025-11-11 05:40:00+00:00,25529.4061171875,25488.05078125,25474.94921875,25486.400390625,0,25500,25479.801880380142,25488.755840434136,386856
2025-11-11 05:45:00+00:00,25521.34119140625,25483.69921875,25469.25,25478.55078125,0,25450,25476.66805046177,25486.461409207997,489317
2025-11-11 05:50:00+00:00,25517.8831171875,25474.099609375,25463.19921875,25469.5,0,25450,25473.428439891184,25484.022385400745,228321
2025-11-11 05:55:00+00:00,25523.4958828125,25474.44921875,25466.150390625,25466.650390625,0,25450,25473.135887010794,25482.5884348819,118024
2025-11-11 06:00:00+00:00,25526.55080859375,25478.650390625,25470.0,25473.05078125,0,25500,25473.957127798865,25481.714831693535,461822
2025-11-11 06:05:00+00:00,25535.31830859375,25487.19921875,25467.400390625,25476.05078125,0,25500,25477.421288324247,25482.04417890372,179236
2025-11-11 06:10:00+00:00,25547.59280859375,25499.349609375,25483.400390625,25484.650390625,0,25500,25483.814062007837,25483.863607712632,347615
2025-11-11 06:15:00+00:00,25555.15869140625,25506.25,25495.400390625,25496.44921875,0,25500,25490.59283821356,25486.39945557668,140371
2025-11-11 06:20:00+00:00,25581.41030859375,25531.55078125,25499.30078125,25503.30078125,0,25550,25503.84509526737,25491.893224801468,265387
2025-11-11 06:25:00+00:00,25579.1068828125,25539.849609375,25523.599609375,25530.19921875,0,25550,25511.913657261583,25496.41291935753,458812
2025-11-11 06:30:00+00:00,25591.8315,25541.099609375,25526.400390625,25527.94921875,0,25550,25521.525771507724,25501.955054437844,447767
2025-11-11 06:35:00+00:00,25588.42430859375,25556.44921875,25533.5,25542.400390625,0,25550,25526.800384130154,25506.379373804983,171071
2025-11-11 06:40:00+00:00,25589.3773828125,25544.30078125,25529.55078125,25536.94921875,0,25550,25530.63384983677,25510.369549735613,368436
2025-11-11 06:45:00+00:00,25602.6538828125,25551.55078125,25534.30078125,25538.19921875,0,25550,25537.60616030785,25515.51720367491,102871
2025-11-11 06:50:00+00:00,25608.21380859375,25559.849609375,25548.55078125,25551.0,0,25550,25544.10397666357,25520.71500438742,331190
2025-11-11 06:55:00+00:00,25625.4493828125,25575.650390625,25549.5,25557.44921875,0,25550,25554.16957819238,25527.41322649524,100755
2025-11-11 07:00:00+00:00,25640.679,25590.55078125,25571.19921875,25574.30078125,0,25600,25565.94638546159,25535.174073183334,449171
2025-11-11 07:05:00+00:00,25627.3516171875,25589.5,25571.19921875,25588.599609375,0,25600,25569.363996557728,25540.30221637917,369032
2025-11-11 07:10:00+00:00,25624.04619140625,25579.400390625,25563.150390625,25575.44921875,0,25550,25570.542794580157,25544.3769881599,394412
2025-11-11 07:15:00+00:00,25632.76280859375,25581.599609375,25565.69921875,25572.349609375,0,25600,25574.22839951177,25549.029815811788,359618
2025-11-11 07:20:00+00:00,25624.8975,25582.75,25570.05078125,25579.650390625,0,25550,25574.06893300785,25552.119838835315,490276
2025-11-11 07:25:00+00:00,25618.48430859375,25573.44921875,25558.849609375,25572.599609375,0,25550,25571.829158463566,25554.02356015277,393241
2025-11-11 07:30:00+00:00,25619.3356171875,25571.599609375,25561.5,25568.150390625,0,25550,25570.61917855905,25555.79551747743,186194
2025-11-11 07:35:00+00:00,25622.79369140625,25580.5,25566.30078125,25567.900390625,0,25550,25570.96291591437,25557.777376620877,379802
2025-11-11 07:40:00+00:00,25639.52630859375,25588.349609375,25569.94921875,25571.55078125,0,25600,25576.758480401244,25561.59890571514,494912
2025-11-11 07:45:00+00:00,25660.2688828125,25611.5,25586.80078125,25587.849609375,0,25600,25587.522580684163,25567.530390157,339359
2025-11-11 07:50:00+00:00,25666.4805,25615.599609375,25604.75,25608.69921875,0,25600,25596.765053789444,25573.495341387374,442596
2025-11-11 07:55:00+00:00,25659.56630859375,25618.05078125,25605.650390625,25614.900390625,0,25600,25600.626572317964,25577.852124885827,379788
2025-11-11 08:00:00+00:00,25674.4965,25624.0,25605.349609375,25606.849609375,0,25600,25608.167714878644,25583.526859275094,396765
2025-11-11 08:05:00+00:00,25695.88880859375,25644.94921875,25620.099609375,25622.650390625,0,25650,25620.311679710765,25591.160953037583,223955
2025-11-11 08:10:00+00:00,25677.7021171875,25647.75,25623.30078125,25644.349609375,0,25650,25622.357526057174,25595.57198625164,135340
2025-11-11 08:15:00+00:00,25717.7821171875,25667.75,25625.80078125,25626.44921875,0,25650,25637.054756954785,25604.43164031393,408919
2025-11-11 08:20:00+00:00,25722.0406171875,25672.5,25661.75,25666.099609375,0,25650,25648.26957755319,25612.71508761844,313568
2025-11-11 08:25:00+00:00,25686.3208828125,25671.400390625,25622.25,25670.5,0,25650,25643.8633121188,25615.507049322387,416878
2025-11-11 08:30:00+00:00,25693.88480859375,25651.05078125,25630.150390625,25634.400390625,0,25650,25643.442077870863,25618.893619328963,175444
2025-11-11 08:35:00+00:00,25712.772117187502,25663.44921875,25640.849609375,25641.849609375,0,25650,25649.444458163915,25624.21306925659,147039
2025-11-11 08:40:00+00:00,25698.4936171875,25662.849609375,25644.150390625,25660.900390625,0,25650,25648.696045025947,25627.086337943267,264440
2025-11-11 08:45:00+00:00,25730.859,25681.400390625,25645.150390625,25646.400390625,0,25700,25658.964030017298,25633.63804570036,255541
2025-11-11 08:50:00+00:00,25737.9238828125,25686.55078125,25669.849609375,25679.0,0,25700,25668.15961376153,25640.252137644064,178834
2025-11-11 08:55:00+00:00,25741.4308828125,25693.599609375,25683.349609375,25685.75,0,25700,25675.456669591025,25646.476968094805,371861
2025-11-11 09:00:00+00:00,25748.0926171875,25699.80078125,25688.25,25690.650390625,0,25700,25682.537519310685,25652.754749426706,188124
2025-11-11 09:05:00+00:00,25706.96169140625,25697.400390625,25654.55078125,25696.05078125,0,25650,25673.57514308213,25653.11670457649,496120
2025-11-11 09:10:00+00:00,25714.7761171875,25679.05078125,25653.69921875,25655.55078125,0,25650,25670.19983497142,25654.40826884818,134154
2025-11-11 09:15:00+00:00,25718.68430859375,25673.05078125,25660.75,25662.849609375,0,25650,25669.24975977261,25656.025936414037,340434
2025-11-11 09:20:00+00:00,25732.96280859375,25693.19921875,25666.80078125,25667.80078125,0,25700,25673.366376306745,25659.222645534155,247038
2025-11-11 09:25:00+00:00,25727.9038828125,25683.44921875,25670.75,25680.80078125,0,25700,25674.42784462117,25661.38866249864,339899
2025-11-11 09:30:00+00:00,25745.23730859375,25702.150390625,25677.94921875,25677.94921875,0,25700,25680.90176620578,25665.44628085818,254761
2025-11-11 09:35:00+00:00,25732.71230859375,25700.650390625,25676.5,25692.849609375,0,25700,25681.05104726219,25667.434196922783,415332
2025-11-11 09:40:00+00:00,25746.29019140625,25697.099609375,25670.599609375,25681.94921875,0,25700,25685.667495049795,25670.86747113556,355477
2025-11-11 09:45:00+00:00,25752.25130859375,25700.849609375,25686.94921875,25695.30078125,0,25700,25690.728199824865,25674.61523841549,459432
2025-11-11 09:50:00+00:00,25755.55869140625,25706.900390625,25694.599609375,25699.30078125,0,25700,25695.20226342491,25678.30713244168,143948
2025-11-11 09:55:00+00:00,25756.9618828125,25713.80078125,25703.05078125,25704.55078125,0,25700,25698.65176936661,25681.71258854272,356891
2025-11-12 03:45:00+00:00,25858.8136171875,25832.5,25805.400390625,25822.599609375,0,25800,25734.83425249441,25697.39841731863,278610
2025-11-12 03:50:00+00:00,25891.2298828125,25848.80078125,25805.94921875,25808.599609375,0,25850,25769.739762079607,25715.16746281005,125870
2025-11-12 03:55:00+00:00,25845.588,25839.94921875,25791.900390625,25839.400390625,0,25800,25777.826508053076,25725.021529958794,309992
2025-11-12 04:00:00+00:00,25839.6268828125,25804.69921875,25786.900390625,25792.75,0,25800,25781.23459911872,25732.9001863702,496435
2025-11-12 04:05:00+00:00,25837.572,25796.0,25781.25,25788.849609375,0,25800,25782.823066079145,25739.537663073923,265448
2025-11-12 04:10:00+00:00,25896.4395,25851.099609375,25784.599609375,25786.349609375,0,25850,25803.4653773861,25752.689205189683,447483
2025-11-12 04:15:00+00:00,25905.5083828125,25857.69921875,25843.69921875,25845.0,0,25850,25820.24384534073,25765.328152197224,302578
2025-11-12 04:20:00+00:00,25906.30880859375,25860.650390625,25846.5,25852.900390625,0,25850,25831.69576668549,25776.487084344444,201758
2025-11-12 04:25:00+00:00,25908.56330859375,25860.94921875,25848.69921875,25853.349609375,0,25850,25840.08038091533,25786.532399973265,426092
2025-11-12 04:30:00+00:00,25898.9953828125,25863.849609375,25844.30078125,25859.400390625,0,25850,25842.48718102689,25794.12844763286,295313
2025-11-12 04:35:00+00:00,25896.9405,25858.05078125,25840.69921875,25847.5,0,25850,25843.408120684595,25800.51864167875,460005
2025-11-12 04:40:00+00:00,25891.52930859375,25849.19921875,25836.19921875,25845.349609375,0,25850,25842.221950248066,25805.43501264078,453345
2025-11-12 04:45:00+00:00,25888.6231171875,25852.55078125,25835.94921875,25839.75,0,25850,25840.464373082046,25809.374288404437,439357
2025-11-12 04:50:00+00:00,25886.82069140625,25843.75,25829.94921875,25837.44921875,0,25850,25838.693045596367,25812.59630118201,216617
2025-11-12 04:55:00+00:00,25891.9813828125,25841.349609375,25833.05078125,25835.55078125,0,25850,25839.228957480915,25816.059361190502,391908
2025-11-12 05:00:00+00:00,25911.72,25861.400390625,25835.44921875,25840.19921875,0,25850,25846.15263832061,25821.551941041693,369610
2025-11-12 05:05:00+00:00,25918.9336171875,25869.44921875,25852.849609375,25857.849609375,0,25850,25853.16816513041,25827.25785075523,310691
2025-11-12 05:10:00+00:00,25923.39369140625,25878.0,25866.80078125,25867.599609375,0,25850,25859.328906961942,25832.80691823895,378788
2025-11-12 05:15:00+00:00,25926.5503828125,25876.099609375,25866.650390625,25871.400390625,0,25850,25864.486198391296,25838.05615111533,177153
2025-11-12 05:20:00+00:00,25928.7031171875,25877.150390625,25869.849609375,25874.05078125,0,25900,25868.640538510863,25842.917784569665,340637
2025-11-12 05:25:00+00:00,25917.08030859375,25876.849609375,25863.900390625,25876.099609375,0,25850,25867.543562132247,25845.72176267033,354451
2025-11-12 05:30:00+00:00,25920.9376171875,25873.900390625,25862.94921875,25865.349609375,0,25850,25868.0954476715,25848.65644468029,416612
2025-11-12 05:35:00+00:00,25933.4626171875,25882.849609375,25869.94921875,25869.94921875,0,25900,25872.63003803101,25852.786791439004,152848
2025-11-12 05:40:00+00:00,25933.66419140625,25884.19921875,25873.650390625,25881.75,0,25900,25875.72015556234,25856.42599133725,429509
2025-11-12 05:45:00+00:00,25932.0613828125,25884.650390625,25878.5,25882.599609375,0,25900,25877.24703079156,25859.41034007635,188226
2025-11-12 05:50:00+00:00,25938.87380859375,25889.25,25878.900390625,25880.69921875,0,25900,25880.53122365271,25862.87149873868,107301
2025-11-12 05:55:00+00:00,25938.87380859375,25891.19921875,25882.849609375,25888.599609375,0,25900,25882.720685560143,25865.90001256822,361542
2025-11-12 06:00:00+00:00,25949.796,25898.80078125,25884.349609375,25886.849609375,0,25900,25887.81379037343,25869.912510997197,378862
2025-11-12 06:05:00+00:00,25945.7371171875,25900.349609375,25889.849609375,25898.30078125,0,25900,25889.858933165626,25872.917099466293,301365
2025-11-12 06:10:00+00:00,25944.13430859375,25895.650390625,25888.25,25894.099609375,0,25900,25890.68915856875,25875.34616320488,478577
2025-11-12 06:15:00+00:00,25948.0933828125,25901.099609375,25892.25,25892.400390625,0,25900,25892.5596994625,25877.965490460523,374163
2025-11-12 06:20:00+00:00,25949.0953828125,25899.19921875,25892.349609375,25896.150390625,0,25900,25894.140060058337,25880.38240180921,290179
2025-11-12 06:25:00+00:00,25944.93669140625,25907.599609375,25892.650390625,25897.849609375,0,25900,25893.810170247227,25881.978400411183,460821
2025-11-12 06:30:00+00:00,25942.9816171875,25894.150390625,25886.69921875,25892.5,0,25900,25892.939853081487,25883.131002703536,348992
2025-11-12 06:35:00+00:00,25951.2481171875,25900.44921875,25889.25,25891.44921875,0,25900,25895.10964163766,25885.170779709344,464336
2025-11-12 06:40:00+00:00,25940.5275,25901.30078125,25886.099609375,25899.5,0,25900,25892.989761091776,25885.618182245675,335233
2025-11-12 06:45:00+00:00,25940.67819140625,25892.55078125,25887.150390625,25887.900390625,0,25900,25891.62663760285,25886.02845829309,385800
2025-11-12 06:50:00+00:00,25945.3378828125,25894.400390625,25887.19921875,25888.900390625,0,25900,25892.26801881857,25886.968748662704,349440
2025-11-12 06:55:00+00:00,25949.5455,25901.80078125,25891.5,25893.349609375,0,25900,25894.095345879046,25888.316405079862,292428
2025-11-12 07:00:00+00:00,25954.3558828125,25905.55078125,25897.599609375,25897.599609375,0,25900,25896.913824336032,25890.09570210113,264358
2025-11-12 07:05:00+00:00,25968.5326171875,25919.05078125,25902.05078125,25902.05078125,0,25900,25903.50895580736,25893.421141682244,499723
2025-11-12 07:10:00+00:00,25969.5855,25923.900390625,25914.900390625,25915.599609375,0,25900,25908.25597053824,25896.46224897196,304718
2025-11-12 07:15:00+00:00,25964.17430859375,25920.349609375,25911.05078125,25917.099609375,0,25900,25909.620516817165,25898.44816902234,394877
2025-11-12 07:20:00+00:00,25953.7531171875,25915.75,25901.05078125,25912.650390625,0,25900,25907.06341746145,25898.8858002383,251798
2025-11-12 07:25:00+00:00,25967.5306171875,25917.55078125,25900.19921875,25901.650390625,0,25900,25909.942017890968,25900.987477552266,414294
2025-11-12 07:30:00+00:00,25969.5855,25919.0,25912.55078125,25915.80078125,0,25900,25912.544678593986,25903.08279285823,264535
2025-11-12 07:35:00+00:00,25967.331,25920.650390625,25912.5,25917.55078125,0,25900,25913.529785729323,25904.63494375095,188573
2025-11-12 07:40:00+00:00,25975.0965,25926.75,25915.19921875,25915.19921875,0,25900,25916.76985715288,25906.96182578208,179392
2025-11-12 07:45:00+00:00,25972.0396171875,25926.05078125,25916.30078125,25922.94921875,0,25900,25917.912977685257,25908.61649990307,115914
2025-11-12 07:50:00+00:00,25980.00669140625,25928.44921875,25918.75,25920.0,0,25950,25921.32544866517,25911.058236243312,297435
2025-11-12 07:55:00+00:00,25967.3818828125,25929.400390625,25912.75,25928.19921875,0,25900,25919.400559526784,25911.619804369147,140524
2025-11-12 08:00:00+00:00,25964.7751171875,25915.849609375,25903.05078125,25915.849609375,0,25900,25917.250112601192,25911.785981166755,464596
2025-11-12 08:05:00+00:00,25978.8031171875,25928.80078125,25906.94921875,25911.69921875,0,25950,25920.48314798413,25913.68138586466,119357
2025-11-12 08:10:00+00:00,25972.842,25934.0,25913.69921875,25926.349609375,0,25900,25920.65543198942,25914.59621263158,479539
2025-11-12 08:15:00+00:00,25974.7951171875,25927.099609375,25917.400390625,25921.75,0,25900,25921.420027576285,25915.64033839638,473947
2025-11-12 08:20:00+00:00,25971.5386171875,25925.099609375,25919.400390625,25923.0,0,25900,25920.84642463419,25916.14769844058,400480
2025-11-12 08:25:00+00:00,25967.5815,25922.94921875,25914.400390625,25919.400390625,0,25900,25919.147616422797,25916.097986135508,468155
2025-11-12 08:30:00+00:00,25963.67330859375,25918.80078125,25904.94921875,25916.099609375,0,25900,25916.714947406865,25915.566939040444,308954
2025-11-12 08:35:00+00:00,25936.41969140625,25912.94921875,25882.849609375,25911.849609375,0,25900,25906.02676181291,25911.702370488518,206428
2025-11-12 08:40:00+00:00,25945.0873828125,25896.099609375,25878.099609375,25885.25,0,25900,25901.784768291946,25909.4021718337,306131
2025-11-12 08:45:00+00:00,25942.7311171875,25896.0,25888.80078125,25893.19921875,0,25900,25898.172918444638,25907.09555269824,312044
2025-11-12 08:50:00+00:00,25932.66219140625,25892.400390625,25878.19921875,25890.80078125,0,25900,25892.415409171423,25903.82115743908,349868
2025-11-12 08:55:00+00:00,25940.277000000002,25908.5,25880.25,25881.75,0,25900,25891.110272780952,25901.906012759195,423832
2025-11-12 09:00:00+00:00,25945.93869140625,25896.650390625,25886.349609375,25887.30078125,0,25900,25892.12364539564,25900.93655999242,195100
2025-11-12 09:05:00+00:00,25942.5823828125,25898.0,25890.44921875,25895.5,0,25900,25891.682690680427,25899.669587649616,184187
2025-11-12 09:10:00+00:00,25938.3238828125,25895.80078125,25869.599609375,25890.69921875,0,25900,25889.972054203623,25898.029736849665,426082
2025-11-12 09:15:00+00:00,25935.8188828125,25890.349609375,25882.80078125,25886.599609375,0,25900,25887.998296552418,25896.282367399708,232580
2025-11-12 09:20:00+00:00,25946.8408828125,25898.30078125,25882.75,25884.05078125,0,25900,25890.34912478495,25896.128419130997,303998
2025-11-12 09:25:00+00:00,25946.3398828125,25898.44921875,25887.650390625,25894.849609375,0,25900,25891.74967693997,25895.93121439587,306377
2025-11-12 09:30:00+00:00,25939.17519140625,25896.400390625,25886.849609375,25896.400390625,0,25900,25890.299914834977,25894.86486142451,351646
2025-11-12 09:35:00+00:00,25947.0405,25897.0,25885.099609375,25887.599609375,0,25900,25891.94994322332,25894.91300374645,130766
2025-11-12 09:40:00+00:00,25936.16919140625,25896.599609375,25880.849609375,25895.400390625,0,25900,25889.43342569055,25893.598927106264,121268
2025-11-12 09:45:00+00:00,25921.89069140625,25885.0,25870.150390625,25884.349609375,0,25850,25883.005747335366,25890.667860046105,294139
2025-11-12 09:50:00+00:00,25910.11719140625,25872.19921875,25857.55078125,25872.19921875,0,25850,25874.803961765247,25886.634426368462,474779
2025-11-12 09:55:00+00:00,25925.748,25877.30078125,25853.55078125,25860.25,0,25850,25874.535974510167,25885.05512307241,444892
2025-11-13 03:45:00+00:00,25895.6371171875,25902.44921875,25834.599609375,25902.44921875,0,25850,25864.34038925678,25879.916885032108,266279
2025-11-13 03:50:00+00:00,25898.1421171875,25846.44921875,25809.0,25842.75,0,25850,25858.37666575452,25875.733426746843,391128
2025-11-13 03:55:00+00:00,25927.3018828125,25887.75,25846.400390625,25847.349609375,0,25900,25864.10137091968,25875.710596059736,380315
2025-11-13 04:00:00+00:00,25900.84869140625,25877.75,25847.400390625,25875.80078125,0,25850,25859.11771082145,25872.390570380398,120170
2025-11-13 04:05:00+00:00,25891.8796171875,25857.69921875,25831.900390625,25848.25,0,25850,25852.81154679764,25868.366651426597,169824
2025-11-13 04:10:00+00:00,25908.714,25858.400390625,25837.30078125,25841.150390625,0,25850,25854.20769786509,25866.94581999827,360757
2025-11-13 04:15:00+00:00,25931.60930859375,25882.94921875,25855.55078125,25856.30078125,0,25900,25862.75500170173,25868.55879367036,360699
2025-11-13 04:20:00+00:00,25916.6791171875,25888.400390625,25864.80078125,25880.44921875,0,25850,25863.486407384487,25868.10759680532,241217
2025-11-13 04:25:00+00:00,25929.40569140625,25880.0,25858.80078125,25865.25,0,25900,25868.207735131327,25869.300446032776,158193
2025-11-13 04:30:00+00:00,25928.10230859375,25886.80078125,25873.05078125,25876.900390625,0,25900,25870.92169321256,25870.181591450557,197481
2025-11-13 04:35:00+00:00,25946.69019140625,25898.19921875,25873.900390625,25876.849609375,0,25900,25878.91459235004,25873.27144134736,196333
2025-11-13 04:40:00+00:00,25950.297,25900.25,25891.44921875,25896.19921875,0,25900,25885.443061566693,25876.425011178937,172562
2025-11-13 04:45:00+00:00,25954.20519140625,25906.849609375,25896.80078125,25898.55078125,0,25900,25891.095504586134,25879.67193360969,339890
2025-11-13 04:50:00+00:00,25965.0256171875,25914.5,25892.44921875,25903.19921875,0,25900,25898.463409307427,25883.86284425223,302029
2025-11-13 04:55:00+00:00,25964.2741171875,25912.599609375,25905.099609375,25912.150390625,0,25900,25903.125345788285,25887.43614106445,175184
2025-11-13 05:00:00+00:00,25976.94980859375,25926.19921875,25911.5,25911.69921875,0,25950,25910.45010031719,25892.14407460327,352595
2025-11-13 05:05:00+00:00,25976.0476171875,25928.849609375,25920.25,25925.400390625,0,25900,25915.0331397948,25896.15096762161,492271
2025-11-13 05:10:00+00:00,25980.3061171875,25929.900390625,25923.44921875,25924.05078125,0,25950,25919.5051661132,25900.18824901266,290833
2025-11-13 05:15:00+00:00,25991.9308828125,25940.05078125,25925.599609375,25928.30078125,0,25950,25926.353704492136,25905.171065542327,323965
2025-11-13 05:20:00+00:00,25995.3361171875,25947.55078125,25939.25,25940.400390625,0,25950,25932.05220924476,25909.955834693286,247006
2025-11-13 05:25:00+00:00,25998.743308593752,25947.94921875,25941.44921875,25943.75,0,25950,25936.984675954845,25914.567556528506,195615
2025-11-13 05:30:00+00:00,26016.2293828125,25965.150390625,25947.0,25947.400390625,0,25950,25946.090044386565,25920.78420961869,210050
2025-11-13 05:35:00+00:00,26019.8851171875,25975.75,25964.75,25965.30078125,0,25950,25953.376435841048,25926.679835760104,185328
2025-11-13 05:40:00+00:00,26015.27630859375,25968.80078125,25954.599609375,25968.55078125,0,25950,25956.700827019034,25931.263557461967,280390
2025-11-13 05:45:00+00:00,26013.9748828125,25969.94921875,25960.55078125,25963.400390625,0,25950,25958.484145096023,25935.11196043547,339566
2025-11-13 05:50:00+00:00,26019.28430859375,25970.94921875,25961.19921875,25962.05078125,0,25950,25961.439299855683,25939.141666552918,250546
2025-11-13 05:55:00+00:00,26021.28830859375,25978.400390625,25965.349609375,25966.80078125,0,25950,25964.07606969546,25942.917659405677,471863
2025-11-13 06:00:00+00:00,26012.6715,25969.75,25959.150390625,25969.55078125,0,25950,25962.967379796974,25945.146701979964,444636
2025-11-13 06:05:00+00:00,26023.6426171875,25973.349609375,25958.05078125,25960.150390625,0,25950,25965.87799278132,25948.465766576217,255628
2025-11-13 06:10:00+00:00,26015.1256171875,25973.099609375,25959.05078125,25971.349609375,0,25950,25964.98506810421,25950.30744809794,237710
2025-11-13 06:15:00+00:00,26020.8871171875,25972.05078125,25959.099609375,25963.150390625,0,25950,25966.30645165281,25952.63766942945,400528
2025-11-13 06:20:00+00:00,26024.29430859375,25974.150390625,25965.900390625,25968.05078125,0,25950,25968.32083756021,25955.101661922643,277250
2025-11-13 06:25:00+00:00,26035.9171171875,25983.94921875,25967.19921875,25972.599609375,0,26000,25973.53029795681,25958.707606526063,115546
2025-11-13 06:30:00+00:00,26024.445,25981.94921875,25968.099609375,25981.75,0,25950,25973.186865304546,25960.431655710305,128432
2025-11-13 06:35:00+00:00,26033.9131171875,25983.650390625,25970.25,25972.400390625,0,26000,25976.10764978636,25963.121351090267,377938
2025-11-13 06:40:00+00:00,26032.05980859375,25984.75,25978.900390625,25981.94921875,0,26000,25977.438302982577,25965.24363337586,242457
2025-11-13 06:45:00+00:00,26035.2673828125,25986.25,25976.150390625,25980.5,0,26000,25979.392462405056,25967.500776860128,196912
2025-11-13 06:50:00+00:00,26037.57080859375,25987.25,25980.400390625,25982.349609375,0,26000,25981.46151139504,25969.76313092449,140200
2025-11-13 06:55:00+00:00,26032.11069140625,25985.69921875,25977.900390625,25985.099609375,0,26000,25981.02447113836,25971.06153838705,374433
2025-11-13 07:00:00+00:00,26014.6755,25980.900390625,25962.75,25980.55078125,0,25950,25974.93298075891,25970.022596088667,452140
2025-11-13 07:05:00+00:00,26001.74930859375,25964.900390625,25942.05078125,25963.849609375,0,25950,25966.57185696428,25967.500972749454,167085
2025-11-13 07:10:00+00:00,26001.1993828125,25954.599609375,25944.150390625,25950.25,0,25950,25960.814831726188,25965.225948812025,179010
2025-11-13 07:15:00+00:00,26004.4558828125,25954.599609375,25944.25,25949.900390625,0,25950,25958.06014823413,25963.64155286677,107133
2025-11-13 07:20:00+00:00,25994.584617187502,25961.80078125,25936.849609375,25951.80078125,0,25950,25952.939838406088,25961.023761102173,114043
2025-11-13 07:25:00+00:00,26021.6386171875,25970.19921875,25940.150390625,25942.0,0,25950,25958.526298520726,25962.10819330815,375509
2025-11-13 07:30:00+00:00,26035.6666171875,25989.400390625,25970.44921875,25970.44921875,0,26000,25966.917271930484,25964.807071488383,301480
2025-11-13 07:35:00+00:00,26032.0108828125,25988.55078125,25978.55078125,25983.099609375,0,26000,25971.295108370323,25966.712535208582,381632
2025-11-13 07:40:00+00:00,26029.9051171875,25981.55078125,25972.75,25980.099609375,0,26000,25973.51314516355,25968.117120651263,131941
2025-11-13 07:45:00+00:00,26026.6486171875,25983.30078125,25970.900390625,25978.55078125,0,25950,25973.908503025705,25968.939882913604,184640
2025-11-13 07:50:00+00:00,26036.97,25989.099609375,25972.75,25974.25,0,26000,25977.60566868381,25970.947397549404,346563
2025-11-13 07:55:00+00:00,26032.962,25984.599609375,25973.599609375,25984.400390625,0,26000,25978.73711245587,25972.20397285573,448154
2025-11-13 08:00:00+00:00,26029.80530859375,25982.94921875,25975.150390625,25981.349609375,0,26000,25978.441278095583,25972.90967742064,350139
2025-11-13 08:05:00+00:00,26045.63769140625,25998.19921875,25977.55078125,25977.75,0,26000,25983.51098227205,25975.502266571184,411064
2025-11-13 08:10:00+00:00,26050.59680859375,26010.0,25993.150390625,25994.349609375,0,26000,25988.540524639702,25978.38943442166,183809
2025-11-13 08:15:00+00:00,26037.972,26003.44921875,25985.0,25998.599609375,0,26000,25987.69368309314,25979.340755118952,147541
2025-11-13 08:20:00+00:00,26028.1516171875,25988.55078125,25974.5,25986.30078125,0,26000,25983.862194978763,25978.948063072832,391901
2025-11-13 08:25:00+00:00,25981.00869140625,25979.30078125,25928.44921875,25975.849609375,0,25950,25965.624926860844,25972.723354016853,344469
2025-11-13 08:30:00+00:00,25959.46569140625,25936.650390625,25901.75,25931.55078125,0,25900,25946.3000814489,25964.589233592877,452782
2025-11-13 08:35:00+00:00,25945.93869140625,25923.650390625,25893.30078125,25908.69921875,0,25900,25928.91685117427,25955.784378221888,198993
2025-11-13 08:40:00+00:00,25946.2381171875,25898.400390625,25871.099609375,25895.30078125,0,25900,25917.42764036618,25948.1174832879,450755
2025-11-13 08:45:00+00:00,25969.3858828125,25918.19921875,25892.900390625,25894.0,0,25900,25917.46868732745,25944.296645533163,460606
2025-11-13 08:50:00+00:00,25962.321,25919.650390625,25892.900390625,25917.30078125,0,25900,25915.14579155164,25940.072064841515,173521
2025-11-13 08:55:00+00:00,25973.44280859375,25922.650390625,25907.80078125,25909.849609375,0,25900,25917.297064159426,25937.7630079082,241004
2025-11-13 09:00:00+00:00,25967.3818828125,25932.849609375,25915.5,25921.25,0,25900,25916.714969856286,25934.986479575928,144649
2025-11-13 09:05:00+00:00,25963.47369140625,25921.349609375,25906.0,25915.30078125,0,25900,25915.026776779192,25932.069468457063,273240
2025-11-13 09:10:00+00:00,25975.8988828125,25939.94921875,25908.69921875,25911.900390625,0,25900,25918.034778269463,25931.067132556174,125988
2025-11-13 09:15:00+00:00,25974.6463828125,25931.400390625,25919.30078125,25923.80078125,0,25900,25919.623445929647,25930.033838642907,390098
2025-11-13 09:20:00+00:00,25951.44969140625,25925.900390625,25882.150390625,25923.19921875,0,25900,25912.9657608281,25926.23590764067,374482
2025-11-13 09:25:00+00:00,25930.4566171875,25902.05078125,25878.5,25899.650390625,0,25900,25901.543580135403,25920.293821529336,205892
2025-11-13 09:30:00+00:00,25940.42769140625,25889.650390625,25869.849609375,25878.349609375,0,25900,25897.245850298605,25916.338392666294,314102
2025-11-13 09:35:00+00:00,25929.60530859375,25889.94921875,25876.349609375,25889.19921875,0,25900,25890.78043665741,25911.52729475488,454650
2025-11-13 09:40:00+00:00,25930.3078828125,25881.0,25866.099609375,25877.05078125,0,25900,25886.70388485494,25907.40523056677,296723
2025-11-13 09:45:00+00:00,25924.4955,25903.099609375,25868.44921875,25878.19921875,0,25850,25882.05258990329,25903.073326745925,448754
2025-11-13 09:50:00+00:00,25927.90269140625,25883.80078125,25871.69921875,25873.5,0,25900,25880.085190143865,25899.70795973081,341451
2025-11-13 09:55:00+00:00,25935.86780859375,25888.80078125,25873.400390625,25875.19921875,0,25900,25881.42332988758,25897.75691593633,461853
2025-11-14 03:45:00+00:00,25862.3206171875,25826.44921875,25767.30078125,25776.849609375,0,25800,25857.84862617505,25886.87470378804,288699
2025-11-14 03:50:00+00:00,25840.2766171875,25811.099609375,25783.55078125,25811.099609375,0,25800,25834.79882370004,25874.602768158285,184938
2025-11-14 03:55:00+00:00,25874.8456171875,25823.19921875,25784.599609375,25788.55078125,0,25800,25830.932288716693,25868.17732448225,365176
2025-11-14 04:00:00+00:00,25928.85380859375,25877.25,25819.0,25824.0,0,25900,25846.3213956028,25869.29261009385,195439
2025-11-14 04:05:00+00:00,25892.08119140625,25878.94921875,25835.94921875,25877.19921875,0,25850,25844.34772727687,25865.68108266024,151111
2025-11-14 04:10:00+00:00,25907.9116171875,25860.94921875,25837.44921875,25839.94921875,0,25850,25848.298224434584,25864.49584967146,257664
2025-11-14 04:15:00+00:00,25906.4086171875,25866.75,25852.349609375,25855.5,0,25850,25850.43188920639,25863.27127080628,387477
2025-11-14 04:20:00+00:00,25843.93430859375,25854.69921875,25791.849609375,25854.69921875,0,25800,25831.071129262597,25854.406063127368,446111
2025-11-14 04:25:00+00:00,25862.3206171875,25818.0,25790.19921875,25792.25,0,25800,25824.280492425063,25848.9427075802,101428
2025-11-14 04:30:00+00:00,25826.19969140625,25814.849609375,25765.0,25811.349609375,0,25750,25807.73712515837,25839.6561679608,405159
2025-11-14 04:35:00+00:00,25841.17880859375,25804.150390625,25773.400390625,25774.650390625,0,25800,25801.69128656392,25833.399098137572,276013
2025-11-14 04:40:00+00:00,25831.6108828125,25790.94921875,25773.849609375,25789.849609375,0,25800,25794.477784792616,25826.73055852663,444220
2025-11-14 04:45:00+00:00,25850.24769140625,25801.44921875,25774.900390625,25779.69921875,0,25800,25795.868653403413,25823.220537538924,313758
2025-11-14 04:50:00+00:00,25837.92230859375,25804.80078125,25786.0,25797.400390625,0,25800,25792.69563872728,25818.611671518436,331494
2025-11-14 04:55:00+00:00,25834.91630859375,25792.349609375,25782.19921875,25787.0,0,25800,25789.580295609856,25814.203913750505,271564
2025-11-14 05:00:00+00:00,25825.19769140625,25791.80078125,25771.5,25783.849609375,0,25750,25784.27032728157,25809.134723359817,432855
2025-11-14 05:05:00+00:00,25820.38730859375,25777.599609375,25765.69921875,25773.30078125,0,25750,25779.130087979385,25804.09908411172,263267
2025-11-14 05:10:00+00:00,25821.63980859375,25777.94921875,25751.849609375,25769.19921875,0,25750,25776.119928444597,25799.849149769627,305062
2025-11-14 05:15:00+00:00,25837.17080859375,25787.75,25768.099609375,25769.849609375,0,25800,25779.279822088065,25798.067957220297,352019
2025-11-14 05:20:00+00:00,25889.07519140625,25837.80078125,25786.0,25786.0,0,25850,25798.65334493371,25802.984511395884,346624
2025-11-14 05:25:00+00:00,25899.84669140625,25852.150390625,25826.19921875,25837.44921875,0,25850,25815.152360164146,25808.630246299523,355078
2025-11-14 05:30:00+00:00,25893.9853828125,25861.400390625,25837.80078125,25849.150390625,0,25850,25824.201833859428,25812.83906316833,275870
2025-11-14 05:35:00+00:00,25901.29880859375,25853.400390625,25840.0,25842.55078125,0,25850,25832.667759031287,25817.434131444166,490378
2025-11-14 05:40:00+00:00,25906.9605,25864.05078125,25845.30078125,25849.150390625,0,25850,25840.195172687527,25822.161115013645,321350
2025-11-14 05:45:00+00:00,25873.5931171875,25863.099609375,25814.94921875,25854.75,0,25800,25834.113188041687,25822.13462798069,338181
2025-11-14 05:50:00+00:00,25870.03719140625,25828.0,25813.94921875,25821.650390625,0,25800,25828.8755889028,25821.667848311223,204890
2025-11-14 05:55:00+00:00,25866.8296171875,25821.900390625,25813.150390625,25818.30078125,0,25800,25824.316798851865,25820.859269616078,127342
2025-11-14 06:00:00+00:00,25860.21680859375,25821.599609375,25799.099609375,25815.19921875,0,25800,25819.07773569291,25819.32681208594,436423
2025-11-14 06:05:00+00:00,25852.75269140625,25815.150390625,25799.05078125,25808.5,0,25800,25813.101954003607,25817.054759403323,469040
2025-11-14 06:10:00+00:00,25841.5291171875,25805.900390625,25786.150390625,25800.849609375,0,25800,25805.384375585734,25813.66656682166,140242
2025-11-14 06:15:00+00:00,25850.498191406252,25805.75,25788.900390625,25789.099609375,0,25800,25803.22304726549,25811.82079479708,484182
2025-11-14 06:20:00+00:00,25851.6,25809.05078125,25797.0,25798.44921875,0,25800,25802.148698177,25810.343195447444,493674
2025-11-14 06:25:00+00:00,25841.0281171875,25800.0,25788.30078125,25799.44921875,0,25800,25797.915538368,25807.731448360264,445053
2025-11-14 06:30:00+00:00,25848.5431171875,25799.25,25788.80078125,25788.94921875,0,25800,25797.593431828667,25806.383669658982,212792
2025-11-14 06:35:00+00:00,25848.69380859375,25802.55078125,25792.55078125,25795.94921875,0,25800,25797.428824344115,25805.22316212349,404253
2025-11-14 06:40:00+00:00,25878.05319140625,25834.94921875,25795.55078125,25795.55078125,0,25850,25807.08601310441,25807.87031568617,274508
2025-11-14 06:45:00+00:00,25877.80269140625,25826.150390625,25816.94921875,25824.75,0,25850,25813.44080561128,25810.15532505353,100805
2025-11-14 06:50:00+00:00,25881.159,25836.849609375,25818.099609375,25825.900390625,0,25850,25818.79387040752,25812.57340942184,322139
2025-11-14 06:55:00+00:00,25885.76780859375,25839.25,25827.25,25829.0,0,25850,25823.89578339668,25815.264184415984,156536
2025-11-14 07:00:00+00:00,25859.21480859375,25836.30078125,25805.599609375,25833.150390625,0,25800,25818.463725389454,25814.30611253586,255338
2025-11-14 07:05:00+00:00,25856.45930859375,25817.5,25802.5,25808.94921875,0,25800,25813.92568671797,25813.124049640755,410685
2025-11-14 07:10:00+00:00,25862.6728828125,25816.0,25803.150390625,25804.75,0,25800,25812.96738489532,25812.86489109191,319643
2025-11-14 07:15:00+00:00,25865.0761171875,25815.25,25792.05078125,25810.75,0,25800,25813.127996180214,25812.93793204917,368144
2025-11-14 07:20:00+00:00,25854.656882812502,25816.400390625,25800.900390625,25813.25,0,25800,25809.76892453681,25811.70203819928,321463
2025-11-14 07:25:00+00:00,25851.50019140625,25809.44921875,25797.69921875,25803.0,0,25800,25806.479413232875,25810.22683225249,442193
2025-11-14 07:30:00+00:00,25839.17480859375,25800.900390625,25786.30078125,25799.650390625,0,25800,25800.18614528025,25807.398429392804,240259
2025-11-14 07:35:00+00:00,25840.077,25795.80078125,25781.75,25787.75,0,25800,25796.29076352017,25805.036125718703,465220
2025-11-14 07:40:00+00:00,25851.19880859375,25804.75,25784.55078125,25788.25,0,25800,25797.393712138448,25804.35656117574,350404
2025-11-14 07:45:00+00:00,25857.96230859375,25816.69921875,25795.0,25799.0,0,25800,25800.3790112173,25804.605692200646,394902
2025-11-14 07:50:00+00:00,25858.8136171875,25810.69921875,25801.94921875,25804.69921875,0,25800,25802.652413728203,25804.929883019315,435066
2025-11-14 07:55:00+00:00,25869.9373828125,25820.19921875,25805.44921875,25805.650390625,0,25800,25807.868536235477,25806.601245298152,319650
2025-11-14 08:00:00+00:00,25857.6628828125,25819.150390625,25801.099609375,25818.0,0,25800,25807.262617906985,25806.53243729213,273428
2025-11-14 08:05:00+00:00,25818.68469140625,25806.19921875,25765.150390625,25805.0,0,25750,25793.891875479658,25801.60968145874,435699
2025-11-14 08:10:00+00:00,25813.9741171875,25775.849609375,25759.30078125,25769.44921875,0,25750,25783.41098990311,25796.714623620148,474447
2025-11-14 08:15:00+00:00,25814.42619140625,25770.55078125,25747.400390625,25758.25,0,25750,25776.57412347708,25792.487844495758,407891
2025-11-14 08:20:00+00:00,25796.7405,25764.349609375,25741.69921875,25763.099609375,0,25750,25766.13274898472,25786.583113933782,350960
2025-11-14 08:25:00+00:00,25813.8253828125,25766.400390625,25744.099609375,25745.30078125,0,25750,25764.855426406484,25783.54782234831,336465
2025-11-14 08:30:00+00:00,25818.38330859375,25770.30078125,25760.05078125,25762.55078125,0,25750,25765.52015406266,25781.460545726648,285739
2025-11-14 08:35:00+00:00,25822.19169140625,25777.599609375,25765.349609375,25766.599609375,0,25750,25767.230232916776,25780.109276338942,332800
2025-11-14 08:40:00+00:00,25825.94919140625,25774.75,25760.900390625,25770.75,0,25750,25769.620285486188,25779.3956656247,300879
2025-11-14 08:45:00+00:00,25823.44419140625,25774.650390625,25759.19921875,25772.849609375,0,25750,25770.38032053246,25778.458756249736,476978
2025-11-14 08:50:00+00:00,25818.534,25771.650390625,25757.150390625,25771.599609375,0,25750,25769.253547021643,25777.02641171852,322898
2025-11-14 08:55:00+00:00,25835.568,25790.400390625,25760.25,25767.150390625,0,25800,25774.169031347767,25777.898110253704,465783
2025-11-14 09:00:00+00:00,25834.66580859375,25796.25,25772.099609375,25783.80078125,0,25800,25777.14589069018,25778.548297643865,346053
2025-11-14 09:05:00+00:00,25845.8385,25797.30078125,25782.150390625,25783.55078125,0,25800,25782.84726046012,25780.511010438386,269431
2025-11-14 09:10:00+00:00,25841.22969140625,25802.69921875,25785.349609375,25794.05078125,0,25800,25785.11497051508,25781.65343296171,213290
2025-11-14 09:15:00+00:00,25836.92030859375,25800.150390625,25782.349609375,25790.80078125,0,25800,25785.19318346839,25782.11545501337,142386
2025-11-14 09:20:00+00:00,25819.88630859375,25791.69921875,25759.099609375,25784.599609375,0,25750,25779.578658770595,25780.39472430857,410409
2025-11-14 09:25:00+00:00,25817.8333828125,25777.69921875,25759.099609375,25768.55078125,0,25750,25775.152699597063,25778.632981426254,255646
2025-11-14 09:30:00+00:00,25938.0225,25892.30078125,25767.599609375,25767.599609375,0,25900,25812.18513306471,25792.08510874797,426912
2025-11-14 09:35:00+00:00,25988.22230859375,25936.44921875,25887.55078125,25887.55078125,0,25950,25853.573291834808,25810.11817132635,352902
2025-11-14 09:40:00+00:00,25982.0596171875,25939.650390625,25907.150390625,25937.44921875,0,25950,25879.115267473207,25825.128302254307,281602
2025-11-14 09:45:00+00:00,25969.98669140625,25935.25,25913.650390625,25930.94921875,0,25900,25892.12697519048,25836.756063300643,131090
2025-11-14 09:50:00+00:00,25983.46280859375,25935.55078125,25917.25,25917.25,0,25950,25905.28451991865,25848.611506559937,294594
2025-11-14 09:55:00+00:00,25968.6343828125,25936.80078125,25906.30078125,25930.75,0,25900,25909.12327369577,25857.135165896198,376888
2025-11-17 03:45:00+00:00,26002.9528828125,25952.05078125,25906.599609375,25940.599609375,0,25950,25923.099109547184,25868.874617815414,380463
2025-11-17 03:50:00+00:00,25995.888,25965.30078125,25942.80078125,25952.44921875,0,25950,25930.06607303146,25878.26529058849,117179
2025-11-17 03:55:00+00:00,26016.4798828125,25975.5,25942.650390625,25944.0,0,25950,25941.56097577097,25889.05097692118,197673
2025-11-17 04:00:00+00:00,26012.57169140625,25978.900390625,25960.650390625,25966.44921875,0,25950,25947.92411405565,25898.00090363416,404619
2025-11-17 04:05:00+00:00,26013.07269140625,25973.0,25958.55078125,25960.599609375,0,25950,25952.332872912106,25905.89458950801,373636
2025-11-17 04:10:00+00:00,26023.34319140625,25974.75,25958.05078125,25961.349609375,0,25950,25958.68871214973,25914.08281464764,396371
2025-11-17 04:15:00+00:00,26014.3741171875,25972.900390625,25949.0,25971.400390625,0,25950,25959.942214349823,25920.128615160436,326178
2025-11-17 04:20:00+00:00,26016.6795,25968.75,25958.05078125,25963.05078125,0,25950,25961.54480956655,25925.706288265377,457414
2025-11-17 04:25:00+00:00,26017.1296171875,25979.5,25964.75,25965.400390625,0,25950,25962.76294596104,25930.642904575958,104027
2025-11-17 04:30:00+00:00,26006.00780859375,25969.599609375,25949.400390625,25966.0,0,25950,25959.875167099024,25933.57499267584,494711
2025-11-17 04:35:00+00:00,26000.5966171875,25962.400390625,25947.19921875,25954.150390625,0,25950,25956.149850982685,25935.465520935108,296451
2025-11-17 04:40:00+00:00,26001.1993828125,25951.94921875,25944.30078125,25948.94921875,0,25950,25953.866827738457,25937.19492847447,198752
2025-11-17 04:45:00+00:00,26015.82819140625,25965.150390625,25947.599609375,25949.44921875,0,25950,25957.211348700643,25940.533111243287,171325
2025-11-17 04:50:00+00:00,26019.1336171875,25971.349609375,25963.75,25965.0,0,25950,25960.54063871709,25943.866374681627,157994
2025-11-17 04:55:00+00:00,25991.22830859375,25966.94921875,25935.75,25965.94921875,0,25950,25953.47696226973,25943.3017790183,219743
2025-11-17 05:00:00+00:00,25999.4458828125,25949.099609375,25938.5,25939.94921875,0,25950,25951.501568596494,25943.832904297265,258534
2025-11-17 05:05:00+00:00,25985.6683828125,25950.900390625,25930.94921875,25948.099609375,0,25950,25945.601306147662,25942.578888916352,136498
2025-11-17 05:10:00+00:00,25987.872,25937.0,25924.75,25934.94921875,0,25950,25942.40087076511,25941.75652780181,155727
2025-11-17 05:15:00+00:00,25992.1305,25944.400390625,25933.30078125,25936.05078125,0,25950,25941.683913843408,25941.568211826583,309491
2025-11-17 05:20:00+00:00,25988.1225,25939.94921875,25929.30078125,25939.80078125,0,25950,25939.872609228943,25940.90343534826,369911
2025-11-17 05:25:00+00:00,25995.0856171875,25945.599609375,25935.900390625,25936.400390625,0,25950,25940.981479069294,25941.19040827348,366137
2025-11-17 05:30:00+00:00,26000.54769140625,25954.19921875,25942.44921875,25942.44921875,0,25950,25943.5377829212,25942.122906067416,281153
2025-11-17 05:35:00+00:00,26000.5966171875,25949.400390625,25934.94921875,25948.94921875,0,25950,25945.2582615308,25942.94494515274,247789
2025-11-17 05:40:00+00:00,25998.0916171875,25949.05078125,25942.75,25949.05078125,0,25950,25945.5719139372,25943.3517293524,489939
2025-11-17 05:45:00+00:00,25991.4298828125,25950.55078125,25939.55078125,25946.80078125,0,25950,25943.56486970813,25942.8766108396,368002
2025-11-17 05:50:00+00:00,25993.23230859375,25941.5,25929.25,25939.900390625,0,25950,25942.82644959709,25942.685735656523,458532
2025-11-17 05:55:00+00:00,25979.856,25941.25,25920.900390625,25941.25,0,25950,25937.8842997314,25940.850018699457,133520
2025-11-17 06:00:00+00:00,25984.96580859375,25934.150390625,25915.099609375,25928.25,0,25950,25936.28940294593,25939.8812175339,255068
2025-11-17 06:05:00+00:00,25984.76619140625,25939.5,25929.30078125,25933.75,0,25950,25935.15973217229,25939.00861417029,174520
2025-11-17 06:10:00+00:00,25995.03669140625,25943.349609375,25930.05078125,25932.150390625,0,25950,25937.823284989863,25939.52633622713,177413
2025-11-17 06:15:00+00:00,25995.23630859375,25945.5,25933.69921875,25943.5,0,25950,25939.665393118245,25940.00424537061,340262
2025-11-17 06:20:00+00:00,26007.912,25957.05078125,25944.150390625,25944.150390625,0,25950,25945.110262078837,25942.003714699284,480168
2025-11-17 06:25:00+00:00,26017.2313828125,25971.0,25954.900390625,25955.69921875,0,25950,25951.84043513589,25944.91584801812,456741
2025-11-17 06:30:00+00:00,26006.4598828125,25968.650390625,25951.099609375,25964.80078125,0,25950,25952.743883840594,25946.120214672104,474597
2025-11-17 06:35:00+00:00,26021.33919140625,25973.69921875,25949.25,25953.650390625,0,25950,25958.29605276873,25949.03023666621,247782
2025-11-17 06:40:00+00:00,26019.58569140625,25973.80078125,25965.94921875,25969.349609375,0,25950,25961.41416538749,25951.357755911064,377679
2025-11-17 06:45:00+00:00,26027.2513828125,25976.650390625,25967.400390625,25968.5,0,26000,25966.043037341664,25954.35063407843,488232
2025-11-17 06:50:00+00:00,26024.6446171875,25976.69921875,25967.44921875,25975.599609375,0,25950,25968.26176447778,25956.64420716237,477277
2025-11-17 06:55:00+00:00,26019.53480859375,25975.349609375,25966.94921875,25972.5,0,25950,25968.041046110186,25958.013632438957,114727
2025-11-17 07:00:00+00:00,26030.30630859375,25978.849609375,25962.69921875,25968.900390625,0,26000,25971.477233865124,25960.55562955596,308559
2025-11-17 07:05:00+00:00,26033.7135,25988.55078125,25976.900390625,25977.44921875,0,26000,25974.901489243417,25963.204925861464,366602
2025-11-17 07:10:00+00:00,26039.1736171875,25990.55078125,25981.80078125,25981.849609375,0,26000,25979.00073241228,25966.20421247253,320741
2025-11-17 07:15:00+00:00,26040.5278828125,25995.30078125,25984.30078125,25986.849609375,0,26000,25982.18408202485,25968.997533569716,125361
2025-11-17 07:20:00+00:00,26045.7883828125,25995.44921875,25979.30078125,25990.05078125,0,26000,25986.056315099908,25972.097939529747,263289
2025-11-17 07:25:00+00:00,26046.08780859375,25996.19921875,25989.849609375,25992.19921875,0,26000,25988.737413191608,25974.848148260404,174639
2025-11-17 07:30:00+00:00,26039.07380859375,25996.0,25985.94921875,25994.900390625,0,26000,25988.19147858607,25976.379580899727,498602
2025-11-17 07:35:00+00:00,26029.2045,25988.849609375,25972.80078125,25987.19921875,0,26000,25984.544319057382,25976.488383287266,107362
2025-11-17 07:40:00+00:00,26032.9111171875,25984.44921875,25976.349609375,25977.44921875,0,26000,25983.34595228826,25977.045987720103,137008
2025-11-17 07:45:00+00:00,26031.7603828125,25983.5,25977.69921875,25980.349609375,0,26000,25982.164228608843,25977.39033691134,384612
2025-11-17 07:50:00+00:00,26024.7463828125,25983.0,25969.30078125,25980.25,0,25950,25979.04307948923,25976.816642453672,119819
2025-11-17 07:55:00+00:00,26027.7015,25981.05078125,25972.19921875,25973.099609375,0,26000,25977.945386326155,25976.683312146964,490511
2025-11-17 08:00:00+00:00,26031.6586171875,25980.80078125,25965.650390625,25976.75,0,26000,25978.529997134105,25977.060300472345,293448
2025-11-17 08:05:00+00:00,26035.9171171875,25996.900390625,25979.94921875,25979.94921875,0,26000,25980.336404339407,25977.921415257053,205125
2025-11-17 08:10:00+00:00,26045.487,25996.849609375,25980.099609375,25984.25,0,26000,25984.724269559607,25979.86873834992,328516
2025-11-17 08:15:00+00:00,26047.4401171875,25999.900390625,25992.400390625,25993.69921875,0,26000,25988.299252623077,25981.81629839993,409825
2025-11-17 08:20:00+00:00,26046.2893828125,26002.94921875,25987.849609375,25996.0,0,26000,25990.299762165385,25983.376858756183,479329
2025-11-17 08:25:00+00:00,26049.34430859375,25999.599609375,25991.650390625,25994.25,0,26000,25992.64971123526,25985.12345258354,268469
2025-11-17 08:30:00+00:00,26070.2865,26019.05078125,25997.099609375,25997.400390625,0,26000,26001.18314082351,25989.2642710106,390761
2025-11-17 08:35:00+00:00,26063.87330859375,26022.94921875,26008.69921875,26018.30078125,0,26000,26004.738630340675,25992.08743830615,171172
2025-11-17 08:40:00+00:00,26062.521,26015.349609375,26009.19921875,26011.5,0,26000,26006.659086893786,25994.38900851788,461977
2025-11-17 08:45:00+00:00,26034.966,26013.25,25982.75,26011.19921875,0,26000,25998.77272459586,25992.965382453145,369822
2025-11-17 08:50:00+00:00,26043.5338828125,25998.80078125,25980.0,25983.400390625,0,26000,25996.36541014724,25992.788557302752,343641
2025-11-17 08:55:00+00:00,26046.4381171875,26002.099609375,25991.0,25992.599609375,0,26000,25995.7266796815,25992.996139983657,462857
2025-11-17 09:00:00+00:00,26054.35430859375,26006.94921875,25990.099609375,25994.44921875,0,26000,25997.934322912668,25994.165323657577,254365
2025-11-17 09:05:00+00:00,26056.2585,26005.099609375,25994.650390625,26001.80078125,0,26000,26000.039548608445,25995.42590820038,102187
2025-11-17 09:10:00+00:00,26033.11269140625,26008.599609375,25980.0,26003.5,0,26000,25993.74316261397,25993.641468503454,409655
2025-11-17 09:15:00+00:00,26044.986,25993.0,25977.19921875,25981.400390625,0,26000,25993.495441742645,25993.56128494053,269525
2025-11-17 09:20:00+00:00,26043.2833828125,25994.0,25987.599609375,25991.69921875,0,26000,25992.7638882451,25993.27872197921,145994
2025-11-17 09:25:00+00:00,26045.9371171875,25998.849609375,25990.05078125,25990.75,0,26000,25993.1589984134,25993.36253407556,250153
2025-11-17 09:30:00+00:00,26062.0708828125,26013.150390625,25990.0,25996.5,0,26000,25998.78959269227,25995.448564972365,450565
2025-11-17 09:35:00+00:00,26064.7246171875,26013.099609375,26005.099609375,26010.69921875,0,26000,26003.426134711517,25997.604896694567,385837
2025-11-17 09:40:00+00:00,26064.42519140625,26014.94921875,26011.150390625,26013.75,0,26000,26006.417553349344,25999.45433343587,374763
2025-11-17 09:45:00+00:00,26068.0828828125,26019.5,26009.349609375,26013.150390625,0,26000,26009.62862931623,26001.52888941264,368189
2025-11-17 09:50:00+00:00,26066.3293828125,26020.19921875,26013.099609375,26017.849609375,0,26000,26011.186013294155,26003.12537589231,318062
2025-11-17 09:55:00+00:00,26066.3293828125,26023.650390625,26009.400390625,26014.849609375,0,26000,26012.22426927944,26004.52230156202,290012
2025-11-18 03:45:00+00:00,25999.24430859375,26023.599609375,25930.5,26023.599609375,0,25950,25990.59938264463,25997.375715038645,307226
2025-11-18 03:50:00+00:00,26011.1685,25960.349609375,25940.19921875,25946.099609375,0,25950,25980.149588429755,25992.610000658813,234318
2025-11-18 03:55:00+00:00,26014.926,25971.650390625,25954.0,25959.150390625,0,25950,25974.43305895317,25988.908750576466,357066
2025-11-18 04:00:00+00:00,26015.4778828125,25971.75,25951.599609375,25963.19921875,0,25950,25970.805633052118,25985.73900441065,126819
2025-11-18 04:05:00+00:00,25995.1873828125,25963.94921875,25943.30078125,25963.05078125,0,25950,25961.63734911808,25980.43422651557,421086
2025-11-18 04:10:00+00:00,26003.9548828125,25954.849609375,25938.94921875,25942.099609375,0,25950,25958.44182649539,25976.886295857374,476400
2025-11-18 04:15:00+00:00,25979.3041171875,25959.05078125,25927.44921875,25949.150390625,0,25950,25948.11095724693,25970.706661218952,266133
2025-11-18 04:20:00+00:00,25968.2821171875,25926.55078125,25912.400390625,25926.55078125,0,25900,25937.55704441462,25963.924480910333,377635
2025-11-18 04:25:00+00:00,25947.9916171875,25917.80078125,25896.19921875,25916.25,0,25900,25923.771102526414,25955.45882314029,171497
2025-11-18 04:30:00+00:00,25960.7671171875,25912.099609375,25882.30078125,25895.849609375,0,25900,25918.83047460095,25949.645122591504,397973
2025-11-18 04:35:00+00:00,25954.65530859375,25914.599609375,25897.150390625,25910.900390625,0,25900,25913.503519525635,25943.795683439443,290997
2025-11-18 04:40:00+00:00,25947.64130859375,25903.69921875,25894.69921875,25903.30078125,0,25900,25907.61888280876,25937.802424181387,249727
2025-11-18 04:45:00+00:00,25959.96669140625,25909.80078125,25893.44921875,25895.25,0,25900,25907.79605208084,25934.09591998684,156952
2025-11-18 04:50:00+00:00,25964.72619140625,25917.650390625,25908.69921875,25908.69921875,0,25900,25909.49749826223,25931.446478816608,280881
2025-11-18 04:55:00+00:00,25950.5983828125,25916.900390625,25898.5,25913.19921875,0,25900,25905.931925924822,25927.36576662078,333867
2025-11-18 05:00:00+00:00,25935.768,25902.849609375,25882.900390625,25898.69921875,0,25900,25898.621283949884,25921.94504579318,117485
2025-11-18 05:05:00+00:00,25942.3318828125,25890.94921875,25877.25,25884.349609375,0,25900,25895.931116383257,25918.02076272528,208919
2025-11-18 05:10:00+00:00,25943.5843828125,25894.849609375,25886.599609375,25890.400390625,0,25900,25894.55433800551,25914.743265040877,340813
2025-11-18 05:15:00+00:00,25966.2781171875,25914.75,25886.650390625,25891.94921875,0,25900,25901.18596492034,25914.70650925452,276055
2025-11-18 05:20:00+00:00,25960.8688828125,25918.25,25905.30078125,25915.099609375,0,25900,25903.80757036356,25913.99954325395,178297
2025-11-18 05:25:00+00:00,25973.74419140625,25930.849609375,25907.349609375,25908.75,0,25900,25909.83851045071,25914.987149175333,230272
2025-11-18 05:30:00+00:00,25979.8051171875,25936.19921875,25921.55078125,25922.55078125,0,25950,25915.87541321714,25916.607407872165,359203
2025-11-18 05:35:00+00:00,25982.4118828125,25932.25,25923.44921875,25927.44921875,0,25950,25920.76720256143,25918.350329544395,276431
2025-11-18 05:40:00+00:00,25985.76819140625,25935.30078125,25929.0,25930.900390625,0,25950,25925.14493191596,25920.29408717947,118841
2025-11-18 05:45:00+00:00,25997.0896171875,25946.099609375,25931.349609375,25932.599609375,0,25950,25931.829694193973,25923.407228625787,244684
2025-11-18 05:50:00+00:00,25995.0856171875,25949.400390625,25942.94921875,25946.05078125,0,25950,25935.61953571265,25925.881227391317,168723
2025-11-18 05:55:00+00:00,25976.69930859375,25945.5,25924.849609375,25943.400390625,0,25900,25932.02956026677,25925.752275139275,468712
2025-11-18 06:00:00+00:00,25990.1265,25939.849609375,25924.19921875,25925.0,0,25950,25934.103040177848,25927.314490746867,173349
2025-11-18 06:05:00+00:00,25995.73730859375,25944.80078125,25937.05078125,25938.349609375,0,25950,25937.351896576904,25929.38138057538,242779
2025-11-18 06:10:00+00:00,26008.26230859375,25956.650390625,25944.150390625,25944.150390625,0,25950,25943.684467509604,25932.752409175333,304661
2025-11-18 06:15:00+00:00,26024.79530859375,25977.349609375,25955.150390625,25956.69921875,0,25950,25953.406181464736,25937.76455920029,317205
2025-11-18 06:20:00+00:00,26027.6506171875,25983.19921875,25963.650390625,25972.849609375,0,26000,25960.83719389316,25942.506391644005,286257
2025-11-18 06:25:00+00:00,26026.29830859375,25977.30078125,25967.69921875,25976.400390625,0,25950,25965.341332387103,25946.48679386038,464318
2025-11-18 06:30:00+00:00,26021.28830859375,25981.400390625,25968.19921875,25974.30078125,0,25950,25966.677424716407,25949.344645799705,330881
2025-11-18 06:35:00+00:00,26019.6346171875,25969.900390625,25963.099609375,25969.5,0,25950,25967.018022727607,25951.63896741849,349133
2025-11-18 06:40:00+00:00,26014.425,25968.80078125,25962.44921875,25968.650390625,0,25950,25965.51201515174,25952.99659649118,432098
2025-11-18 06:45:00+00:00,26006.9608828125,25964.25,25953.0,25962.5,0,25950,25962.02493718449,25953.253369586037,209595
2025-11-18 06:50:00+00:00,25996.79019140625,25955.94921875,25943.650390625,25955.099609375,0,25950,25956.316754998,25952.209247215906,272825
2025-11-18 06:55:00+00:00,26004.906,25956.55078125,25939.849609375,25944.150390625,0,25950,25955.211169998667,25952.30809131392,276354
2025-11-18 07:00:00+00:00,26000.898,25959.19921875,25946.80078125,25953.099609375,0,25950,25953.140779999118,25951.89457989968,247372
2025-11-18 07:05:00+00:00,25992.1305,25951.599609375,25930.80078125,25949.0,0,25950,25948.843853332743,25950.439007412217,411574
2025-11-18 07:10:00+00:00,25992.8311171875,25945.150390625,25936.400390625,25940.69921875,0,25950,25946.212308471837,25949.25278382944,355958
2025-11-18 07:15:00+00:00,25983.864,25946.150390625,25931.44921875,25940.80078125,0,25950,25941.47487231456,25947.09618585076,159825
2025-11-18 07:20:00+00:00,25998.894,25947.30078125,25927.599609375,25931.80078125,0,25950,25943.31658154304,25947.084162619416,268502
2025-11-18 07:25:00+00:00,25995.28719140625,25956.19921875,25942.099609375,25946.75,0,25950,25943.344517903693,25946.623691120112,149165
2025-11-18 07:30:00+00:00,26012.07069140625,25962.25,25943.55078125,25943.55078125,0,25950,25948.946475477467,25948.31452855822,122707
2025-11-18 07:35:00+00:00,26013.1725,25963.650390625,25956.099609375,25960.25,0,25950,25953.047650318316,25949.931462488443,125793
2025-11-18 07:40:00+00:00,26005.407,25965.19921875,25953.19921875,25961.25,0,25950,25953.19843354554,25950.37752967739,179108
2025-11-18 07:45:00+00:00,26019.28430859375,25973.099609375,25952.94921875,25952.94921875,0,25950,25957.915492155364,25952.49903963959,268531
2025-11-18 07:50:00+00:00,26023.7443828125,25976.69921875,25967.099609375,25967.25,0,25950,25962.543921853576,25954.91175734089,483754
2025-11-18 07:55:00+00:00,26021.53880859375,25974.0,25966.900390625,25971.55078125,0,25950,25964.89581769405,25956.747738845155,471769
2025-11-18 08:00:00+00:00,26026.59969140625,25977.5,25969.19921875,25969.650390625,0,25950,25968.147342004373,25958.98557031764,289779
2025-11-18 08:05:00+00:00,26037.82130859375,25987.80078125,25975.0,25975.349609375,0,26000,25974.048097794584,25962.343575199808,265947
2025-11-18 08:10:00+00:00,26030.35719140625,25986.900390625,25957.650390625,25986.05078125,0,26000,25975.498862071392,25964.35067712796,342835
2025-11-18 08:15:00+00:00,26026.29830859375,25983.900390625,25964.69921875,25978.5,0,25950,25975.115777839263,25965.60054365884,242556
2025-11-18 08:20:00+00:00,26024.8951171875,25979.55078125,25972.94921875,25973.849609375,0,25950,25974.39359147617,25966.519128045235,477357
2025-11-18 08:25:00+00:00,26022.4918828125,25973.80078125,25967.75,25972.94921875,0,25950,25973.11265473412,25967.02308469583,230132
2025-11-18 08:30:00+00:00,26037.57080859375,25985.650390625,25969.94921875,25970.94921875,0,26000,25977.274972947747,25969.34515028073,463801
2025-11-18 08:35:00+00:00,26026.6995,25997.150390625,25971.69921875,25985.5,0,25950,25976.433315298505,25970.02075649564,139257
2025-11-18 08:40:00+00:00,26040.6766171875,25990.849609375,25971.599609375,25976.05078125,0,26000,25980.52194978233,25972.35556427743,459765
2025-11-18 08:45:00+00:00,26026.2493828125,25994.94921875,25973.349609375,25988.44921875,0,25950,25978.448226938228,25972.598716399,476982
2025-11-18 08:50:00+00:00,26031.80930859375,25987.55078125,25969.5,25974.75,0,26000,25978.91535441716,25973.505078021,159418
2025-11-18 08:55:00+00:00,26018.433,25990.69921875,25964.5,25979.900390625,0,25950,25974.776902944774,25972.62944326837,355084
2025-11-18 09:00:00+00:00,26014.7263828125,25973.69921875,25952.599609375,25966.25,0,25950,25970.78486237985,25971.40086051608,259077
2025-11-18 09:05:00+00:00,26023.1416171875,25971.69921875,25957.30078125,25962.80078125,0,25950,25970.9229811699,25971.37565529532,148888
2025-11-18 09:10:00+00:00,26006.9608828125,25971.94921875,25953.94921875,25970.55078125,0,25950,25965.63224786327,25969.33504603965,247667
2025-11-18 09:15:00+00:00,26001.4498828125,25960.05078125,25946.900390625,25955.25,0,25950,25960.27175899218,25966.862012940943,382973
2025-11-18 09:20:00+00:00,25991.8291171875,25953.75,25937.849609375,25950.400390625,0,25950,25953.49757891145,25963.49791366708,341986
2025-11-18 09:25:00+00:00,25994.28519140625,25947.05078125,25937.19921875,25939.19921875,0,25950,25949.798516149305,25960.860723286816,146998
2025-11-18 09:30:00+00:00,25975.0456171875,25946.599609375,25918.849609375,25942.44921875,0,25900,25940.932083682877,25956.153035219715,313743
2025-11-18 09:35:00+00:00,25957.21119140625,25930.349609375,25901.44921875,25923.150390625,0,25900,25929.08818599692,25949.808954645378,429356
2025-11-18 09:40:00+00:00,25949.5455,25929.5,25897.349609375,25906.5,0,25900,25918.642123997943,25943.301585314704,106737
2025-11-18 09:45:00+00:00,25946.9896171875,25909.05078125,25891.05078125,25896.94921875,0,25900,25910.827822248637,25937.28878949412,320813
2025-11-18 09:50:00+00:00,25950.64730859375,25900.44921875,25876.75,25893.900390625,0,25900,25906.835084624094,25932.483891979227,232851
2025-11-18 09:55:00+00:00,25946.4886171875,25902.150390625,25880.5,25898.150390625,0,25900,25902.7897959994,25927.760807825573,363267
2025-11-19 03:45:00+00:00,25909.9665,25929.849609375,25857.5,25929.849609375,0,25850,25887.943197332934,25919.071956847376,331209
2025-11-19 03:50:00+00:00,25952.45169140625,25906.80078125,25856.69921875,25858.599609375,0,25900,25892.17892843029,25916.769261069578,425911
2025-11-19 03:55:00+00:00,25956.309,25915.55078125,25900.25,25900.5,0,25900,25896.28595228686,25915.23560343588,293407
2025-11-19 04:00:00+00:00,25937.772,25916.150390625,25886.0,25903.650390625,0,25900,25892.85730152458,25911.581153006395,239618
2025-11-19 04:05:00+00:00,25961.5695,25912.349609375,25884.599609375,25886.75,0,25900,25898.488201016386,25911.352258880597,414176
2025-11-19 04:10:00+00:00,25961.1193828125,25915.30078125,25901.19921875,25909.80078125,0,25900,25902.092394427596,25911.09582417677,400019
2025-11-19 04:15:00+00:00,25943.7331171875,25911.30078125,25891.650390625,25909.80078125,0,25900,25898.7113358684,25908.702498498424,210704
2025-11-19 04:20:00+00:00,25963.92380859375,25912.099609375,25883.80078125,25891.94921875,0,25900,25903.17409370393,25909.127137357995,237191
2025-11-19 04:25:00+00:00,25972.19030859375,25924.05078125,25909.849609375,25911.150390625,0,25900,25908.89926559429,25910.52994636012,263560
2025-11-19 04:30:00+00:00,25979.00469140625,25927.55078125,25913.19921875,25920.150390625,0,25950,25914.982973937866,25912.607501893228,116126
2025-11-19 04:35:00+00:00,25985.01669140625,25936.099609375,25925.099609375,25926.400390625,0,25950,25921.03877950025,25915.1753629847,193782
2025-11-19 04:40:00+00:00,26004.00380859375,25954.5,25925.55078125,25933.05078125,0,25950,25931.392389458502,25919.790893783487,206260
2025-11-19 04:45:00+00:00,26017.7323828125,25968.150390625,25951.44921875,25952.30078125,0,25950,25942.861853389004,25925.5421297168,440706
2025-11-19 04:50:00+00:00,26019.1845,25970.400390625,25961.80078125,25965.599609375,0,25950,25950.99123559267,25930.7556135022,250763
2025-11-19 04:55:00+00:00,26009.76530859375,25971.0,25956.5,25966.400390625,0,25950,25953.27736018678,25934.1423629863,158529
2025-11-19 05:00:00+00:00,26029.0048828125,25977.55078125,25957.349609375,25957.55078125,0,26000,25961.20183387452,25939.505915269263,166777
2025-11-19 05:05:00+00:00,26020.9888828125,25978.900390625,25968.05078125,25976.05078125,0,25950,25963.818149666356,25943.199023516856,310453
2025-11-19 05:10:00+00:00,26015.02580859375,25969.69921875,25961.400390625,25969.0,0,25950,25963.578636235903,25945.686596749125,436078
2025-11-19 05:15:00+00:00,26006.409,25969.599609375,25946.400390625,25962.69921875,0,25950,25960.55242415727,25946.788272155485,250371
2025-11-19 05:20:00+00:00,26019.3841171875,25969.75,25951.30078125,25954.25,0,25950,25962.851355688184,25949.3708904798,260156
2025-11-19 05:25:00+00:00,26004.00380859375,25969.599609375,25951.599609375,25967.94921875,0,25950,25959.267440250456,25949.7119803417,429189
2025-11-19 05:30:00+00:00,25995.53769140625,25955.099609375,25940.0,25951.80078125,0,25950,25954.06175704197,25948.954281627117,358654
2025-11-19 05:35:00+00:00,25991.47880859375,25955.849609375,25936.599609375,25943.94921875,0,25950,25949.24104115298,25947.7849475956,120829
2025-11-19 05:40:00+00:00,25978.854,25939.75,25925.599609375,25938.55078125,0,25950,25941.827360768657,25945.18682914615,421718
2025-11-19 05:45:00+00:00,25984.71530859375,25934.19921875,25917.80078125,25927.19921875,0,25950,25938.834776970773,25943.64467667476,157574
2025-11-19 05:50:00+00:00,25990.27719140625,25941.599609375,25932.69921875,25933.05078125,0,25950,25938.689981522184,25942.989140918537,350680
2025-11-19 05:55:00+00:00,26000.1973828125,25952.25,25938.400390625,25938.900390625,0,25950,25941.893581431457,25943.65309595997,179499
2025-11-19 06:00:00+00:00,26001.80019140625,25952.19921875,25947.849609375,25948.75,0,25950,25944.56251782931,25944.434007793097,250225
2025-11-19 06:05:00+00:00,26005.908,25955.650390625,25949.30078125,25950.25,0,25950,25947.70834521954,25945.62975681896,441380
2025-11-19 06:10:00+00:00,26020.83819140625,25972.099609375,25952.150390625,25953.55078125,0,25950,25954.77236035469,25948.53858604472,487775
2025-11-19 06:15:00+00:00,26026.6995,25976.75,25968.80078125,25969.25,0,25950,25961.4315735698,25951.815012789128,202076
2025-11-19 06:20:00+00:00,26024.09469140625,25976.849609375,25970.599609375,25974.5,0,25950,25965.0045125882,25954.35693501861,363112
2025-11-19 06:25:00+00:00,26026.1985,25976.0,25968.94921875,25972.650390625,0,25950,25968.08634172547,25956.843568141285,448082
2025-11-19 06:30:00+00:00,26042.1796171875,25994.05078125,25974.05078125,25974.25,0,26000,25975.457300733648,25961.01302446737,260177
2025-11-19 06:35:00+00:00,26042.33030859375,25999.75,25988.400390625,25990.30078125,0,26000,25980.4214036141,25964.68009758083,393233
2025-11-19 06:40:00+00:00,26045.2873828125,25996.75,25989.19921875,25990.19921875,0,26000,25984.714529492736,25968.25768303948,403387
2025-11-19 06:45:00+00:00,26048.34230859375,26010.349609375,25993.5,25993.5,0,26000,25988.59288945349,25971.769173831417,393759
2025-11-19 06:50:00+00:00,26056.7086171875,26006.25,25996.44921875,25996.599609375,0,26000,25993.96166588567,25975.88542944624,169622
2025-11-19 06:55:00+00:00,26065.3273828125,26016.75,26004.150390625,26004.400390625,0,26000,26000.408037673784,25980.56234842171,221792
2025-11-19 07:00:00+00:00,26077.40030859375,26031.05078125,26012.25,26013.0,0,26050,26008.721894907525,25986.16075604087,318041
2025-11-19 07:05:00+00:00,26068.4821171875,26027.849609375,26014.0,26024.69921875,0,26000,26011.29766952169,25989.946813879516,480177
2025-11-19 07:10:00+00:00,26069.63480859375,26022.05078125,26012.55078125,26016.150390625,0,26000,26013.39831613946,25993.40341331645,456278
2025-11-19 07:15:00+00:00,26077.8015,26028.349609375,26012.30078125,26016.25,0,26050,26017.515544092978,25997.44673665189,117672
2025-11-19 07:20:00+00:00,26074.39430859375,26031.44921875,26016.849609375,26025.55078125,0,26000,26019.126899186987,26000.559595742285,487320
2025-11-19 07:25:00+00:00,26069.43519140625,26026.80078125,26015.349609375,26021.55078125,0,26000,26018.551396332998,26002.664695102623,215730
2025-11-19 07:30:00+00:00,26077.70169140625,26027.349609375,26016.400390625,26016.94921875,0,26050,26020.917727763663,26005.53790704292,221498
2025-11-19 07:35:00+00:00,26071.2376171875,26038.599609375,26018.94921875,26025.80078125,0,26000,26020.34489142578,26007.245571006304,374931
2025-11-19 07:40:00+00:00,26079.95619140625,26030.05078125,26018.19921875,26019.55078125,0,26050,26022.86339115885,26009.82742345864,284533
2025-11-19 07:45:00+00:00,26070.036,26029.80078125,26015.900390625,26029.0,0,26000,26021.24226077257,26010.848995526318,164101
2025-11-19 07:50:00+00:00,26071.94019140625,26022.599609375,26016.25,26018.599609375,0,26000,26020.794970723386,26011.98041991365,372738
2025-11-19 07:55:00+00:00,26054.40519140625,26020.75,26001.94921875,26020.599609375,0,26000,26014.663444023925,26010.782916252567,383433
2025-11-19 08:00:00+00:00,26054.2036171875,26012.25,26001.650390625,26002.69921875,0,26000,26010.50870226595,26009.709954064747,374765
2025-11-19 08:05:00+00:00,26051.09780859375,26004.19921875,25994.30078125,26002.900390625,0,26000,26006.7056713023,26008.38366097853,456979
2025-11-19 08:10:00+00:00,26056.5598828125,26004.55078125,25987.30078125,25998.650390625,0,26000,26005.9873746182,26007.904551012463,106277
2025-11-19 08:15:00+00:00,26062.2196171875,26011.55078125,26000.5,26004.75,0,26000,26007.391322662137,26008.19138447965,367290
2025-11-19 08:20:00+00:00,26064.0748828125,26014.849609375,26009.099609375,26011.150390625,0,26000,26008.94447552476,26008.673809075943,150804
2025-11-19 08:25:00+00:00,26058.86330859375,26017.75,26006.849609375,26012.150390625,0,26000,26008.246186808174,26008.445784113326,447848
2025-11-19 08:30:00+00:00,26066.8303828125,26016.349609375,25993.400390625,26007.25,0,26000,26010.43105162212,26009.24015875541,179694
2025-11-19 08:35:00+00:00,26065.62680859375,26022.94921875,26010.44921875,26014.80078125,0,26000,26011.487237539743,26009.78509008286,223153
2025-11-19 08:40:00+00:00,26085.066,26034.0,26008.69921875,26013.94921875,0,26050,26018.65815835983,26012.686953822504,303790
2025-11-19 08:45:00+00:00,26096.73969140625,26048.349609375,26032.55078125,26033.099609375,0,26050,26027.322235781558,26016.682383422816,442291
2025-11-19 08:50:00+00:00,26095.48719140625,26047.19921875,26040.55078125,26044.099609375,0,26050,26032.68162072937,26020.022134323088,482487
2025-11-19 08:55:00+00:00,26097.24069140625,26048.599609375,26041.94921875,26042.849609375,0,26050,26036.837877361253,26023.163166360828,174924
2025-11-19 09:00:00+00:00,26094.3853828125,26050.94921875,26041.400390625,26045.849609375,0,26050,26038.65884532417,26025.555368221976,251180
2025-11-19 09:05:00+00:00,26100.998191406252,26050.0,26040.650390625,26042.150390625,0,26050,26042.072693757786,26028.473496022358,297516
2025-11-19 09:10:00+00:00,26113.623,26074.55078125,26048.150390625,26049.400390625,0,26050,26048.54846250519,26032.60180901956,124214
2025-11-19 09:15:00+00:00,26110.71680859375,26064.30078125,26057.849609375,26062.650390625,0,26050,26051.898844795127,26035.85153406399,320481
2025-11-19 09:20:00+00:00,26113.623,26066.30078125,26058.55078125,26058.69921875,0,26050,26055.099229863423,26039.05759230599,494822
2025-11-19 09:25:00+00:00,26106.95930859375,26065.25,26052.55078125,26061.599609375,0,26050,26055.016023033957,26041.031594439617,307273
2025-11-19 09:30:00+00:00,26104.25469140625,26063.5,26051.94921875,26055.849609375,0,26050,26054.06081223097,26042.42144396279,159421
2025-11-19 09:35:00+00:00,26104.9063828125,26054.400390625,26046.849609375,26052.25,0,26050,26053.64080190398,26043.71886112369,159899
2025-11-19 09:40:00+00:00,26111.21780859375,26062.099609375,26050.400390625,26052.80078125,0,26050,26055.46040439432,26045.641454655102,329224
2025-11-19 09:45:00+00:00,26105.25669140625,26059.650390625,26050.80078125,26059.25,0,26050,26054.690399804556,26046.580071651344,464299
2025-11-19 09:50:00+00:00,26099.3445,26056.25,26043.30078125,26052.25,0,26050,26052.21026653637,26046.66381269493,229309
2025-11-19 09:55:00+00:00,26104.8046171875,26053.150390625,26041.150390625,26047.099609375,0,26050,26052.373250607583,26047.41823845181,232963
2025-11-20 03:45:00+00:00,26151.8986171875,26128.69921875,26084.150390625,26128.69921875,0,26100,26068.148573321723,26053.95336098908,471946
2025-11-20 03:50:00+00:00,26148.4933828125,26105.400390625,26081.099609375,26099.44921875,0,26100,26077.53264263115,26059.246788521697,317697
2025-11-20 03:55:00+00:00,26157.1591171875,26104.94921875,26082.900390625,26096.400390625,0,26100,26086.671501337438,26064.959592300234,206106
2025-11-20 04:00:00+00:00,26156.709,26111.400390625,26095.849609375,26103.69921875,0,26100,26092.61433422496,26069.902143262705,394518
2025-11-20 04:05:00+00:00,26156.80880859375,26111.900390625,26096.30078125,26104.400390625,0,26100,26096.60942594164,26074.239326526746,410147
2025-11-20 04:10:00+00:00,26130.1051171875,26105.349609375,26064.05078125,26105.0,0,26100,26090.389356877764,26074.70306305465,425000
2025-11-20 04:15:00+00:00,26140.82769140625,26093.19921875,26068.19921875,26077.5,0,26100,26089.809701460177,26076.446479000944,253935
2025-11-20 04:20:00+00:00,26136.56919140625,26095.55078125,26083.25,26089.0,0,26100,26088.006597848453,26077.440717953952,363616
2025-11-20 04:25:00+00:00,26129.3536171875,26091.94921875,26074.099609375,26084.25,0,26100,26084.40413814897,26077.410530553458,350790
2025-11-20 04:30:00+00:00,26137.2208828125,26087.69921875,26076.150390625,26076.94921875,0,26100,26084.619685849317,26078.365561890525,448851
2025-11-20 04:35:00+00:00,26151.6481171875,26103.44921875,26082.400390625,26085.55078125,0,26100,26089.56286348288,26081.00101899796,193042
2025-11-20 04:40:00+00:00,26151.84969140625,26105.900390625,26090.44921875,26099.599609375,0,26100,26092.92537253025,26083.33219045134,272834
2025-11-20 04:45:00+00:00,26155.707,26109.349609375,26097.400390625,26100.69921875,0,26100,26096.450248353503,26085.853166644923,108653
2025-11-20 04:50:00+00:00,26153.202,26106.19921875,26098.25,26105.099609375,0,26100,26097.96683223567,26087.746520814308,161471
2025-11-20 04:55:00+00:00,26165.9775,26115.25,26098.599609375,26101.55078125,0,26100,26103.227888157115,26090.99695571252,242410
2025-11-20 05:00:00+00:00,26170.0363828125,26121.94921875,26112.75,26114.0,0,26100,26108.08551918808,26094.347433904702,493502
2025-11-20 05:05:00+00:00,26171.83880859375,26121.75,26114.55078125,26116.900390625,0,26100,26111.92354925039,26097.50395583849,130203
2025-11-20 05:10:00+00:00,26180.65719140625,26130.849609375,26117.0,26119.0,0,26150,26117.4158297086,26101.3660101868,218346
2025-11-20 05:15:00+00:00,26192.68119140625,26141.44921875,26124.099609375,26128.25,0,26150,26125.077350014068,26106.245307741578,479183
2025-11-20 05:20:00+00:00,26191.0783828125,26144.849609375,26138.25,26140.75,0,26150,26129.651827092715,26110.31474193013,425439
2025-11-20 05:25:00+00:00,26182.8118828125,26138.900390625,26128.69921875,26138.5,0,26150,26129.95147847848,26112.844246845118,263284
2025-11-20 05:30:00+00:00,26188.87280859375,26137.099609375,26126.05078125,26129.849609375,0,26150,26132.167522110656,26115.81366716135,433315
2025-11-20 05:35:00+00:00,26190.3268828125,26140.400390625,26131.94921875,26137.5,0,26150,26134.12860849044,26118.59330642243,462896
2025-11-20 05:40:00+00:00,26185.36580859375,26141.30078125,26133.099609375,26138.150390625,0,26150,26133.785608785296,26120.4065942915,214342
2025-11-20 05:45:00+00:00,26180.0563828125,26135.94921875,26126.94921875,26133.400390625,0,26150,26131.790666273533,26121.330867661312,498369
2025-11-20 05:50:00+00:00,26189.62430859375,26138.05078125,26126.849609375,26128.19921875,0,26150,26133.643647307355,26123.333210375524,386480
2025-11-20 05:55:00+00:00,26188.87280859375,26140.30078125,26133.0,26136.80078125,0,26150,26134.62896799657,26124.99151025046,310128
2025-11-20 06:00:00+00:00,26199.64430859375,26148.5,26133.150390625,26136.69921875,0,26150,26138.86918178938,26127.786272641028,356031
2025-11-20 06:05:00+00:00,26194.8358828125,26148.400390625,26141.19921875,26147.75,0,26150,26140.09638160959,26129.631836217148,278543
2025-11-20 06:10:00+00:00,26198.0415,26146.599609375,26138.55078125,26142.5,0,26150,26141.980921073064,26131.646606690003,425491
2025-11-20 06:15:00+00:00,26186.36780859375,26146.44921875,26132.0,26145.75,0,26150,26139.35381717371,26131.953232025626,210204
2025-11-20 06:20:00+00:00,26185.767,26136.25,26125.849609375,26134.05078125,0,26150,26137.402544782475,26132.146578022424,374699
2025-11-20 06:25:00+00:00,26195.787,26144.349609375,26133.0,26133.75,0,26150,26139.435029854987,26133.56575576962,358737
2025-11-20 06:30:00+00:00,26197.9906171875,26152.599609375,26142.150390625,26143.75,0,26150,26141.52309282,26135.08243864217,190058
2025-11-20 06:35:00+00:00,26192.93169140625,26148.55078125,26140.150390625,26145.5,0,26150,26141.232192088333,26135.778432640025,352001
2025-11-20 06:40:00+00:00,26198.3428828125,26146.44921875,26140.150390625,26141.150390625,0,26150,26142.83838847556,26137.062476216277,298367
2025-11-20 06:45:00+00:00,26199.7441171875,26150.0,26135.349609375,26146.150390625,0,26150,26144.375331900377,26138.36081903299,447689
2025-11-20 06:50:00+00:00,26206.45869140625,26157.69921875,26142.900390625,26146.80078125,0,26150,26147.633684808585,26140.33451548199,347912
2025-11-20 06:55:00+00:00,26212.32,26162.099609375,26153.0,26153.900390625,0,26150,26151.755789872397,26142.792701046743,276770
2025-11-20 07:00:00+00:00,26216.97969140625,26167.0,26158.19921875,26160.05078125,0,26150,26156.053990123262,26145.524912244025,109598
2025-11-20 07:05:00+00:00,26220.8878828125,26171.150390625,26164.0,26164.599609375,0,26150,26160.219587165517,26148.40314586977,449668
2025-11-20 07:10:00+00:00,26222.69030859375,26174.25,26165.650390625,26168.900390625,0,26150,26163.596261235347,26151.146453807924,229567
2025-11-20 07:15:00+00:00,26226.44780859375,26177.099609375,26169.599609375,26170.05078125,0,26150,26167.097377281894,26154.01559825381,481722
2025-11-20 07:20:00+00:00,26223.99369140625,26176.94921875,26169.25,26173.75,0,26150,26168.61504839627,26156.219947300207,449170
2025-11-20 07:25:00+00:00,26224.49469140625,26174.599609375,26167.599609375,26171.599609375,0,26150,26169.793495805847,26158.21125271581,380561
2025-11-20 07:30:00+00:00,26233.5616171875,26184.69921875,26171.0,26172.69921875,0,26200,26173.5954034539,26161.08474847008,240778
2025-11-20 07:35:00+00:00,26226.0466171875,26182.650390625,26171.0,26180.849609375,0,26150,26173.6300085526,26162.66155725507,447057
2025-11-20 07:40:00+00:00,26230.1563828125,26181.30078125,26173.349609375,26173.349609375,0,26200,26175.020266118405,26164.553960254438,495348
2025-11-20 07:45:00+00:00,26235.0646171875,26185.55078125,26174.94921875,26177.099609375,0,26200,26177.579916995604,26166.82211756638,254519
2025-11-20 07:50:00+00:00,26239.9258828125,26190.900390625,26172.900390625,26182.69921875,0,26200,26180.90353841374,26169.413200526837,242071
2025-11-20 07:55:00+00:00,26255.6565,26204.05078125,26186.69921875,26187.75,0,26200,26188.35235894249,26173.642800460977,151377
2025-11-20 08:00:00+00:00,26252.4508828125,26204.44921875,26198.849609375,26203.19921875,0,26200,26192.251833045,26176.943798059605,419019
2025-11-20 08:05:00+00:00,26265.82719140625,26214.30078125,26198.80078125,26200.150390625,0,26200,26199.301352238333,26181.50087213028,271799
2025-11-20 08:10:00+00:00,26258.51180859375,26215.150390625,26204.55078125,26213.44921875,0,26200,26201.56743795056,26184.57571428587,218643
2025-11-20 08:15:00+00:00,26264.3731171875,26216.349609375,26200.849609375,26206.150390625,0,26200,26205.028031550373,26187.997402343888,100662
2025-11-20 08:20:00+00:00,26277.29930859375,26227.650390625,26209.94921875,26211.69921875,0,26200,26211.635224158585,26192.603928222776,228523
2025-11-20 08:25:00+00:00,26271.33819140625,26225.900390625,26218.599609375,26224.30078125,0,26200,26214.056946314056,26195.89098602305,407988
2025-11-20 08:30:00+00:00,26272.79030859375,26221.05078125,26211.75,26218.55078125,0,26200,26216.154500667704,26198.948313942044,165616
2025-11-20 08:35:00+00:00,26277.1995,26227.80078125,26217.349609375,26220.19921875,0,26200,26219.019667111803,26202.17352469929,282624
2025-11-20 08:40:00+00:00,26277.09969140625,26227.75,26221.94921875,26224.400390625,0,26200,26220.896574949536,26204.983132940004,475315
2025-11-20 08:45:00+00:00,26290.4251171875,26246.19921875,26224.25,26224.25,0,26250,26226.58078954969,26209.10389366625,389171
2025-11-20 08:50:00+00:00,26288.873191406252,26238.650390625,26230.94921875,26237.75,0,26250,26229.85398990813,26212.515955786097,111287
2025-11-20 08:55:00+00:00,26252.9518828125,26236.5,26198.80078125,26236.5,0,26200,26220.086253688754,26211.020308969084,276025
2025-11-20 09:00:00+00:00,26258.2123828125,26218.900390625,26199.30078125,26200.25,0,26200,26215.324429542503,26210.3678680042,238279
2025-11-20 09:05:00+00:00,26271.1366171875,26225.05078125,26204.19921875,26205.25,0,26200,26216.449359278336,26211.409286847425,480333
2025-11-20 09:10:00+00:00,26247.6913828125,26223.80078125,26195.30078125,26218.349609375,0,26200,26209.399833268893,26209.395723647747,381008
2025-11-20 09:15:00+00:00,26260.7173828125,26220.849609375,26192.849609375,26195.05078125,0,26200,26209.03348259593,26209.258855848027,185913
2025-11-20 09:20:00+00:00,26244.23330859375,26215.94921875,26191.599609375,26208.5,0,26200,26203.30552485562,26207.0827000389,467220
2025-11-20 09:25:00+00:00,26260.76630859375,26211.30078125,26191.0,26191.599609375,0,26200,26204.98688636208,26207.24106370591,466298
2025-11-20 09:30:00+00:00,26239.5736171875,26217.849609375,26169.599609375,26209.900390625,0,26200,26199.05766382472,26204.735833086423,322546
2025-11-20 09:35:00+00:00,26240.4268828125,26202.25,26173.650390625,26186.55078125,0,26200,26195.388702966484,26202.65020160687,104453
2025-11-20 09:40:00+00:00,26255.6056171875,26208.05078125,26173.5,26187.099609375,0,26200,26197.992208227657,26202.718828749763,395929
2025-11-20 09:45:00+00:00,26243.53269140625,26205.25,26187.30078125,26204.599609375,0,26200,26195.711602360105,26201.27277398417,431252
2025-11-20 09:50:00+00:00,26248.9438828125,26200.349609375,26187.30078125,26191.19921875,0,26200,26195.99132865674,26200.6825248924,244543
2025-11-20 09:55:00+00:00,26249.79519140625,26204.650390625,26191.80078125,26196.099609375,0,26200,26196.46101597949,26200.272258108973,305997
2025-11-21 03:45:00+00:00,26191.0275,26141.849609375,26096.5,26121.19921875,0,26150,26177.224010653,26192.58197584535,214893
2025-11-21 03:50:00+00:00,26211.3688828125,26161.400390625,26125.94921875,26136.5,0,26150,26171.16626751867,26188.39057652093,417179
2025-11-21 03:55:00+00:00,26210.5156171875,26169.25,26156.19921875,26159.69921875,0,26150,26166.84391792912,26184.616656799564,291640
2025-11-21 04:00:00+00:00,26203.65230859375,26173.69921875,26149.05078125,26158.55078125,0,26150,26161.67914841108,26180.458275871493,437094
2025-11-21 04:05:00+00:00,26199.795,26153.400390625,26139.69921875,26151.69921875,0,26150,26156.952765607388,26176.33849138756,185446
2025-11-21 04:10:00+00:00,26183.5633828125,26159.25,26129.150390625,26147.94921875,0,26150,26148.402104154928,26170.708777620363,199515
2025-11-21 04:15:00+00:00,26173.84280859375,26130.150390625,26112.349609375,26129.900390625,0,26100,26139.467939228285,26164.57013158969,132454
2025-11-21 04:20:00+00:00,26161.36869140625,26123.94921875,26109.05078125,26120.599609375,0,26100,26129.36208969386,26157.642663969105,323697
2025-11-21 04:25:00+00:00,26171.63919140625,26120.349609375,26093.44921875,26109.44921875,0,26100,26126.04152333757,26152.86237980109,227242
2025-11-21 04:30:00+00:00,26146.4893828125,26120.69921875,26092.099609375,26119.80078125,0,26100,26115.461275975053,26145.542179982207,260753
2025-11-21 04:35:00+00:00,26138.673,26096.94921875,26084.75,26094.150390625,0,26100,26105.807517316705,26138.16190748443,168261
2025-11-21 04:40:00+00:00,26139.57519140625,26096.5,26082.05078125,26086.900390625,0,26100,26099.671808419476,26131.816717877,465350
2025-11-21 04:45:00+00:00,26119.4353828125,26088.0,26065.099609375,26088.0,0,26050,26088.88146602965,26123.752225798627,464968
2025-11-21 04:50:00+00:00,26120.5861171875,26069.900390625,26055.94921875,26066.099609375,0,26050,26082.070716936432,26116.83934991755,334961
2025-11-21 04:55:00+00:00,26119.98530859375,26074.80078125,26061.19921875,26068.55078125,0,26050,26077.33034774929,26110.715632349733,226716
2025-11-21 05:00:00+00:00,26121.6898828125,26075.0,26062.5,26068.0,0,26050,26074.7371589162,26105.570025962268,205562
2025-11-21 05:05:00+00:00,26128.30269140625,26079.75,26059.94921875,26067.599609375,0,26100,26075.208236152463,26101.89257154511,493821
2025-11-21 05:10:00+00:00,26123.6938828125,26076.650390625,26068.80078125,26075.55078125,0,26050,26073.98908451831,26098.09984775822,417791
2025-11-21 05:15:00+00:00,26127.9015,26077.0,26064.25,26071.849609375,0,26100,26074.57605634554,26095.306116788444,406000
2025-11-21 05:20:00+00:00,26121.3376171875,26078.25,26061.099609375,26075.69921875,0,26050,26072.78377714703,26092.04275453364,120144
2025-11-21 05:25:00+00:00,26146.1371171875,26094.150390625,26065.30078125,26069.099609375,0,26100,26079.83892434802,26092.281062560683,292700
2025-11-21 05:30:00+00:00,26137.8706171875,26095.349609375,26084.849609375,26093.19921875,0,26100,26081.79235581535,26091.45833208435,243519
2025-11-21 05:35:00+00:00,26135.51630859375,26085.849609375,26064.80078125,26084.94921875,0,26100,26082.31144033524,26090.44474174568,378127
2025-11-21 05:40:00+00:00,26158.9126171875,26110.55078125,26083.400390625,26083.44921875,0,26100,26090.44069980683,26092.47655137122,137752
2025-11-21 05:45:00+00:00,26151.7498828125,26108.150390625,26098.650390625,26107.19921875,0,26100,26093.477393621222,26093.360830106067,379473
2025-11-21 05:50:00+00:00,26142.3796171875,26101.19921875,26087.150390625,26100.44921875,0,26100,26092.38466866415,26092.96562868656,339291
2025-11-21 05:55:00+00:00,26155.206,26105.19921875,26081.19921875,26090.150390625,0,26100,26095.923112442768,26094.219925100737,210700
2025-11-21 06:00:00+00:00,26137.8706171875,26104.19921875,26079.94921875,26103.19921875,0,26100,26092.515147878512,26093.15483680689,196621
2025-11-21 06:05:00+00:00,26143.08219140625,26097.650390625,26085.099609375,26085.44921875,0,26100,26091.97689546068,26092.87303103416,218190
2025-11-21 06:10:00+00:00,26138.52230859375,26092.099609375,26070.94921875,26090.44921875,0,26100,26090.101133432123,26092.05760332676,159019
2025-11-21 06:15:00+00:00,26142.27980859375,26091.55078125,26085.599609375,26086.30078125,0,26100,26090.100625413084,26091.81285408279,308941
2025-11-21 06:20:00+00:00,26148.4933828125,26097.5,26088.80078125,26090.25,0,26100,26092.16734402539,26092.37384497869,201463
2025-11-21 06:25:00+00:00,26145.28580859375,26098.900390625,26092.19921875,26096.19921875,0,26100,26092.47809914193,26092.46456552823,396613
2025-11-21 06:30:00+00:00,26158.763882812502,26106.75,26086.099609375,26093.30078125,0,26100,26097.16899317796,26094.22534249345,209341
2025-11-21 06:35:00+00:00,26159.7658828125,26110.900390625,26104.69921875,26106.650390625,0,26100,26100.629589201973,26095.89102233802,141864
2025-11-21 06:40:00+00:00,26176.14819140625,26126.349609375,26107.150390625,26107.349609375,0,26100,26108.386523009653,26099.392193373893,439002
2025-11-21 06:45:00+00:00,26190.4756171875,26139.75,26122.55078125,26124.55078125,0,26150,26118.324088256435,26104.243071545905,332536
2025-11-21 06:50:00+00:00,26209.8658828125,26159.69921875,26137.599609375,26139.94921875,0,26150,26131.399652587625,26110.90653525892,442196
2025-11-21 06:55:00+00:00,26205.0555,26160.69921875,26147.150390625,26157.650390625,0,26150,26138.516435058416,26116.13696835155,177471
2025-11-21 07:00:00+00:00,26194.68519140625,26152.75,26137.349609375,26151.44921875,0,26150,26139.81108691395,26119.41989613573,413290
2025-11-21 07:05:00+00:00,26195.5873828125,26147.44921875,26135.099609375,26141.5,0,26150,26140.974318359305,26122.40500677501,465948
2025-11-21 07:10:00+00:00,26201.3488828125,26153.400390625,26140.0,26143.69921875,0,26150,26143.6664726562,26125.735728584383,296195
2025-11-21 07:15:00+00:00,26215.2751171875,26163.599609375,26148.55078125,26149.0,0,26150,26150.09405468747,26130.38741485509,257583
2025-11-21 07:20:00+00:00,26224.5436171875,26179.099609375,26160.55078125,26162.44921875,0,26150,26157.462442708314,26135.613890341952,474997
2025-11-21 07:25:00+00:00,26218.332,26177.30078125,26165.30078125,26172.19921875,0,26150,26160.30829513888,26139.41215404921,434657
2025-11-21 07:30:00+00:00,26219.23419140625,26170.44921875,26161.19921875,26166.19921875,0,26150,26162.50566030092,26142.848183621183,297970
2025-11-21 07:35:00+00:00,26213.47269140625,26169.05078125,26158.75,26166.849609375,0,26150,26162.05390374229,26145.13595949666,369273
2025-11-21 07:40:00+00:00,26187.8218828125,26163.05078125,26133.94921875,26161.55078125,0,26150,26153.219529578197,26143.937812215827,248177
2025-11-21 07:45:00+00:00,26167.9815,26140.599609375,26114.349609375,26136.400390625,0,26100,26140.729686385464,26140.41433568885,106809
2025-11-21 07:50:00+00:00,26160.61719140625,26121.650390625,26108.349609375,26115.849609375,0,26100,26129.953254465312,26136.41259255587,289492
2025-11-21 07:55:00+00:00,26168.58230859375,26119.5,26104.75,26109.599609375,0,26100,26125.418706101875,26133.90471965826,177653
2025-11-21 08:00:00+00:00,26173.7938828125,26122.94921875,26110.849609375,26116.80078125,0,26100,26124.12939781792,26132.36047735723,366028
2025-11-21 08:05:00+00:00,26171.38869140625,26126.55078125,26111.30078125,26123.19921875,0,26100,26122.46972875362,26130.7092165157,480550
2025-11-21 08:10:00+00:00,26155.60719140625,26120.849609375,26101.349609375,26119.650390625,0,26100,26116.11328271075,26127.29561327936,236733
2025-11-21 08:15:00+00:00,26165.82680859375,26115.75,26099.349609375,26103.44921875,0,26100,26115.27539159884,26125.58361279132,229693
2025-11-21 08:20:00+00:00,26181.35780859375,26129.099609375,26108.69921875,26114.150390625,0,26150,26119.88346419089,26126.02311236428,142023
2025-11-21 08:25:00+00:00,26190.87680859375,26138.599609375,26127.80078125,26129.25,0,26150,26126.122179252263,26127.595174490616,497407
2025-11-21 08:30:00+00:00,26185.11530859375,26138.94921875,26129.55078125,26138.849609375,0,26150,26128.36465595984,26128.251978851164,369897
2025-11-21 08:35:00+00:00,26195.2351171875,26144.599609375,26123.650390625,26132.30078125,0,26150,26133.226176889897,26130.08913383852,198355
2025-11-21 08:40:00+00:00,26199.44469140625,26148.69921875,26138.099609375,26143.05078125,0,26150,26137.86758146827,26132.22179093683,471368
2025-11-21 08:45:00+00:00,26193.7321171875,26154.94921875,26140.349609375,26146.75,0,26150,26139.06146056218,26133.37521941348,321186
2025-11-21 08:50:00+00:00,26201.44869140625,26153.05078125,26140.55078125,26142.80078125,0,26150,26142.424437249792,26135.347115814915,321507
2025-11-21 08:55:00+00:00,26202.2491171875,26152.400390625,26145.55078125,26148.75,0,26150,26144.932697749864,26137.1723786818,483239
2025-11-21 09:00:00+00:00,26202.90080859375,26155.400390625,26145.55078125,26150.25,0,26150,26146.821668291577,26138.85078251845,498865
2025-11-21 09:05:00+00:00,26198.0923828125,26161.69921875,26144.849609375,26150.0,0,26150,26146.48137261105,26139.719532359893,462186
2025-11-21 09:10:00+00:00,26180.35580859375,26148.55078125,26127.44921875,26146.400390625,0,26150,26140.35411819904,26138.267041986783,192205
2025-11-21 09:15:00+00:00,26158.81280859375,26133.44921875,26106.44921875,26126.94921875,0,26100,26129.102615257696,26134.30861291031,360432
2025-11-21 09:20:00+00:00,26144.7358828125,26111.650390625,26091.900390625,26107.25,0,26100,26116.918670588464,26129.08888395277,341181
2025-11-21 09:25:00+00:00,26122.49030859375,26093.55078125,26067.75,26091.900390625,0,26050,26101.39565018398,26121.746474630552,208225
2025-11-21 09:30:00+00:00,26130.657,26084.349609375,26065.75,26071.05078125,0,26100,26093.76376678932,26116.340665301734,176645
2025-11-21 09:35:00+00:00,26122.3396171875,26079.849609375,26068.150390625,26078.849609375,0,26050,26085.908917442885,26110.57298448277,388819
2025-11-21 09:40:00+00:00,26121.48830859375,26073.400390625,26064.05078125,26071.25,0,26050,26080.389148086924,26105.42006259429,110846
2025-11-21 09:45:00+00:00,26116.47830859375,26080.400390625,26064.349609375,26070.150390625,0,26050,26075.042635182952,26100.286255941883,295932
2025-11-21 09:50:00+00:00,26107.8615,26069.849609375,26052.80078125,26064.900390625,0,26050,26068.61175678864,26094.71922394915,280117
2025-11-21 09:55:00+00:00,26116.0771171875,26067.55078125,26056.349609375,26057.05078125,0,26050,26067.05757744243,26090.87297329925,374369
2025-11-24 03:45:00+00:00,26149.4445,26134.19921875,26082.650390625,26128.30078125,0,26100,26077.121718294955,26091.67010163685,388808
2025-11-24 03:50:00+00:00,26151.09819140625,26120.400390625,26091.150390625,26096.94921875,0,26100,26084.381275738306,26092.573887760365,399679
2025-11-24 03:55:00+00:00,26165.82680859375,26114.900390625,26098.19921875,26099.25,0,26100,26094.120720283878,26095.202102962197,320275
2025-11-24 04:00:00+00:00,26145.1351171875,26116.80078125,26090.25,26115.099609375,0,26100,26093.730219772584,26094.92049243567,410482
2025-11-24 04:05:00+00:00,26140.27580859375,26093.900390625,26077.94921875,26093.44921875,0,26100,26091.85334964006,26094.06788205309,370041
2025-11-24 04:10:00+00:00,26127.05019140625,26093.25,26074.400390625,26088.400390625,0,26050,26086.20236330171,26091.671945624577,102103
2025-11-24 04:15:00+00:00,26147.8906171875,26097.44921875,26064.69921875,26076.19921875,0,26100,26089.367981784475,26092.17535476525,218386
2025-11-24 04:20:00+00:00,26139.4245,26107.900390625,26086.30078125,26095.44921875,0,26100,26088.66198785632,26091.5596854196,174035
2025-11-24 04:25:00+00:00,26137.57119140625,26093.25,26084.0,26087.400390625,0,26100,26087.574788779217,26090.78977357027,386064
2025-11-24 04:30:00+00:00,26160.11619140625,26110.900390625,26085.400390625,26085.400390625,0,26100,26094.349989394483,26092.928600702115,290140
2025-11-24 04:35:00+00:00,26169.6841171875,26118.69921875,26108.650390625,26108.650390625,0,26100,26102.04973251299,26095.9936779581,330332
2025-11-24 04:40:00+00:00,26180.757,26130.349609375,26114.25,26117.75,0,26150,26110.866488341995,26100.05696821334,327155
2025-11-24 04:45:00+00:00,26166.1771171875,26129.55078125,26110.5,26129.05078125,0,26100,26111.894065144665,26101.79349953042,240720
2025-11-24 04:50:00+00:00,26177.40069140625,26128.69921875,26114.05078125,26114.30078125,0,26150,26116.31284030478,26104.713110917244,299072
2025-11-24 04:55:00+00:00,26173.4925,26128.80078125,26121.25,26125.19921875,0,26100,26117.958560203188,26106.78022205259,191558
2025-11-24 05:00:00+00:00,26181.65919140625,26130.599609375,26117.0,26121.25,0,26150,26121.772503677126,26109.60774312414,417730
2025-11-24 05:05:00+00:00,26189.7241171875,26142.5,26128.19921875,26128.19921875,0,26150,26126.998075368087,26113.087927577373,394100
2025-11-24 05:10:00+00:00,26183.2111171875,26141.75,26130.5,26137.80078125,0,26150,26128.31512316206,26115.32058897395,346770
2025-11-24 05:15:00+00:00,26184.3148828125,26137.30078125,26126.849609375,26131.900390625,0,26150,26129.56034252471,26117.411863008456,219071
2025-11-24 05:20:00+00:00,26166.32780859375,26131.80078125,26113.30078125,26131.80078125,0,26100,26124.40676480814,26116.997831304277,340480
2025-11-24 05:25:00+00:00,26160.61719140625,26115.30078125,26108.150390625,26114.400390625,0,26100,26119.071306747093,26115.92315121937,452942
2025-11-24 05:30:00+00:00,26157.4605,26110.5,26094.400390625,26108.599609375,0,26100,26114.464204498065,26114.589007316943,231109
2025-11-24 05:35:00+00:00,26151.9495,26106.349609375,26098.099609375,26105.400390625,0,26100,26109.55946966538,26112.734131402325,222402
2025-11-24 05:40:00+00:00,26150.29580859375,26102.69921875,26094.94921875,26100.599609375,0,26100,26105.73951623525,26110.904816148908,293798
2025-11-24 05:45:00+00:00,26145.687,26098.400390625,26088.099609375,26098.400390625,0,26100,26101.65967749017,26108.729214130293,423023
2025-11-24 05:50:00+00:00,26148.9943828125,26099.349609375,26092.75,26093.94921875,0,26100,26100.040045410115,26107.238160020257,368943
2025-11-24 05:55:00+00:00,26174.84480859375,26123.44921875,26096.400390625,26097.099609375,0,26100,26107.55990006508,26109.1583411896,290967
2025-11-24 06:00:00+00:00,26174.4436171875,26126.0,26118.650390625,26122.19921875,0,26100,26112.439672960056,26110.788450884647,449918
2025-11-24 06:05:00+00:00,26170.4865,26130.94921875,26117.94921875,26122.05078125,0,26100,26114.37644864004,26111.72114452407,388815
2025-11-24 06:10:00+00:00,26169.38469140625,26122.25,26114.599609375,26118.900390625,0,26100,26115.301095968363,26112.399800286687,185370
2025-11-24 06:15:00+00:00,26149.84569140625,26117.30078125,26096.30078125,26117.30078125,0,26100,26109.417527520574,26110.556124078976,106976
2025-11-24 06:20:00+00:00,26121.98930859375,26098.150390625,26068.30078125,26098.150390625,0,26050,26096.22822147205,26105.467809740974,146972
2025-11-24 06:25:00+00:00,26129.55519140625,26079.099609375,26063.400390625,26070.400390625,0,26100,26089.952277856373,26101.95938235148,465948
2025-11-24 06:30:00+00:00,26136.01730859375,26089.5,26075.44921875,26078.44921875,0,26100,26087.91805502925,26099.69566072942,269698
2025-11-24 06:35:00+00:00,26125.04619140625,26085.849609375,26072.650390625,26083.94921875,0,26050,26082.912166894504,26096.346251966366,141274
2025-11-24 06:40:00+00:00,26121.23780859375,26074.400390625,26065.599609375,26073.44921875,0,26050,26078.30798105467,26092.940421642445,361467
2025-11-24 06:45:00+00:00,26129.6041171875,26082.099609375,26066.55078125,26068.650390625,0,26100,26078.021726953117,26091.00402128089,320679
2025-11-24 06:50:00+00:00,26125.79769140625,26089.349609375,26069.44921875,26078.25,0,26050,26076.564614843744,26088.834817448904,260334
2025-11-24 06:55:00+00:00,26117.6818828125,26074.849609375,26059.55078125,26073.349609375,0,26050,26072.893336979163,26085.92431292404,475867
2025-11-24 07:00:00+00:00,26129.75480859375,26080.099609375,26047.0,26066.75,0,26100,26074.462094444443,26084.883724980413,256426
2025-11-24 07:05:00+00:00,26129.2048828125,26083.849609375,26074.650390625,26078.400390625,0,26100,26075.324990046294,26083.904607014112,485342
2025-11-24 07:10:00+00:00,26130.156,26080.849609375,26073.30078125,26078.05078125,0,26100,26076.21666003087,26083.166531137347,447620
2025-11-24 07:15:00+00:00,26137.4713828125,26088.19921875,26077.150390625,26078.19921875,0,26100,26079.24470043725,26083.43331240143,418318
2025-11-24 07:20:00+00:00,26126.99930859375,26093.30078125,26073.44921875,26086.5,0,26050,26077.779670083168,26082.360349523125,464263
2025-11-24 07:25:00+00:00,26136.9195,26085.69921875,26068.30078125,26075.900390625,0,26100,26080.10311338878,26082.659055832733,401025
2025-11-24 07:30:00+00:00,26126.74880859375,26088.349609375,26071.75,26085.69921875,0,26050,26078.26861205085,26081.651625025515,304809
2025-11-24 07:35:00+00:00,26136.06819140625,26090.30078125,26065.650390625,26075.05078125,0,26100,26080.145871575573,26081.93272072545,280847
2025-11-24 07:40:00+00:00,26132.76080859375,26092.94921875,26079.650390625,26084.400390625,0,26100,26080.29711750872,26081.766081806643,178029
2025-11-24 07:45:00+00:00,26140.32669140625,26091.44921875,26078.19921875,26081.80078125,0,26100,26082.91487521415,26082.564120408937,489203
2025-11-24 07:50:00+00:00,26143.2328828125,26096.05078125,26089.0,26089.0,0,26100,26085.626843892765,26083.62495301407,172102
2025-11-24 07:55:00+00:00,26135.6161171875,26094.150390625,26077.55078125,26093.349609375,0,26100,26084.900968845177,26083.60298623106,364787
2025-11-24 08:00:00+00:00,26131.3576171875,26083.69921875,26076.19921875,26083.69921875,0,26100,26083.00038548012,26083.052515295927,497633
2025-11-24 08:05:00+00:00,26122.5901171875,26091.0,26070.44921875,26079.5,0,26050,26078.81666323675,26081.477103227688,494643
2025-11-24 08:10:00+00:00,26138.7238828125,26088.400390625,26062.80078125,26071.599609375,0,26100,26081.3947025745,26082.11131298048,448122
2025-11-24 08:15:00+00:00,26132.8606171875,26090.05078125,26079.0,26088.349609375,0,26100,26081.162874633003,26081.934801201667,424956
2025-11-24 08:20:00+00:00,26129.1031171875,26086.150390625,26074.5,26081.80078125,0,26100,26079.758322672005,26081.31160339521,439025
2025-11-24 08:25:00+00:00,26121.6898828125,26083.25,26069.0,26077.900390625,0,26050,26076.355808864675,26079.84150062706,225755
2025-11-24 08:30:00+00:00,26102.8515,26072.94921875,26049.400390625,26069.900390625,0,26050,26067.82053924312,26076.20506304868,410950
2025-11-24 08:35:00+00:00,26087.67080859375,26053.05078125,26035.099609375,26051.19921875,0,26050,26057.080229287083,26071.129381339462,430932
2025-11-24 08:40:00+00:00,26109.26469140625,26058.349609375,26036.19921875,26036.19921875,0,26050,26057.103616399723,26069.38200750016,177391
2025-11-24 08:45:00+00:00,26091.6298828125,26060.05078125,26039.55078125,26054.650390625,0,26050,26051.252671349816,26065.653104218887,402742
2025-11-24 08:50:00+00:00,26078.6038828125,26040.900390625,26026.0,26040.5,0,26050,26043.01870798321,26060.765313847776,385581
2025-11-24 08:55:00+00:00,26078.20269140625,26039.099609375,26026.150390625,26027.75,0,26050,26037.39593553048,26056.43844844493,278593
2025-11-24 09:00:00+00:00,26078.20269140625,26040.75,26026.0,26027.30078125,0,26050,26033.64742056199,26052.65244121744,279546
2025-11-24 09:05:00+00:00,26075.64680859375,26033.75,26018.94921875,26026.80078125,0,26000,26030.298150166327,26049.02083723713,114359
2025-11-24 09:10:00+00:00,26077.7506171875,26036.849609375,26023.349609375,26024.150390625,0,26050,26028.765173027557,26046.10563492624,181104
2025-11-24 09:15:00+00:00,26081.70969140625,26038.900390625,26026.19921875,26027.099609375,0,26050,26029.06024556004,26044.048729388585,314860
2025-11-24 09:20:00+00:00,26071.7895,26039.05078125,26015.94921875,26030.19921875,0,26000,26025.95683037336,26041.01138821501,117360
2025-11-24 09:25:00+00:00,26091.1288828125,26043.44921875,26019.849609375,26020.650390625,0,26050,26030.321480665574,26040.766312344385,279192
2025-11-24 09:30:00+00:00,26029.1536171875,26057.75,25977.19921875,26039.80078125,0,26000,26012.614060027056,26032.820425645088,481028
2025-11-24 09:35:00+00:00,26016.4798828125,25977.44921875,25955.349609375,25977.44921875,0,25950,25996.592967101373,26024.2867200957,171128
2025-11-24 09:40:00+00:00,26006.30919140625,25968.099609375,25952.55078125,25964.900390625,0,25950,25982.528774942584,26015.550928911864,491271
2025-11-24 09:45:00+00:00,26002.8511171875,25960.650390625,25948.80078125,25954.55078125,0,25950,25972.002256211726,26007.47571514163,375613
2025-11-24 09:50:00+00:00,25982.76219140625,25952.099609375,25928.0,25951.400390625,0,25950,25958.30163434949,25997.90379957705,260263
2025-11-24 09:55:00+00:00,25995.23630859375,25952.25,25913.0,25930.80078125,0,25950,25953.317626024666,25991.084525801794,431392
2025-11-25 03:45:00+00:00,26016.93,25997.599609375,25924.55078125,25997.599609375,0,25950,25957.21175068311,25987.82396007657,307952
2025-11-25 03:50:00+00:00,26007.76130859375,25968.75,25942.55078125,25963.75,0,25950,25956.75770358041,25983.827166238872,192911
2025-11-25 03:55:00+00:00,26007.1096171875,25969.150390625,25946.44921875,25955.099609375,0,25950,25956.23820863694,25980.248672802765,325905
2025-11-25 04:00:00+00:00,26029.5058828125,25979.599609375,25953.80078125,25954.849609375,0,26000,25963.34239950796,25979.91143635867,102340
2025-11-25 04:05:00+00:00,26021.439,25980.650390625,25960.94921875,25979.400390625,0,25950,25965.39493300531,25978.61000681384,271045
2025-11-25 04:10:00+00:00,26021.037808593752,25978.69921875,25968.25,25969.400390625,0,25950,25966.62982512854,25977.421207133983,270201
2025-11-25 04:15:00+00:00,26013.07269140625,25975.80078125,25961.05078125,25969.0,0,25950,25964.803346960696,25975.38735507036,291549
2025-11-25 04:20:00+00:00,26035.86819140625,25988.099609375,25952.099609375,25960.25,0,26000,25971.16902818213,25976.45148451469,151959
2025-11-25 04:25:00+00:00,26040.37719140625,25990.599609375,25978.94921875,25984.05078125,0,26000,25976.91281566309,25977.94509777848,242026
2025-11-25 04:30:00+00:00,26041.88019140625,26000.099609375,25985.55078125,25987.650390625,0,26000,25981.24200731706,25979.43950938429,255532
2025-11-25 04:35:00+00:00,26057.16069140625,26005.849609375,25988.650390625,25988.650390625,0,26000,25989.211468419708,25982.65336953938,284714
2025-11-25 04:40:00+00:00,26070.63680859375,26025.25,26004.150390625,26005.650390625,0,26000,25999.007515404806,25987.146649518832,239527
2025-11-25 04:45:00+00:00,26066.12780859375,26024.0,26013.0,26019.349609375,0,26000,26004.038213394877,25990.515769500853,155210
2025-11-25 04:50:00+00:00,26067.2296171875,26019.94921875,26005.5,26013.19921875,0,26000,26007.75854851325,25993.601200656994,268659
2025-11-25 04:55:00+00:00,26062.5718828125,26020.25,26005.099609375,26014.94921875,0,26000,26008.68929275884,25995.71989823112,314517
2025-11-25 05:00:00+00:00,26053.7026171875,26020.400390625,26001.150390625,26010.849609375,0,26000,26006.359268089225,25996.46731329598,130941
2025-11-25 05:05:00+00:00,26060.667691406252,26012.650390625,25992.44921875,26001.900390625,0,26000,26007.122975601156,25997.990197962103,324180
2025-11-25 05:10:00+00:00,26043.38319140625,26009.75,25991.400390625,26007.900390625,0,26000,26001.88211394244,25997.16647204497,359666
2025-11-25 05:15:00+00:00,26036.469,25991.900390625,25982.349609375,25991.75,0,26000,25996.088075961627,25995.583163039348,164379
2025-11-25 05:20:00+00:00,26027.2005,25990.55078125,25973.05078125,25984.69921875,0,26000,25989.142050641087,25993.04151765943,385786
2025-11-25 05:25:00+00:00,25990.97780859375,25976.05078125,25938.44921875,25975.44921875,0,25950,25972.461236885727,25986.298779123877,186569
2025-11-25 05:30:00+00:00,25986.77019140625,25939.900390625,25927.150390625,25938.94921875,0,25950,25959.94095479882,25979.873980561515,231208
2025-11-25 05:35:00+00:00,25988.874,25938.849609375,25931.05078125,25934.900390625,0,25950,25952.29396986588,25974.514732991327,381789
2025-11-25 05:40:00+00:00,25997.0896171875,25945.349609375,25933.099609375,25936.849609375,0,25950,25949.92905282725,25970.850293711163,224931
2025-11-25 05:45:00+00:00,26000.6983828125,25953.80078125,25944.44921875,25945.25,0,25950,25949.552962301503,25968.094104653515,403005
2025-11-25 05:50:00+00:00,26002.1505,25953.19921875,25942.349609375,25949.0,0,25950,25949.785308201004,25965.863591571822,302694
2025-11-25 05:55:00+00:00,26014.7263828125,25964.80078125,25949.55078125,25950.25,0,25950,25954.123799217337,25965.4807402816,255283
2025-11-25 06:00:00+00:00,26017.1296171875,25966.349609375,25958.099609375,25962.69921875,0,25950,25957.81560572823,25965.445550090142,180428
2025-11-25 06:05:00+00:00,26018.83419140625,25968.650390625,25962.0,25965.25,0,25950,25960.84386736049,25965.627405157004,409410
2025-11-25 06:10:00+00:00,26004.05469140625,25969.80078125,25950.55078125,25966.5,0,25950,25957.946041782,25963.942778340504,124101
2025-11-25 06:15:00+00:00,26014.6246171875,25964.44921875,25950.650390625,25952.0,0,25950,25959.530434104665,25963.78733339169,301735
2025-11-25 06:20:00+00:00,26025.59769140625,25976.349609375,25962.349609375,25963.55078125,0,25950,25964.23708627811,25965.020215545854,358741
2025-11-25 06:25:00+00:00,26039.4241171875,25994.75,25972.25,25973.0,0,26000,25971.97446376874,25967.82384094637,241476
2025-11-25 06:30:00+00:00,26027.7015,25990.69921875,25974.900390625,25987.5,0,26000,25973.23297584583,25968.81461082808,184423
2025-11-25 06:35:00+00:00,26040.57680859375,25991.150390625,25975.849609375,25976.349609375,0,26000,25978.35518702222,25971.287735646445,300277
2025-11-25 06:40:00+00:00,26033.36319140625,25988.75,25973.44921875,25988.30078125,0,26000,25979.370254889815,25972.551817518764,112230
2025-11-25 06:45:00+00:00,26016.3781171875,25986.0,25963.0,25981.599609375,0,25950,25974.396576176547,25971.538992672668,422003
2025-11-25 06:50:00+00:00,26009.8651171875,25964.75,25954.349609375,25964.0,0,25950,25968.914123701037,25969.84027093233,123162
2025-11-25 06:55:00+00:00,26009.8651171875,25975.900390625,25954.55078125,25958.349609375,0,25950,25965.259155384025,25968.353889409544,234445
2025-11-25 07:00:00+00:00,26018.83419140625,25969.650390625,25958.19921875,25958.19921875,0,25950,25965.806233797688,25968.17220206148,163814
2025-11-25 07:05:00+00:00,26026.6995,25977.80078125,25964.75,25966.69921875,0,25950,25968.78748919846,25968.99442680379,390181
2025-11-25 07:10:00+00:00,26039.4241171875,25990.150390625,25972.900390625,25974.650390625,0,26000,25975.008065715643,25971.30127579707,404157
2025-11-25 07:15:00+00:00,26038.2733828125,25994.19921875,25986.30078125,25987.25,0,26000,25978.77230422709,25973.176213978684,240649
2025-11-25 07:20:00+00:00,26046.489,25998.80078125,25979.25,25986.30078125,0,26000,25984.01486948473,25975.84168723135,192053
2025-11-25 07:25:00+00:00,26035.86819140625,26002.19921875,25983.900390625,25994.55078125,0,26000,25983.976709864823,25976.84902515556,411587
2025-11-25 07:30:00+00:00,26026.8991171875,25984.19921875,25969.650390625,25984.05078125,0,25950,25980.967546159885,25976.61154935486,396813
2025-11-25 07:35:00+00:00,26053.5538828125,26006.400390625,25973.599609375,25974.80078125,0,26000,25987.82862452326,25979.728953341757,276668
2025-11-25 07:40:00+00:00,26042.2305,26009.30078125,25986.150390625,26002.349609375,0,26000,25988.635749682173,25981.044084174035,473125
2025-11-25 07:45:00+00:00,26042.58080859375,26001.69921875,25987.650390625,25990.0,0,26000,25989.290369579783,25982.238524824155,143835
2025-11-25 07:50:00+00:00,26052.3013828125,26002.0,25983.349609375,25991.30078125,0,26000,25992.96050680319,25984.496306877387,482247
2025-11-25 07:55:00+00:00,26061.2176171875,26014.849609375,25998.19921875,26000.099609375,0,26000,25998.37341078546,25987.584170861464,277604
2025-11-25 08:00:00+00:00,26056.9591171875,26012.599609375,25989.19921875,26008.599609375,0,26000,26000.565346773645,25989.75480184753,205809
2025-11-25 08:05:00+00:00,26063.37230859375,26013.400390625,26000.400390625,26003.94921875,0,26000,26004.1601009741,25992.454152788465,459192
2025-11-25 08:10:00+00:00,26048.4421171875,26012.349609375,25992.80078125,26010.75,0,26000,26001.5898068994,25992.953536033656,418929
2025-11-25 08:15:00+00:00,26051.09780859375,26009.25,25987.19921875,25995.69921875,0,26000,26000.759741057933,25993.721795201323,201809
2025-11-25 08:20:00+00:00,26059.5658828125,26008.75,25996.19921875,25998.599609375,0,26000,26003.02342112196,25995.450418457407,209796
2025-11-25 08:25:00+00:00,26060.36630859375,26010.5,26001.19921875,26008.099609375,0,26000,26004.798817206305,25997.062817322105,221418
2025-11-25 08:30:00+00:00,26071.7895,26023.44921875,26006.44921875,26008.349609375,0,26000,26009.78254480421,25999.898715156844,137427
2025-11-25 08:35:00+00:00,26065.62680859375,26028.55078125,26013.599609375,26020.19921875,0,26000,26011.05489966114,26001.611326934115,211560
2025-11-25 08:40:00+00:00,26072.2905,26023.849609375,26012.900390625,26014.150390625,0,26000,26014.11993310743,26003.94116106735,114720
2025-11-25 08:45:00+00:00,26056.2076171875,26032.099609375,26003.05078125,26020.599609375,0,26000,26010.813028321623,26003.97341827768,171385
2025-11-25 08:50:00+00:00,26042.88219140625,26012.900390625,25989.0,26003.650390625,0,26000,26004.175482422757,26002.33928982109,206858
2025-11-25 08:55:00+00:00,26025.59769140625,25992.150390625,25972.099609375,25989.650390625,0,25950,25994.000451823507,25998.753177421582,327280
2025-11-25 09:00:00+00:00,26010.3661171875,25972.75,25953.75,25972.55078125,0,25950,25982.15004079901,25993.715182587635,335574
2025-11-25 09:05:00+00:00,25999.24430859375,25968.900390625,25943.75,25958.44921875,0,25950,25970.549896991004,25987.919485936058,139329
2025-11-25 09:10:00+00:00,26015.32719140625,25966.5,25942.900390625,25946.69921875,0,25950,25968.166728202337,25984.854599022176,149332
2025-11-25 09:15:00+00:00,26011.01780859375,25966.849609375,25950.69921875,25962.75,0,25950,25965.14435525989,25981.63522531628,423759
2025-11-25 09:20:00+00:00,25973.5426171875,25963.599609375,25920.349609375,25959.25,0,25900,25950.66264308993,25974.14322449549,484165
2025-11-25 09:25:00+00:00,25951.6003828125,25932.599609375,25898.75,25921.150390625,0,25900,25933.70868914329,25964.85041908981,376211
2025-11-25 09:30:00+00:00,25935.16719140625,25920.400390625,25869.75,25899.30078125,0,25900,25916.93925630386,25954.669165531704,304779
2025-11-25 09:35:00+00:00,25939.17519140625,25901.19921875,25879.80078125,25884.849609375,0,25900,25907.09296774424,25946.260568668367,408429
2025-11-25 09:40:00+00:00,25937.772,25901.849609375,25881.650390625,25885.44921875,0,25900,25900.06197849616,25938.72799758482,361570
2025-11-25 09:45:00+00:00,25931.10830859375,25886.05078125,25877.0,25886.05078125,0,25900,25893.15785545578,25931.305699058597,258952
2025-11-25 09:50:00+00:00,25925.247,25882.599609375,25870.099609375,25880.0,0,25850,25886.60523697052,25924.079986676268,391892
2025-11-25 09:55:00+00:00,25912.0213828125,25874.25,25858.400390625,25872.75,0,25850,25877.83708506369,25916.107585997983,158920
2025-11-26 03:45:00+00:00,26020.9888828125,25969.05078125,25842.94921875,25842.94921875,0,25950,25908.241650459124,25922.725485404484,434975
2025-11-26 03:50:00+00:00,26021.28830859375,25977.349609375,25965.099609375,25969.650390625,0,25950,25928.610970097758,25928.5535009008,169923
2025-11-26 03:55:00+00:00,26031.2593828125,25983.400390625,25965.599609375,25969.30078125,0,26000,25945.50757381517,25934.896910944448,281312
2025-11-26 04:00:00+00:00,26063.022,26014.55078125,25979.599609375,25979.900390625,0,26000,25967.33838254345,25944.40979707639,183151
2025-11-26 04:05:00+00:00,26055.10580859375,26015.75,25999.099609375,26011.44921875,0,26000,25979.2587914873,25951.74602361372,205807
2025-11-26 04:10:00+00:00,26076.64880859375,26025.44921875,26000.80078125,26003.30078125,0,26000,25994.372397449868,25960.852721833875,209746
2025-11-26 04:15:00+00:00,26101.5481171875,26049.650390625,26024.099609375,26024.099609375,0,26050,26012.731337883248,25971.92728394839,201033
2025-11-26 04:20:00+00:00,26129.50430859375,26080.05078125,26048.30078125,26049.19921875,0,26100,26034.27076171384,25985.105074626717,485760
2025-11-26 04:25:00+00:00,26130.1051171875,26084.150390625,26068.05078125,26076.30078125,0,26100,26048.83024739256,25996.710592642125,206272
2025-11-26 04:30:00+00:00,26139.57519140625,26092.44921875,26077.44921875,26077.44921875,0,26100,26061.68696180337,26008.046817389983,341791
2025-11-26 04:35:00+00:00,26144.9863828125,26098.19921875,26085.900390625,26087.25,0,26100,26072.05823495225,26018.641062872484,116999
2025-11-26 04:40:00+00:00,26136.669,26095.19921875,26074.75,26092.94921875,0,26100,26076.205489968168,26026.873430013424,264244
2025-11-26 04:45:00+00:00,26136.51830859375,26092.69921875,26082.05078125,26084.25,0,26100,26078.920196437117,26034.05795243362,481421
2025-11-26 04:50:00+00:00,26129.25380859375,26085.599609375,26068.150390625,26085.599609375,0,26100,26078.313334083075,26039.438159551293,439304
2025-11-26 04:55:00+00:00,26119.3845,26079.650390625,26061.900390625,26077.400390625,0,26050,26074.625556055384,26042.91463960738,178394
2025-11-26 05:00:00+00:00,26130.9583828125,26088.44921875,26066.19921875,26067.30078125,0,26100,26076.01729778693,26047.400407312707,325005
2025-11-26 05:05:00+00:00,26140.57719140625,26089.19921875,26073.0,26077.94921875,0,26100,26080.14499539962,26052.525405226745,424851
2025-11-26 05:10:00+00:00,26144.3836171875,26093.400390625,26084.55078125,26088.5,0,26100,26084.163069849747,26057.484631917152,292191
2025-11-26 05:15:00+00:00,26175.6961171875,26130.5,26091.650390625,26091.650390625,0,26100,26097.2584528165,26065.73020527126,255522
2025-11-26 05:20:00+00:00,26158.763882812502,26126.099609375,26103.55078125,26122.94921875,0,26100,26100.35589562767,26070.832777268603,392446
2025-11-26 05:25:00+00:00,26161.36869140625,26114.80078125,26103.94921875,26106.55078125,0,26100,26103.287393960112,26075.622478938152,302040
2025-11-26 05:30:00+00:00,26170.737,26121.900390625,26108.5,26108.5,0,26100,26108.358262640075,26080.982169070885,299449
2025-11-26 05:35:00+00:00,26169.63519140625,26126.69921875,26111.94921875,26118.099609375,0,26100,26111.37230530172,26085.53444676515,181463
2025-11-26 05:40:00+00:00,26168.733,26118.75,26113.400390625,26117.44921875,0,26100,26113.08153686781,26089.405140919505,467899
2025-11-26 05:45:00+00:00,26183.16219140625,26131.80078125,26115.900390625,26116.75,0,26150,26119.021154786875,26094.592047132694,251521
2025-11-26 05:50:00+00:00,26183.0115,26135.94921875,26127.849609375,26129.94921875,0,26150,26122.93076985792,26099.111791241103,120732
2025-11-26 05:55:00+00:00,26184.0643828125,26139.25,26127.900390625,26130.44921875,0,26150,26125.887440321945,26103.19791499222,138467
2025-11-26 06:00:00+00:00,26187.2191171875,26138.75,26127.30078125,26131.44921875,0,26150,26128.908033131294,26107.16682796194,112977
2025-11-26 06:05:00+00:00,26178.5025,26137.099609375,26124.900390625,26135.0,0,26150,26128.02202208753,26109.552224466697,494631
2025-11-26 06:10:00+00:00,26173.743,26129.05078125,26120.849609375,26126.099609375,0,26100,26125.848014725023,26111.04569640836,411702
2025-11-26 06:15:00+00:00,26183.61230859375,26132.900390625,26116.69921875,26121.05078125,0,26150,26127.681879608357,26113.58368552919,125563
2025-11-26 06:20:00+00:00,26184.16419140625,26136.30078125,26128.94921875,26131.599609375,0,26150,26129.08804994724,26115.87327366617,476910
2025-11-26 06:25:00+00:00,26195.68719140625,26145.349609375,26130.30078125,26131.44921875,0,26150,26133.85883017316,26119.31416328602,312568
2025-11-26 06:30:00+00:00,26202.1003828125,26152.55078125,26137.19921875,26143.80078125,0,26150,26139.172813865443,26123.12499053152,311135
2025-11-26 06:35:00+00:00,26210.5156171875,26160.150390625,26147.75,26148.55078125,0,26150,26145.514948826964,26127.509269058828,147263
2025-11-26 06:40:00+00:00,26209.16330859375,26161.19921875,26155.19921875,26158.400390625,0,26150,26149.293169009645,26131.17681159835,435073
2025-11-26 06:45:00+00:00,26203.1023828125,26159.349609375,26150.19921875,26156.94921875,0,26150,26149.795706423098,26133.62980780481,390436
2025-11-26 06:50:00+00:00,26207.0595,26156.55078125,26147.25,26151.650390625,0,26150,26151.4471376154,26136.26983182921,221846
2025-11-26 06:55:00+00:00,26209.91480859375,26162.05078125,26149.150390625,26154.0,0,26150,26153.49796153527,26138.93605402243,141936
2025-11-26 07:00:00+00:00,26214.324,26162.25,26149.05078125,26157.80078125,0,26150,26156.33197435685,26141.819047269622,366712
2025-11-26 07:05:00+00:00,26220.23619140625,26168.55078125,26160.400390625,26161.69921875,0,26150,26160.188113112905,26145.07921518905,239027
2025-11-26 07:10:00+00:00,26223.0406171875,26171.599609375,26164.69921875,26167.599609375,0,26150,26163.69181499194,26148.28171563417,466546
2025-11-26 07:15:00+00:00,26218.2811171875,26172.5,26163.55078125,26170.44921875,0,26150,26164.444282911296,26150.49015352365,309880
2025-11-26 07:20:00+00:00,26218.18130859375,26173.44921875,26162.400390625,26165.55078125,0,26150,26164.912725065864,26152.410085505067,307540
2025-11-26 07:25:00+00:00,26224.3948828125,26173.099609375,26160.150390625,26165.650390625,0,26150,26167.292077127244,26154.865172473183,303813
2025-11-26 07:30:00+00:00,26236.869,26185.400390625,26169.44921875,26171.69921875,0,26200,26173.028051418165,26158.569525914038,126710
2025-11-26 07:35:00+00:00,26242.1803828125,26191.30078125,26180.19921875,26184.150390625,0,26200,26178.618961362117,26162.47343283103,335014
2025-11-26 07:40:00+00:00,26241.27819140625,26195.25,26188.25,26188.25,0,26200,26182.046104449742,26165.77680255528,389554
2025-11-26 07:50:00+00:00,26225.0446171875,26193.900390625,26171.80078125,26188.55078125,0,26150,26178.930475883164,26166.642104579616,112152
2025-11-26 07:55:00+00:00,26206.7581171875,26180.650390625,26151.900390625,26173.150390625,0,26150,26170.770056838777,26165.11799385092,169435
2025-11-26 08:00:00+00:00,26223.8938828125,26179.44921875,26154.25,26154.30078125,0,26150,26171.03029830919,26165.922092275803,182537
2025-11-26 08:05:00+00:00,26230.00569140625,26179.05078125,26170.80078125,26172.0,0,26200,26173.236995747797,26167.38812956945,335597
2025-11-26 08:10:00+00:00,26225.49669140625,26191.25,26172.900390625,26177.349609375,0,26150,26173.20812737353,26168.1084122014,498975
2025-11-26 08:15:00+00:00,26229.00369140625,26181.900390625,26166.849609375,26173.25,0,26200,26174.355548457355,26169.176159504343,159099
2025-11-26 08:20:00+00:00,26231.20730859375,26181.400390625,26163.150390625,26176.5,0,26200,26175.85356876324,26170.38534073818,228312
2025-11-26 08:25:00+00:00,26236.96880859375,26195.44921875,26178.099609375,26178.80078125,0,26200,26178.76891563383,26172.162124317783,499896
2025-11-26 08:30:00+00:00,26254.80519140625,26211.94921875,26182.75,26185.0,0,26200,26186.64607396422,26175.941907606182,137737
2025-11-26 08:35:00+00:00,26254.55469140625,26203.849609375,26174.849609375,26201.900390625,0,26200,26191.814179517816,26179.21796798354,465129
2025-11-26 08:40:00+00:00,26249.74430859375,26206.5,26196.75,26201.94921875,0,26200,26193.65932280355,26181.48442315747,482630
2025-11-26 08:45:00+00:00,26242.28019140625,26199.099609375,26180.69921875,26197.599609375,0,26200,26192.4063454107,26182.536419090917,412555
2025-11-26 08:50:00+00:00,26248.392,26198.55078125,26188.099609375,26189.900390625,0,26200,26193.6042302738,26184.21936670455,290839
2025-11-26 08:55:00+00:00,26220.5356171875,26199.650390625,26167.599609375,26197.25,0,26150,26185.135893099206,26182.21684821023,264497
2025-11-26 09:00:00+00:00,26233.6633828125,26185.099609375,26166.05078125,26167.650390625,0,26200,26183.85752248281,26182.102339840203,107049
2025-11-26 09:05:00+00:00,26233.71230859375,26186.0,26177.55078125,26180.900390625,0,26200,26183.021551446876,26182.008248532053,192575
2025-11-26 09:10:00+00:00,26240.72630859375,26198.5,26179.400390625,26181.30078125,0,26200,26184.79757075625,26182.800918637426,216458
2025-11-26 09:15:00+00:00,26227.75119140625,26194.349609375,26175.400390625,26187.55078125,0,26200,26181.665177379167,26181.87585263587,310555
2025-11-26 09:20:00+00:00,26237.72030859375,26185.5,26159.05078125,26175.099609375,0,26200,26182.89332137778,26182.31007222826,188519
2025-11-26 09:25:00+00:00,26240.877,26196.599609375,26182.900390625,26184.69921875,0,26200,26184.762214251856,26183.08381319973,220721
2025-11-26 09:30:00+00:00,26249.79519140625,26206.80078125,26191.19921875,26191.349609375,0,26200,26188.974939709573,26184.87338537789,195037
2025-11-26 09:35:00+00:00,26265.9778828125,26213.69921875,26192.5,26199.400390625,0,26200,26197.16688688972,26188.458059861903,371993
2025-11-26 09:40:00+00:00,26265.02480859375,26214.80078125,26206.55078125,26214.80078125,0,26200,26202.31112771815,26191.47575355104,103247
2025-11-26 09:45:00+00:00,26257.25930859375,26213.5,26200.80078125,26213.5,0,26200,26203.157288270435,26193.14748552904,370716
2025-11-26 09:50:00+00:00,26262.77030859375,26211.75,26198.400390625,26205.150390625,0,26200,26205.554728638625,26195.29775100978,410453
2025-11-26 09:55:00+00:00,26255.1046171875,26210.900390625,26196.599609375,26210.44921875,0,26200,26204.602892009083,26196.222934477308,282206
2025-11-27 03:45:00+00:00,26306.10680859375,26261.25,26210.849609375,26261.25,0,26250,26220.93513113106,26203.39501883952,164649
2025-11-27 03:50:00+00:00,26326.94919140625,26289.599609375,26248.650390625,26251.94921875,0,26250,26238.75688429571,26212.270690312704,420022
2025-11-27 03:55:00+00:00,26336.3683828125,26289.25,26258.650390625,26274.69921875,0,26300,26253.771516613808,26221.211951679867,453049
2025-11-27 04:00:00+00:00,26332.15880859375,26286.599609375,26270.94921875,26285.150390625,0,26300,26262.38088086754,26228.51040889176,301512
2025-11-27 04:05:00+00:00,26304.0538828125,26281.5,26251.55078125,26279.94921875,0,26250,26258.770847661694,26231.390455436536,494693
2025-11-27 04:10:00+00:00,26290.476,26254.75,26225.19921875,26249.55078125,0,26250,26251.847231774464,26232.21664850697,417991
2025-11-27 04:15:00+00:00,26301.9481171875,26251.19921875,26223.69921875,26236.599609375,0,26250,26251.047894099644,26234.37071978735,472514
2025-11-27 04:20:00+00:00,26311.61780859375,26267.19921875,26242.400390625,26249.75,0,26250,26253.73179919143,26237.461830985805,182667
2025-11-27 04:25:00+00:00,26336.568,26287.75,26258.69921875,26258.69921875,0,26300,26263.82119946096,26243.27910211258,296694
2025-11-27 04:30:00+00:00,26341.22769140625,26295.349609375,26277.05078125,26283.900390625,0,26300,26272.09759651564,26248.950513176635,407397
2025-11-27 04:35:00+00:00,26343.2806171875,26304.150390625,26287.75,26287.75,0,26300,26278.29813726043,26254.169101373307,161793
2025-11-27 04:40:00+00:00,26335.566,26291.349609375,26269.5,26290.900390625,0,26300,26279.86542484029,26257.772963701645,203927
2025-11-27 04:45:00+00:00,26333.71269140625,26284.80078125,26273.94921875,26282.69921875,0,26300,26280.29374676853,26260.695142067067,128606
2025-11-27 04:50:00+00:00,26328.40130859375,26287.599609375,26273.099609375,26281.75,0,26300,26278.81236763735,26262.58945048056,468856
2025-11-27 04:55:00+00:00,26331.8085,26279.849609375,26265.650390625,26276.94921875,0,26300,26278.95824509157,26264.672019170488,320570
2025-11-27 05:00:00+00:00,26329.8045,26285.400390625,26271.900390625,26279.400390625,0,26300,26278.38883006105,26266.244266774174,261722
2025-11-27 05:05:00+00:00,26338.47219140625,26286.80078125,26273.150390625,26276.349609375,0,26300,26280.89268358237,26268.70128225553,388096
2025-11-27 05:10:00+00:00,26337.1198828125,26291.900390625,26279.44921875,26285.80078125,0,26300,26282.11204947158,26270.68246962984,458749
2025-11-27 05:15:00+00:00,26351.8993828125,26299.400390625,26285.099609375,26285.75,0,26300,26287.841626731057,26274.25975858236,173024
2025-11-27 05:20:00+00:00,26344.3335,26310.05078125,26290.19921875,26299.349609375,0,26300,26289.14441782071,26276.446038759565,455291
2025-11-27 05:25:00+00:00,26344.3335,26292.650390625,26283.650390625,26291.30078125,0,26300,26290.012945213806,26278.359033914618,332452
2025-11-27 05:30:00+00:00,26348.6428828125,26302.150390625,26288.849609375,26291.05078125,0,26300,26292.02555722588,26280.57050233154,496310
2025-11-27 05:35:00+00:00,26353.8525,26304.5,26294.0,26295.75,0,26300,26295.10037148392,26283.155439540096,469590
2025-11-27 05:40:00+00:00,26350.24569140625,26303.099609375,26291.900390625,26301.599609375,0,26300,26295.950377864283,26284.96730842571,430573
2025-11-27 05:45:00+00:00,26337.8205,26302.349609375,26281.599609375,26297.650390625,0,26300,26292.383585242856,26285.002644872497,379366
2025-11-27 05:50:00+00:00,26335.5151171875,26287.19921875,26275.650390625,26285.099609375,0,26300,26289.238796411904,26284.745966607185,107728
2025-11-27 05:55:00+00:00,26332.0081171875,26285.900390625,26278.099609375,26283.599609375,0,26300,26285.97560385794,26284.08387312504,439511
2025-11-27 06:00:00+00:00,26322.94119140625,26280.0,26266.80078125,26279.25,0,26250,26280.783866113627,26282.373437812534,368906
2025-11-27 06:05:00+00:00,26316.12680859375,26274.55078125,26262.75,26270.5,0,26250,26275.055780534087,26280.026709257843,474336
2025-11-27 06:10:00+00:00,26321.8393828125,26274.400390625,26262.75,26263.44921875,0,26250,26273.137447439392,26278.68596825686,235587
2025-11-27 06:15:00+00:00,26291.2275,26270.349609375,26233.69921875,26269.599609375,0,26250,26261.6749649596,26273.693972224755,353193
2025-11-27 06:20:00+00:00,26293.13169140625,26245.650390625,26233.44921875,26238.0,0,26250,26254.66677351473,26269.563524524787,266378
2025-11-27 06:25:00+00:00,26297.9401171875,26249.80078125,26235.650390625,26241.19921875,0,26250,26251.594255259828,26266.549236302937,199785
2025-11-27 06:30:00+00:00,26296.2883828125,26262.55078125,26242.099609375,26244.94921875,0,26250,26248.996430589887,26263.70567942132,196742
2025-11-27 06:35:00+00:00,26291.32730859375,26245.80078125,26228.650390625,26244.75,0,26250,26245.614156851592,26260.59867066553,296480
2025-11-27 06:40:00+00:00,26296.4371171875,26246.849609375,26237.80078125,26239.349609375,0,26250,26245.0591774844,26258.51748917609,322886
2025-11-27 06:45:00+00:00,26293.5328828125,26247.69921875,26230.900390625,26244.0,0,26250,26243.723045406263,26256.33415068533,304269
2025-11-27 06:50:00+00:00,26274.59469140625,26244.25,26219.0,26241.05078125,0,26200,26236.53216047918,26252.06118067779,179329
2025-11-27 06:55:00+00:00,26279.10369140625,26228.55078125,26214.94921875,26222.69921875,0,26250,26233.23823719445,26248.88483192119,132343
2025-11-27 07:00:00+00:00,26272.9918828125,26230.0,26219.599609375,26227.05078125,0,26200,26229.00908521297,26245.34307558729,333018
2025-11-27 07:05:00+00:00,26274.3931171875,26224.349609375,26218.80078125,26219.849609375,0,26200,26226.655796391984,26242.41884348263,152381
2025-11-27 07:10:00+00:00,26300.14569140625,26248.150390625,26222.19921875,26222.30078125,0,26250,26233.65399446966,26243.072786875426,178383
2025-11-27 07:15:00+00:00,26303.85230859375,26252.650390625,26243.150390625,26248.19921875,0,26250,26239.55253277144,26244.107389687877,171625
2025-11-27 07:20:00+00:00,26294.4331171875,26256.94921875,26235.80078125,26251.5,0,26250,26240.35142809763,26243.83761832064,477715
2025-11-27 07:25:00+00:00,26290.37619140625,26244.599609375,26236.599609375,26240.900390625,0,26250,26239.534415606755,26243.095464858685,144414
2025-11-27 07:30:00+00:00,26282.5108828125,26239.400390625,26224.400390625,26237.650390625,0,26250,26236.373204154508,26241.4648794076,496958
2025-11-27 07:35:00+00:00,26270.6865,26231.650390625,26216.19921875,26230.05078125,0,26200,26230.33213610301,26238.563019481648,333286
2025-11-27 07:40:00+00:00,26230.6573828125,26222.599609375,26175.80078125,26218.69921875,0,26200,26212.98835115201,26231.03023970269,311875
2025-11-27 07:45:00+00:00,26236.3171171875,26186.05078125,26167.94921875,26177.25,0,26200,26203.308640351344,26225.145112083603,336941
2025-11-27 07:50:00+00:00,26207.0086171875,26194.44921875,26151.400390625,26183.94921875,0,26150,26187.105499817568,26216.3393754169,201071
2025-11-27 07:55:00+00:00,26204.3548828125,26156.80078125,26145.05078125,26154.44921875,0,26150,26175.420593628383,26208.30330114604,398567
2025-11-27 08:00:00+00:00,26220.73719140625,26169.5,26145.900390625,26151.849609375,0,26150,26173.08052596059,26203.315437330908,333148
2025-11-27 08:05:00+00:00,26203.3528828125,26169.44921875,26148.5,26168.0,0,26150,26165.73727772373,26196.782355320796,192378
2025-11-27 08:10:00+00:00,26200.69719140625,26154.30078125,26142.150390625,26151.150390625,0,26150,26159.95831535749,26190.73460973382,492273
2025-11-27 08:15:00+00:00,26214.7741171875,26164.30078125,26143.599609375,26148.05078125,0,26150,26160.788616488328,26187.19893586084,261365
2025-11-27 08:20:00+00:00,26231.95880859375,26179.599609375,26157.849609375,26161.80078125,0,26200,26167.058947450558,26186.249020050112,464302
2025-11-27 08:25:00+00:00,26237.8201171875,26186.05078125,26170.0,26179.099609375,0,26200,26173.189037883705,26186.1490448876,169040
2025-11-27 08:30:00+00:00,26230.00569140625,26190.0,26168.30078125,26185.349609375,0,26200,26174.67615546414,26185.08671310477,104181
2025-11-27 08:35:00+00:00,26238.97280859375,26189.849609375,26175.94921875,26177.19921875,0,26200,26178.650640101096,26185.275825138557,405062
2025-11-27 08:40:00+00:00,26233.3111171875,26197.25,26178.900390625,26185.5,0,26200,26179.41683298407,26184.734999339984,223485
2025-11-27 08:45:00+00:00,26239.47380859375,26200.849609375,26172.30078125,26180.5,0,26200,26181.97775844772,26185.030575594363,412883
2025-11-27 08:50:00+00:00,26252.30019140625,26206.80078125,26185.400390625,26188.05078125,0,26200,26187.95196917348,26186.88930247319,331405
2025-11-27 08:55:00+00:00,26258.4628828125,26217.55078125,26199.19921875,26199.19921875,0,26200,26193.98490653232,26189.28448732029,173692
2025-11-27 09:00:00+00:00,26259.3631171875,26222.44921875,26180.55078125,26205.55078125,0,26200,26198.306343938217,26191.492578749006,288372
2025-11-27 09:05:00+00:00,26270.83719140625,26218.650390625,26196.5,26205.400390625,0,26200,26205.00435950048,26194.856055233504,216946
2025-11-27 09:10:00+00:00,26258.6116171875,26218.900390625,26189.80078125,26217.099609375,0,26200,26205.402645916987,26196.273950673065,479053
2025-11-27 09:15:00+00:00,26246.23730859375,26206.69921875,26193.349609375,26205.849609375,0,26200,26201.55163373633,26195.970908010808,292337
2025-11-27 09:20:00+00:00,26231.50869140625,26193.80078125,26173.30078125,26192.94921875,0,26200,26194.08455269922,26193.86834333758,481539
2025-11-27 09:25:00+00:00,26238.4228828125,26201.30078125,26173.599609375,26177.900390625,0,26200,26191.40662888281,26192.891148076636,136868
2025-11-27 09:30:00+00:00,26265.1246171875,26228.19921875,26185.94921875,26185.94921875,0,26200,26198.504158838547,26195.367156910805,281558
2025-11-27 09:35:00+00:00,26265.6256171875,26221.30078125,26202.30078125,26211.5,0,26200,26203.40251214237,26197.596164640705,492875
2025-11-27 09:40:00+00:00,26265.57669140625,26218.80078125,26204.30078125,26212.80078125,0,26200,26206.651804969915,26199.54044288874,127546
2025-11-27 09:45:00+00:00,26275.696500000002,26226.55078125,26207.599609375,26212.650390625,0,26200,26212.18453664661,26202.50413752765,454127
2025-11-27 09:50:00+00:00,26272.7413828125,26234.19921875,26212.650390625,26221.80078125,0,26200,26214.889951514408,26204.72871799294,146474
2025-11-27 09:55:00+00:00,26273.2423828125,26231.150390625,26217.75,26220.55078125,0,26200,26216.86022809294,26206.73772590007,122981
2025-11-28 03:45:00+00:00,26294.63469140625,26246.900390625,26172.900390625,26246.900390625,0,26250,26225.290282270296,26211.164308990687,118363
2025-11-28 03:50:00+00:00,26267.8801171875,26242.94921875,26214.349609375,26242.94921875,0,26200,26222.00992776353,26211.6999227106,239293
2025-11-28 03:55:00+00:00,26282.10969140625,26241.0,26202.30078125,26215.900390625,0,26250,26224.55674871736,26213.9437311999,163843
2025-11-28 04:00:00+00:00,26304.85430859375,26252.599609375,26222.0,26231.0,0,26250,26233.82103560324,26218.744465971788,288275
2025-11-28 04:05:00+00:00,26261.9698828125,26254.44921875,26201.650390625,26252.44921875,0,26200,26225.730950818823,26217.59525538157,259718
2025-11-28 04:10:00+00:00,26277.54980859375,26240.349609375,26209.150390625,26211.0,0,26250,26225.520503670887,26218.533299630744,439739
2025-11-28 04:15:00+00:00,26291.1766171875,26241.75,26213.75,26224.900390625,0,26250,26229.913408697263,26221.05403952065,254435
2025-11-28 04:20:00+00:00,26304.9541171875,26253.599609375,26232.599609375,26240.05078125,0,26250,26237.42534538151,26224.97843692432,257833
2025-11-28 04:25:00+00:00,26303.15169140625,26254.75,26242.099609375,26254.05078125,0,26250,26241.83369379601,26228.187431136907,116402
2025-11-28 04:30:00+00:00,26309.66469140625,26261.69921875,26247.650390625,26252.099609375,0,26250,26246.93925940568,26231.80780107292,451811
2025-11-28 04:35:00+00:00,26314.62380859375,26267.19921875,26256.69921875,26257.05078125,0,26250,26251.99270939545,26235.59427711068,141517
2025-11-28 04:40:00+00:00,26292.88119140625,26263.80078125,26239.30078125,26263.05078125,0,26250,26248.12860313864,26236.19504129997,372792
2025-11-28 04:45:00+00:00,26285.11569140625,26245.44921875,26227.25,26240.650390625,0,26250,26242.96919896743,26235.7519599656,229886
2025-11-28 04:50:00+00:00,26273.29130859375,26233.900390625,26220.849609375,26232.44921875,0,26200,26235.59600243662,26233.889166141773,267521
2025-11-28 04:55:00+00:00,26288.6716171875,26239.05078125,26218.80078125,26221.849609375,0,26250,26235.79707454108,26234.1779227178,395743
2025-11-28 05:00:00+00:00,26303.2515,26256.05078125,26234.55078125,26235.80078125,0,26250,26240.78138302739,26236.24943237808,496166
2025-11-28 05:05:00+00:00,26320.185691406252,26269.900390625,26250.5,26250.5,0,26250,26249.737718893262,26240.174552158944,203341
2025-11-28 05:10:00+00:00,26326.9981171875,26274.44921875,26264.349609375,26267.849609375,0,26250,26257.97488551218,26244.458885482825,397119
2025-11-28 05:15:00+00:00,26325.9961171875,26280.19921875,26269.30078125,26273.94921875,0,26250,26263.132996591456,26248.08267714122,420693
2025-11-28 05:20:00+00:00,26324.44419140625,26272.75,26260.94921875,26270.25,0,26250,26266.055461269305,26251.05989132669,409694
2025-11-28 05:25:00+00:00,26311.91919140625,26271.5,26254.349609375,26271.19921875,0,26250,26263.837104387872,26252.102453738986,286102
2025-11-28 05:30:00+00:00,26311.167691406252,26268.900390625,26252.25,26259.400390625,0,26250,26262.10819980025,26252.92094584973,340435
2025-11-28 05:35:00+00:00,26300.4451171875,26262.44921875,26246.099609375,26258.05078125,0,26250,26257.388539450167,26252.29947996227,111963
2025-11-28 05:40:00+00:00,26319.033,26267.400390625,26245.150390625,26247.80078125,0,26250,26260.42569296678,26254.074544966985,285935
2025-11-28 05:45:00+00:00,26316.7785,26273.25,26261.599609375,26266.900390625,0,26250,26261.700461977856,26255.346476846116,340121
2025-11-28 05:50:00+00:00,26295.38619140625,26264.5,26240.94921875,26263.75,0,26250,26255.433771526907,26253.790716068477,473296
2025-11-28 05:55:00+00:00,26295.88719140625,26247.94921875,26236.75,26242.349609375,0,26250,26251.422644559607,26252.49192538804,480466
2025-11-28 06:00:00+00:00,26298.1906171875,26250.69921875,26240.55078125,26243.150390625,0,26250,26249.51483595641,26251.642837058283,153858
2025-11-28 06:05:00+00:00,26296.88919140625,26246.55078125,26232.599609375,26244.849609375,0,26250,26247.810020845944,26250.737531254123,422106
2025-11-28 06:10:00+00:00,26300.4451171875,26250.900390625,26234.349609375,26244.650390625,0,26250,26247.8564201473,26250.388992191107,431532
2025-11-28 06:15:00+00:00,26309.2126171875,26256.900390625,26246.0,26246.94921875,0,26250,26250.80401968153,26251.177770510967,388260
2025-11-28 06:20:00+00:00,26302.7505,26257.099609375,26245.80078125,26256.599609375,0,26250,26250.61934645436,26251.061799197098,432966
2025-11-28 06:25:00+00:00,26299.59380859375,26256.25,26238.05078125,26250.099609375,0,26250,26249.44610076124,26250.56652546933,252725
2025-11-28 06:30:00+00:00,26296.7385,26253.150390625,26242.05078125,26247.400390625,0,26250,26247.71406717416,26249.776959785668,381717
2025-11-28 06:35:00+00:00,26287.6696171875,26249.400390625,26232.849609375,26243.69921875,0,26250,26243.542451032776,26247.95474215621,112412
2025-11-28 06:40:00+00:00,26293.2315,26243.400390625,26233.30078125,26234.25,0,26250,26242.61163402185,26247.054149386684,434286
2025-11-28 06:45:00+00:00,26280.30530859375,26240.55078125,26225.400390625,26239.349609375,0,26250,26237.690959139567,26244.653581885224,381240
2025-11-28 06:50:00+00:00,26275.04480859375,26234.19921875,26220.30078125,26227.19921875,0,26200,26232.660509218047,26241.896835321448,183032
2025-11-28 06:55:00+00:00,26273.34219140625,26225.900390625,26217.849609375,26222.349609375,0,26200,26228.740469687036,26239.272279734392,498238
2025-11-28 07:00:00+00:00,26289.6736171875,26237.900390625,26218.0,26220.05078125,0,26250,26231.560052708024,26239.013147111345,364958
2025-11-28 07:05:00+00:00,26288.6716171875,26240.150390625,26228.94921875,26236.75,0,26250,26233.106441388685,26238.66140606617,317906
2025-11-28 07:10:00+00:00,26282.46,26235.75,26226.150390625,26235.650390625,0,26250,26232.07096092579,26237.5787303079,294999
2025-11-28 07:15:00+00:00,26260.2163828125,26230.650390625,26204.0,26229.849609375,0,26200,26223.98090103386,26233.856486675664,251374
2025-11-28 07:20:00+00:00,26269.434,26217.69921875,26205.75,26207.75,0,26200,26221.65393402257,26231.749425841204,294830
2025-11-28 07:25:00+00:00,26278.55180859375,26228.75,26211.30078125,26217.150390625,0,26250,26223.13582580672,26231.04319878293,234610
2025-11-28 07:30:00+00:00,26276.8981171875,26227.400390625,26216.099609375,26225.5,0,26200,26223.57362345448,26230.218951278814,169404
2025-11-28 07:35:00+00:00,26272.8901171875,26225.75,26215.19921875,26223.650390625,0,26200,26222.53215521965,26228.997734712717,292929
2025-11-28 07:40:00+00:00,26270.33619140625,26220.75,26212.650390625,26219.849609375,0,26200,26220.988233688106,26227.610566701747,215328
2025-11-28 07:45:00+00:00,26262.2203828125,26224.650390625,26208.44921875,26217.44921875,0,26200,26217.259082875404,26225.38434352028,155007
2025-11-28 07:50:00+00:00,26279.955,26227.5,26203.900390625,26209.75,0,26250,26220.672721916937,26225.64880058025,146982
2025-11-28 07:55:00+00:00,26277.54980859375,26227.30078125,26214.849609375,26226.25,0,26250,26222.148351069627,26225.58015167959,477256
2025-11-28 08:00:00+00:00,26282.2603828125,26234.900390625,26223.099609375,26225.650390625,0,26250,26224.699161129756,26226.10773037589,446452
2025-11-28 08:05:00+00:00,26281.959,26233.19921875,26220.19921875,26230.0,0,26250,26226.299440753173,26226.531764078907,161243
2025-11-28 08:10:00+00:00,26270.1346171875,26229.599609375,26216.25,26228.44921875,0,26200,26223.432700085454,26225.427695912796,252146
2025-11-28 08:15:00+00:00,26258.6625,26218.099609375,26203.05078125,26217.0,0,26200,26217.705133390307,26223.03048392369,149022
2025-11-28 08:20:00+00:00,26264.6745,26212.30078125,26194.0,26206.75,0,26200,26215.886755593543,26221.682923433236,380767
2025-11-28 08:25:00+00:00,26261.2183828125,26214.650390625,26201.75,26212.55078125,0,26200,26213.52476414569,26220.07265566033,290012
2025-11-28 08:30:00+00:00,26266.7293828125,26217.099609375,26206.349609375,26208.599609375,0,26200,26213.7834365138,26219.35117135904,445251
2025-11-28 08:35:00+00:00,26257.6605,26216.19921875,26200.94921875,26214.05078125,0,26200,26210.938957675862,26217.58852493916,215202
2025-11-28 08:40:00+00:00,26253.1515,26208.0,26199.80078125,26204.80078125,0,26200,26207.542638450577,26215.483709321765,370971
2025-11-28 08:45:00+00:00,26254.1026171875,26206.900390625,26195.19921875,26200.94921875,0,26200,26205.59483188372,26213.76064800029,434453
2025-11-28 08:50:00+00:00,26253.50180859375,26201.599609375,26194.900390625,26201.599609375,0,26200,26204.09642438081,26212.178018172133,108924
2025-11-28 08:55:00+00:00,26257.50980859375,26206.099609375,26199.05078125,26200.900390625,0,26200,26204.43081937888,26211.293217072493,365751
2025-11-28 09:00:00+00:00,26263.4728828125,26221.599609375,26201.349609375,26204.94921875,0,26200,26206.63747333592,26211.26291259468,236639
2025-11-28 09:05:00+00:00,26269.3831171875,26222.44921875,26207.650390625,26209.30078125,0,26200,26210.07472180728,26211.97370086409,197764
2025-11-28 09:10:00+00:00,26257.9618828125,26219.05078125,26201.94921875,26216.150390625,0,26200,26208.56674162152,26211.170835912333,112798
2025-11-28 09:15:00+00:00,26258.1615,26209.599609375,26201.900390625,26205.30078125,0,26200,26207.627827747685,26210.49323142329,214962
2025-11-28 09:20:00+00:00,26259.414,26210.150390625,26197.94921875,26205.900390625,0,26200,26207.41855183179,26210.05657749538,434375
2025-11-28 09:25:00+00:00,26261.9698828125,26214.400390625,26204.5,26207.599609375,0,26200,26208.129294971197,26209.993352964702,464442
2025-11-28 09:30:00+00:00,26261.56869140625,26210.55078125,26200.099609375,26209.69921875,0,26200,26208.469660189134,26209.887982672244,165900
2025-11-28 09:35:00+00:00,26258.6625,26213.150390625,26201.55078125,26209.150390625,0,26200,26207.729773459425,26209.43323483821,153418
2025-11-28 09:40:00+00:00,26249.9458828125,26208.150390625,26196.150390625,26204.900390625,0,26200,26204.336776056283,26207.947928139685,458576
2025-11-28 09:45:00+00:00,26251.3471171875,26204.19921875,26194.44921875,26197.44921875,0,26200,26202.540923620854,26206.823089465972,290568
2025-11-28 09:50:00+00:00,26252.1495,26206.0,26191.900390625,26199.25,0,26200,26201.61061574724,26205.93895328273,243929
2025-11-28 09:55:00+00:00,26256.9598828125,26213.650390625,26199.849609375,26200.849609375,0,26200,26202.590670914837,26205.76543177864,244328
2025-12-01 03:45:00+00:00,26337.8713828125,26319.900390625,26272.25,26319.900390625,0,26300,26230.160707693223,26215.70735046256,410636
2025-12-01 03:50:00+00:00,26344.93430859375,26298.69921875,26279.19921875,26285.30078125,0,26300,26250.89034158715,26225.28763282661,268537
2025-12-01 03:55:00+00:00,26336.6188828125,26299.05078125,26279.25,26292.5,0,26300,26261.94382147477,26232.63302637954,238895
2025-12-01 04:00:00+00:00,26352.75069140625,26303.94921875,26284.55078125,26284.75,0,26300,26274.67934452485,26241.07269691022,301281
2025-12-01 04:05:00+00:00,26363.622,26312.5,26293.25,26301.099609375,0,26300,26286.786229683235,26249.813609796445,378490
2025-12-01 04:10:00+00:00,26339.8245,26314.69921875,26281.19921875,26311.349609375,0,26300,26286.940819788822,26254.493158571888,268318
2025-12-01 04:15:00+00:00,26348.3923828125,26297.650390625,26277.69921875,26286.55078125,0,26300,26289.894140275886,26259.65661140665,328691
2025-12-01 04:20:00+00:00,26326.0978828125,26296.0,26270.19921875,26294.30078125,0,26250,26284.446353933927,26261.39338263707,455119
2025-12-01 04:25:00+00:00,26316.8293828125,26277.69921875,26263.94921875,26273.849609375,0,26250,26277.731163039287,26261.756807463687,187904
2025-12-01 04:30:00+00:00,26332.3095,26282.150390625,26264.44921875,26264.44921875,0,26300,26278.404108692863,26264.005956530727,151419
2025-12-01 04:35:00+00:00,26337.97119140625,26290.849609375,26277.599609375,26279.75,0,26300,26280.736202670243,26266.680260792516,269834
2025-12-01 04:40:00+00:00,26337.5191171875,26288.19921875,26279.349609375,26285.900390625,0,26300,26282.140541363497,26268.9638805372,315425
2025-12-01 04:45:00+00:00,26332.3603828125,26288.69921875,26270.5,26283.650390625,0,26300,26281.360621325668,26270.3184931263,406043
2025-12-01 04:50:00+00:00,26329.90430859375,26282.099609375,26275.0,26279.30078125,0,26300,26280.023617342114,26271.197382657385,386754
2025-12-01 04:55:00+00:00,26333.66180859375,26282.55078125,26268.599609375,26278.75,0,26300,26280.38228135308,26272.435160997087,444044
2025-12-01 05:00:00+00:00,26330.40530859375,26289.55078125,26274.94921875,26282.900390625,0,26300,26279.538057360387,26273.11196704433,156853
2025-12-01 05:05:00+00:00,26311.91919140625,26282.599609375,26258.30078125,26277.599609375,0,26250,26272.825501781925,26271.39801999191,148738
2025-12-01 05:10:00+00:00,26311.11680859375,26268.30078125,26258.099609375,26259.75,0,26250,26268.08353764629,26269.7982186648,408964
2025-12-01 05:15:00+00:00,26301.89919140625,26259.650390625,26247.44921875,26259.44921875,0,26250,26261.855821972524,26267.24849015982,485206
2025-12-01 05:20:00+00:00,26282.10969140625,26251.44921875,26229.349609375,26250.900390625,0,26250,26251.12067819002,26262.54872771797,319653
2025-12-01 05:25:00+00:00,26291.4271171875,26241.650390625,26229.849609375,26230.5,0,26250,26247.063525043348,26259.598789096974,117342
2025-12-01 05:30:00+00:00,26280.2563828125,26240.55078125,26224.55078125,26239.5,0,26250,26240.642610445568,26255.6240381161,305244
2025-12-01 05:35:00+00:00,26278.2523828125,26235.650390625,26224.75,26228.25,0,26250,26235.695334047046,26251.89613100784,493719
2025-12-01 05:40:00+00:00,26294.88519140625,26244.150390625,26225.44921875,26225.5,0,26250,26237.930352906365,26250.709163459986,137329
2025-12-01 05:45:00+00:00,26290.5268828125,26247.099609375,26236.75,26242.599609375,0,26250,26237.97049568758,26249.12686568373,270107
2025-12-01 05:50:00+00:00,26298.64269140625,26249.19921875,26237.44921875,26238.55078125,0,26250,26240.697127333387,26248.754806301396,296267
2025-12-01 05:55:00+00:00,26299.995,26250.94921875,26241.650390625,26246.5,0,26250,26242.96475155559,26248.59795551372,456607
2025-12-01 06:00:00+00:00,26311.7685,26261.900390625,26245.650390625,26248.349609375,0,26250,26248.39316770373,26249.929461074506,297294
2025-12-01 06:05:00+00:00,26310.11480859375,26260.69921875,26250.05078125,26260.150390625,0,26250,26251.461981594155,26250.88822961207,368206
2025-12-01 06:10:00+00:00,26264.1735,26261.650390625,26208.150390625,26258.849609375,0,26200,26238.224654396105,26245.99595091056,353687
2025-12-01 06:15:00+00:00,26243.03169140625,26212.349609375,26180.44921875,26212.349609375,0,26200,26222.366566472407,26239.077755874867,151504
2025-12-01 06:20:00+00:00,26255.1046171875,26209.30078125,26182.0,26191.25,0,26200,26215.81078389828,26234.53043873426,359720
2025-12-01 06:25:00+00:00,26265.02480859375,26217.400390625,26199.5,26203.099609375,0,26200,26214.74039239052,26231.789085064356,233242
2025-12-01 06:30:00+00:00,26250.1455,26216.849609375,26196.849609375,26213.150390625,0,26200,26209.076928260347,26227.53419943131,165710
2025-12-01 06:35:00+00:00,26227.0995,26197.55078125,26174.75,26197.55078125,0,26150,26197.63461884023,26220.9361745024,331957
2025-12-01 06:40:00+00:00,26228.00169140625,26183.650390625,26168.900390625,26175.80078125,0,26200,26190.30654276849,26215.27545151772,214523
2025-12-01 06:45:00+00:00,26222.74119140625,26177.5,26167.05078125,26175.900390625,0,26150,26183.671158720663,26209.66606890613,208531
2025-12-01 06:50:00+00:00,26234.3131171875,26182.30078125,26161.150390625,26170.599609375,0,26200,26183.097178730444,26206.20146263661,411150
2025-12-01 06:55:00+00:00,26240.9278828125,26188.55078125,26176.75,26181.44921875,0,26200,26184.915046236965,26203.995127463288,494923
2025-12-01 07:00:00+00:00,26213.17130859375,26188.25,26157.25,26188.25,0,26150,26176.89323394965,26198.601937702253,394925
2025-12-01 07:05:00+00:00,26211.5685,26167.900390625,26154.94921875,26162.849609375,0,26150,26171.012155966437,26193.682945489472,270048
2025-12-01 07:10:00+00:00,26217.2791171875,26169.900390625,26149.849609375,26159.75,0,26150,26168.99117689429,26190.09122964704,224446
2025-12-01 07:15:00+00:00,26209.66430859375,26170.69921875,26151.849609375,26164.599609375,0,26150,26165.110654387863,26185.99852711303,385453
2025-12-01 07:20:00+00:00,26231.20730859375,26180.349609375,26157.849609375,26159.55078125,0,26200,26169.690306050245,26185.10491239578,395973
2025-12-01 07:25:00+00:00,26237.3191171875,26188.5,26168.099609375,26179.30078125,0,26200,26174.776610283498,26185.085450690058,446461
2025-12-01 07:30:00+00:00,26232.3091171875,26186.400390625,26167.69921875,26185.94921875,0,26200,26176.500813105667,26184.44342169755,411572
2025-12-01 07:35:00+00:00,26227.95080859375,26184.30078125,26172.150390625,26180.900390625,0,26200,26176.20041186211,26183.337945157236,290032
2025-12-01 07:40:00+00:00,26239.3231171875,26187.55078125,26174.19921875,26175.5,0,26200,26179.783347491408,26183.78935435633,383135
2025-12-01 07:45:00+00:00,26247.54069140625,26195.650390625,26185.150390625,26187.05078125,0,26200,26184.905695202608,26185.209483889917,146689
2025-12-01 07:50:00+00:00,26227.8001171875,26195.19921875,26173.0,26195.19921875,0,26200,26181.753536385077,26183.989450747424,396358
2025-12-01 07:55:00+00:00,26225.94680859375,26177.55078125,26169.099609375,26176.150390625,0,26150,26179.03556071505,26182.69072057587,187312
2025-12-01 08:00:00+00:00,26218.18130859375,26177.44921875,26164.650390625,26174.25,0,26150,26174.6402436017,26180.58558167576,305666
2025-12-01 08:05:00+00:00,26238.0706171875,26189.849609375,26164.69921875,26166.69921875,0,26200,26178.326568651137,26181.22478631004,140701
2025-12-01 08:10:00+00:00,26243.28219140625,26198.25,26178.80078125,26186.150390625,0,26200,26182.517842642425,26182.43423684941,443149
2025-12-01 08:15:00+00:00,26247.1395,26196.650390625,26181.75,26192.75,0,26200,26186.595228428283,26183.973707243236,484024
2025-12-01 08:20:00+00:00,26243.0806171875,26196.30078125,26185.25,26195.25,0,26200,26187.96322520219,26184.81439618158,229657
2025-12-01 08:25:00+00:00,26235.366,26191.55078125,26180.05078125,26191.349609375,0,26200,26186.308816801466,26184.587596658883,470136
2025-12-01 08:30:00+00:00,26273.59269140625,26221.400390625,26182.25,26182.25,0,26200,26197.922674742644,26189.157945904648,214240
2025-12-01 08:35:00+00:00,26264.77430859375,26228.94921875,26209.5,26221.400390625,0,26200,26202.73165295343,26192.05690383844,337323
2025-12-01 08:40:00+00:00,26266.27730859375,26215.599609375,26201.599609375,26212.099609375,0,26200,26206.43763842729,26194.78099203051,352833
2025-12-01 08:45:00+00:00,26258.31219140625,26217.599609375,26202.80078125,26214.55078125,0,26200,26206.258555826527,26196.170916854822,202515
2025-12-01 08:50:00+00:00,26257.911,26212.80078125,26199.30078125,26206.44921875,0,26200,26206.00570388435,26197.33705224797,385018
2025-12-01 08:55:00+00:00,26259.31419140625,26212.44921875,26201.0,26206.69921875,0,26200,26206.303932797902,26198.532469545095,233112
2025-12-01 09:00:00+00:00,26249.3431171875,26207.5,26190.5,26206.5,0,26200,26203.18569478194,26198.334563195716,146660
2025-12-01 09:05:00+00:00,26235.21530859375,26200.80078125,26182.400390625,26197.94921875,0,26200,26196.406999646293,26196.398943968125,392979
2025-12-01 09:10:00+00:00,26224.845,26187.69921875,26171.55078125,26183.400390625,0,26150,26188.437999764195,26193.41157597211,261207
2025-12-01 09:15:00+00:00,26226.5476171875,26177.349609375,26169.849609375,26173.849609375,0,26150,26183.691739426133,26191.010031319347,346206
2025-12-01 09:20:00+00:00,26192.7301171875,26175.44921875,26139.349609375,26175.19921875,0,26150,26169.27756586742,26184.68992974818,347129
2025-12-01 09:25:00+00:00,26194.2331171875,26147.69921875,26124.80078125,26144.25,0,26150,26160.16811682828,26179.347340873406,134088
2025-12-01 09:30:00+00:00,26232.9118828125,26180.55078125,26137.400390625,26147.19921875,0,26200,26166.96233830219,26179.49777092048,430478
2025-12-01 09:35:00+00:00,26230.6573828125,26181.849609375,26171.75,26180.900390625,0,26200,26170.7418192848,26179.34814721167,152725
2025-12-01 09:40:00+00:00,26231.859,26189.150390625,26175.94921875,26179.0,0,26200,26173.661212856536,26179.36712881021,162603
2025-12-01 09:45:00+00:00,26231.75919140625,26179.94921875,26170.69921875,26179.650390625,0,26200,26175.57427211269,26179.37128653706,457826
2025-12-01 09:50:00+00:00,26233.362,26182.150390625,26173.69921875,26178.849609375,0,26200,26177.38284807513,26179.57487571993,179029
2025-12-01 09:55:00+00:00,26228.3011171875,26185.05078125,26166.94921875,26181.75,0,26200,26176.904971633423,26179.121668598687,162717
2025-12-02 03:45:00+00:00,26193.783,26150.650390625,26096.05078125,26096.05078125,0,26150,26165.10331442228,26174.418960023853,322789
2025-12-02 03:50:00+00:00,26196.2371171875,26154.599609375,26137.19921875,26141.55078125,0,26150,26158.05194919819,26170.610242364623,478411
2025-12-02 03:55:00+00:00,26182.459617187502,26151.150390625,26129.099609375,26144.44921875,0,26150,26148.76770571546,26165.558864412797,495300
2025-12-02 04:00:00+00:00,26167.13019140625,26133.25,26112.55078125,26131.25,0,26100,26137.47860068531,26159.22655518932,413126
2025-12-02 04:05:00+00:00,26161.06730859375,26121.44921875,26106.75,26115.099609375,0,26100,26127.93560358188,26152.929436962528,467189
2025-12-02 04:10:00+00:00,26131.4593828125,26114.849609375,26078.900390625,26109.150390625,0,26100,26111.723996137924,26143.72585499846,399695
2025-12-02 04:15:00+00:00,26124.79569140625,26094.349609375,26070.900390625,26078.75,0,26050,26098.69946096695,26134.84142195178,375137
2025-12-02 04:20:00+00:00,26128.8526171875,26079.0,26068.69921875,26071.849609375,0,26100,26091.366046894636,26127.57364655156,394925
2025-12-02 04:25:00+00:00,26127.24980859375,26087.80078125,26072.650390625,26076.69921875,0,26100,26085.94390105476,26121.01439190449,445823
2025-12-02 04:30:00+00:00,26132.6101171875,26081.44921875,26066.30078125,26075.30078125,0,26100,26084.112340286505,26115.943745260174,499058
2025-12-02 04:35:00+00:00,26125.3456171875,26082.400390625,26069.599609375,26080.349609375,0,26050,26080.47463310767,26110.600679446405,139524
2025-12-02 04:40:00+00:00,26110.816617187502,26073.05078125,26055.650390625,26073.05078125,0,26050,26073.21616165512,26104.112996859352,225237
2025-12-02 04:45:00+00:00,26114.6758828125,26063.80078125,26047.099609375,26058.900390625,0,26050,26069.66103485341,26098.917719908182,461128
2025-12-02 04:50:00+00:00,26123.24180859375,26075.650390625,26062.0,26062.650390625,0,26050,26070.140559693944,26095.44045609153,488270
2025-12-02 04:55:00+00:00,26130.9583828125,26080.69921875,26067.80078125,26070.150390625,0,26100,26073.02730021263,26093.360496736343,276700
2025-12-02 05:00:00+00:00,26139.1231171875,26088.25,26074.0,26078.599609375,0,26100,26077.66793972509,26092.55908698805,466419
2025-12-02 05:05:00+00:00,26135.26580859375,26091.599609375,26082.05078125,26086.30078125,0,26100,26079.47849627506,26091.37665228642,449234
2025-12-02 05:10:00+00:00,26126.79969140625,26094.349609375,26073.900390625,26083.150390625,0,26050,26077.86912772504,26089.285869578744,204992
2025-12-02 05:15:00+00:00,26129.25380859375,26077.099609375,26069.650390625,26074.849609375,0,26100,26077.61262160836,26087.76258705328,435669
2025-12-02 05:20:00+00:00,26144.33469140625,26099.599609375,26074.900390625,26076.599609375,0,26100,26082.45854461391,26088.311062499743,414367
2025-12-02 05:25:00+00:00,26150.3956171875,26098.650390625,26088.5,26092.0,0,26100,26087.705435992608,26089.547082031026,138023
2025-12-02 05:30:00+00:00,26150.2468828125,26100.5,26083.849609375,26098.400390625,0,26100,26091.15388441174,26090.6100444334,187974
2025-12-02 05:35:00+00:00,26148.9435,26100.30078125,26091.25,26097.650390625,0,26100,26093.01925627449,26091.377538879224,451799
2025-12-02 05:40:00+00:00,26132.9115,26097.099609375,26079.30078125,26096.5,0,26100,26088.929504183,26090.04909651932,193473
2025-12-02 05:45:00+00:00,26133.3616171875,26085.30078125,26074.55078125,26080.55078125,0,26100,26086.352742372,26088.942861798158,291879
2025-12-02 05:50:00+00:00,26134.2148828125,26082.44921875,26070.0,26081.099609375,0,26100,26084.91875533133,26088.081351729637,164030
2025-12-02 05:55:00+00:00,26120.53719140625,26084.650390625,26067.55078125,26082.30078125,0,26050,26079.41263376256,26085.621231591555,357445
2025-12-02 06:00:00+00:00,26118.8326171875,26069.69921875,26065.69921875,26068.19921875,0,26050,26075.174828758376,26083.25597998636,124872
2025-12-02 06:05:00+00:00,26123.993308593752,26074.44921875,26063.900390625,26067.0,0,26050,26074.06642229725,26081.83018365994,300516
2025-12-02 06:10:00+00:00,26115.4273828125,26072.099609375,26062.30078125,26071.55078125,0,26050,26070.477875281504,26079.514008358696,342644
2025-12-02 06:15:00+00:00,26121.1888828125,26069.75,26059.0,26063.30078125,0,26050,26070.00217727101,26078.206104970108,200277
2025-12-02 06:20:00+00:00,26105.3565,26069.599609375,26049.349609375,26068.650390625,0,26050,26064.41811818067,26075.086591848845,357357
2025-12-02 06:25:00+00:00,26105.8575,26054.849609375,26045.44921875,26053.30078125,0,26050,26060.862078787115,26072.41951786774,403299
2025-12-02 06:30:00+00:00,26104.5541171875,26058.349609375,26041.05078125,26054.0,0,26050,26058.05779210808,26069.923230478023,309327
2025-12-02 06:35:00+00:00,26106.95930859375,26058.80078125,26041.900390625,26052.099609375,0,26050,26056.988397863723,26068.039027840143,480718
2025-12-02 06:40:00+00:00,26103.6538828125,26059.5,26047.19921875,26054.55078125,0,26050,26055.175858992487,26065.97799701638,457736
2025-12-02 06:45:00+00:00,26108.5621171875,26060.80078125,26047.650390625,26051.75,0,26050,26055.60031224499,26064.78689973308,464819
2025-12-02 06:50:00+00:00,26117.13,26067.05078125,26054.05078125,26057.599609375,0,26050,26058.733541496666,26064.813537266447,302717
2025-12-02 06:55:00+00:00,26118.5821171875,26066.69921875,26058.849609375,26064.75,0,26050,26061.305433914444,26065.01799745189,418824
2025-12-02 07:00:00+00:00,26125.8975,26075.349609375,26063.05078125,26066.349609375,0,26050,26065.45362260963,26066.109497770405,143301
2025-12-02 07:05:00+00:00,26124.4453828125,26085.099609375,26070.05078125,26073.75,0,26050,26067.73600882309,26066.883408205354,231953
2025-12-02 07:10:00+00:00,26112.72080859375,26073.650390625,26059.55078125,26072.0,0,26050,26065.35720900706,26066.09793335156,283514
2025-12-02 07:15:00+00:00,26101.49919140625,26061.80078125,26049.400390625,26060.94921875,0,26050,26060.038269546378,26064.01074051074,405661
2025-12-02 07:20:00+00:00,26095.98819140625,26051.69921875,26043.900390625,26050.150390625,0,26050,26054.658976572588,26061.496946775023,289762
2025-12-02 07:25:00+00:00,26093.2816171875,26045.400390625,26036.349609375,26043.849609375,0,26050,26050.172390631727,26058.95973077189,433534
2025-12-02 07:30:00+00:00,26095.3873828125,26043.30078125,26036.900390625,26041.150390625,0,26050,26047.88185417115,26057.002362081657,267113
2025-12-02 07:35:00+00:00,26103.603,26052.650390625,26032.05078125,26043.05078125,0,26050,26049.087902780768,26056.31456682145,361768
2025-12-02 07:40:00+00:00,26087.8723828125,26051.349609375,26034.55078125,26050.94921875,0,26050,26044.65886227052,26053.75034362502,274965
2025-12-02 07:45:00+00:00,26087.07,26036.900390625,26031.30078125,26035.400390625,0,26050,26041.43924151368,26051.40655067189,349481
2025-12-02 07:50:00+00:00,26097.8415,26046.80078125,26030.0,26034.94921875,0,26050,26042.876161009124,26050.699481837903,179150
2025-12-02 07:55:00+00:00,26087.42030859375,26046.400390625,26034.650390625,26046.05078125,0,26050,26040.36731046442,26048.78074778004,295251
2025-12-02 08:00:00+00:00,26092.6318828125,26041.19921875,26033.849609375,26035.25,0,26050,26040.428467392947,26047.75200196378,477865
2025-12-02 08:05:00+00:00,26087.3713828125,26044.05078125,26028.849609375,26040.650390625,0,26050,26038.719238678637,26046.19559937456,168215
2025-12-02 08:10:00+00:00,26088.72369140625,26037.900390625,26031.44921875,26035.0,0,26050,26038.02962266076,26045.002448280866,184881
2025-12-02 08:15:00+00:00,26093.583,26045.75,26028.94921875,26037.349609375,0,26050,26039.18641510717,26044.564642245758,137130
2025-12-02 08:20:00+00:00,26094.68480859375,26049.75,26040.0,26041.25,0,26050,26040.324146529783,26044.31901313691,348979
2025-12-02 08:25:00+00:00,26111.5681171875,26060.150390625,26037.900390625,26042.5,0,26050,26046.69917060319,26046.210288838545,120129
2025-12-02 08:30:00+00:00,26106.95930859375,26060.099609375,26040.400390625,26059.0,0,26050,26049.415983527128,26047.290203905603,178075
2025-12-02 08:35:00+00:00,26111.0671171875,26061.650390625,26036.900390625,26054.25,0,26050,26052.59372860142,26048.74758076115,186731
2025-12-02 08:40:00+00:00,26097.1408828125,26061.19921875,26044.900390625,26059.0,0,26050,26050.079412817617,26048.28548082226,346406
2025-12-02 08:45:00+00:00,26095.086,26046.75,26038.0,26045.599609375,0,26050,26047.71960854508,26047.62479571948,160752
2025-12-02 08:50:00+00:00,26083.91330859375,26046.55078125,26031.30078125,26044.0,0,26050,26042.429608821723,26045.65289742641,355038
2025-12-02 08:55:00+00:00,26093.48319140625,26045.849609375,26031.55078125,26031.849609375,0,26050,26042.08653608949,26045.12133407624,255753
2025-12-02 09:00:00+00:00,26090.2756171875,26042.0,26032.55078125,26041.55078125,0,26050,26040.79076364299,26044.256069660456,438216
2025-12-02 09:05:00+00:00,26065.12580859375,26043.099609375,26002.55078125,26039.19921875,0,26000,26031.560378887,26040.36151212477,100705
2025-12-02 09:10:00+00:00,26062.02,26015.900390625,26005.94921875,26014.75,0,26000,26024.373585924663,26036.56632310918,180607
2025-12-02 09:15:00+00:00,26070.0868828125,26018.05078125,26005.30078125,26010.0,0,26000,26022.265984366448,26034.25188037678,110552
2025-12-02 09:20:00+00:00,26063.62280859375,26027.05078125,26009.849609375,26017.55078125,0,26000,26018.710526035968,26031.42034650156,288022
2025-12-02 09:25:00+00:00,26061.11780859375,26013.5,25999.099609375,26010.69921875,0,26000,26015.50688714898,26028.630254360734,346014
2025-12-02 09:30:00+00:00,26075.64680859375,26028.30078125,26008.5,26011.150390625,0,26000,26018.204461224323,26028.00142373752,491163
2025-12-02 09:35:00+00:00,26078.5021171875,26030.150390625,26017.19921875,26025.400390625,0,26050,26020.952713732884,26027.80739811408,213718
2025-12-02 09:40:00+00:00,26088.8235,26040.0,26025.05078125,26026.55078125,0,26050,26026.218475821923,26028.92522334982,488705
2025-12-02 09:45:00+00:00,26090.67680859375,26041.150390625,26027.80078125,26036.400390625,0,26050,26030.34552033962,26030.13452160297,188372
2025-12-02 09:50:00+00:00,26103.00219140625,26052.349609375,26037.55078125,26038.44921875,0,26050,26037.197143768084,26032.73025523072,317953
2025-12-02 09:55:00+00:00,26109.114,26060.30078125,26051.25,26051.650390625,0,26050,26043.79809584539,26035.76397332688,380061
2025-12-03 03:45:00+00:00,26083.7626171875,26062.650390625,26004.900390625,26004.900390625,0,26050,26039.7651368136,26035.25587900477,143562
2025-12-03 03:50:00+00:00,26060.8183828125,26031.25,26008.05078125,26031.25,0,26000,26029.44368495907,26031.948991785423,290272
2025-12-03 03:55:00+00:00,26013.924,26011.900390625,25954.75,26007.75,0,25950,26006.962456639383,26023.205367812247,494287
2025-12-03 04:00:00+00:00,25985.21630859375,25976.5,25932.94921875,25963.05078125,0,25950,25982.42484088459,26011.97339800759,482376
2025-12-03 04:05:00+00:00,25977.00069140625,25943.19921875,25923.69921875,25933.55078125,0,25950,25963.33335746473,26001.12052208477,441177
2025-12-03 04:10:00+00:00,25995.888,25948.849609375,25922.05078125,25923.650390625,0,25950,25956.888904976488,25993.98045682417,204841
2025-12-03 04:15:00+00:00,25991.78019140625,25949.900390625,25933.05078125,25943.900390625,0,25950,25951.22606685933,25987.220448549277,475229
2025-12-03 04:20:00+00:00,25993.98380859375,25945.75,25924.30078125,25941.0,0,25950,25948.18391436456,25981.580343652487,245331
2025-12-03 04:25:00+00:00,26002.8511171875,25952.80078125,25938.0,25942.5,0,25950,25949.10568249304,25977.75145303968,159117
2025-12-03 04:30:00+00:00,25963.5226171875,25952.75,25910.75,25951.55078125,0,25900,25936.63686124536,25969.494923753467,368143
2025-12-03 04:35:00+00:00,25959.5146171875,25915.849609375,25898.19921875,25912.69921875,0,25900,25926.99098041357,25961.770460628035,143156
2025-12-03 04:40:00+00:00,25979.95580859375,25931.25,25907.150390625,25908.44921875,0,25950,25927.36052340072,25957.56160422141,189852
2025-12-03 04:45:00+00:00,25964.2741171875,25930.25,25905.599609375,25928.19921875,0,25900,25922.390088517142,25951.92255603748,116446
2025-12-03 04:50:00+00:00,25978.95380859375,25933.94921875,25909.44921875,25912.44921875,0,25950,25923.9599288031,25948.81968770467,415605
2025-12-03 04:55:00+00:00,25975.99869140625,25939.900390625,25922.099609375,25925.150390625,0,25900,25924.02341607707,25945.73602556971,412332
2025-12-03 05:00:00+00:00,25979.906882812502,25930.5,25916.30078125,25922.94921875,0,25950,25925.36587113472,25943.525370029747,235478
2025-12-03 05:05:00+00:00,25964.92580859375,25930.650390625,25910.400390625,25927.25,0,25900,25921.277117214813,25939.722149947906,185028
2025-12-03 05:10:00+00:00,25957.6123828125,25913.349609375,25897.099609375,25913.25,0,25900,25916.11833855988,25935.48197886067,317573
2025-12-03 05:15:00+00:00,25960.818,25917.05078125,25901.900390625,25904.400390625,0,25900,25913.74555903992,25932.171731503084,377577
2025-12-03 05:20:00+00:00,25970.98869140625,25922.150390625,25904.69921875,25907.75,0,25900,25915.547169568283,25930.54406389332,134660
2025-12-03 05:25:00+00:00,25975.7971171875,25924.0,25914.849609375,25920.19921875,0,25900,25918.347852628856,25929.719708250406,460349
2025-12-03 05:30:00+00:00,25970.93780859375,25926.69921875,25915.30078125,25922.900390625,0,25900,25918.59843821091,25928.39219589098,360808
2025-12-03 05:35:00+00:00,25966.1293828125,25921.19921875,25900.150390625,25918.0,0,25900,25917.16588589061,25926.63076906086,371361
2025-12-03 05:40:00+00:00,25972.24119140625,25922.650390625,25912.25,25912.5,0,25900,25918.244054135408,25925.851971756376,393458
2025-12-03 05:45:00+00:00,25965.3778828125,25921.44921875,25912.05078125,25919.650390625,0,25900,25916.67962984028,25924.31432294308,111258
2025-12-03 05:50:00+00:00,25946.63930859375,25914.0,25891.150390625,25912.80078125,0,25900,25909.40295635185,25920.63123374707,447539
2025-12-03 05:55:00+00:00,25961.8708828125,25912.25,25893.349609375,25893.5,0,25900,25909.61889798457,25919.308677184938,443732
2025-12-03 06:00:00+00:00,25972.0396171875,25920.19921875,25906.0,25909.349609375,0,25900,25913.14567157305,25919.41999488057,306198
2025-12-03 06:05:00+00:00,25996.5886171875,25945.150390625,25919.099609375,25920.349609375,0,25950,25923.663520632035,25922.57989786425,311503
2025-12-03 06:10:00+00:00,25982.9128828125,25943.55078125,25925.650390625,25943.30078125,0,25950,25926.125940838025,25923.638758287467,180985
2025-12-03 06:15:00+00:00,25986.71930859375,25936.94921875,25929.19921875,25930.55078125,0,25950,25929.033830350352,25925.040114673408,393780
2025-12-03 06:20:00+00:00,25984.9168828125,25934.900390625,25926.150390625,25933.55078125,0,25950,25930.372813983573,25926.04144799548,419533
2025-12-03 06:25:00+00:00,25979.1045,25934.25,25923.55078125,25932.150390625,0,25950,25929.331875989054,25926.192516996045,292290
2025-12-03 06:30:00+00:00,25998.6943828125,25947.099609375,25926.349609375,25927.30078125,0,25950,25935.15484440937,25928.768550027788,322255
2025-12-03 06:35:00+00:00,25996.9408828125,25946.599609375,25937.69921875,25946.349609375,0,25950,25938.45349002292,25930.80382893056,167837
2025-12-03 06:40:00+00:00,26006.1076171875,25962.0,25941.5,25944.5,0,25950,25943.70206626528,25933.72825265799,223466
2025-12-03 06:45:00+00:00,26016.1785,25966.25,25945.05078125,25952.80078125,0,25950,25950.55137751019,25937.543471075744,110494
2025-12-03 06:50:00+00:00,26015.1256171875,25966.849609375,25957.80078125,25963.69921875,0,25950,25954.767324590128,25940.750439535022,447670
2025-12-03 06:55:00+00:00,26004.1545,25962.75,25948.0,25962.44921875,0,25950,25953.928216393422,25942.18788459315,165453
2025-12-03 07:00:00+00:00,25987.72130859375,25952.599609375,25933.349609375,25951.94921875,0,25950,25947.90201405395,25941.39560019088,355581
2025-12-03 07:05:00+00:00,25981.6603828125,25940.69921875,25927.599609375,25934.94921875,0,25950,25941.86826978597,25939.94624782327,282538
2025-12-03 07:10:00+00:00,25976.0985,25929.94921875,25916.0,25929.05078125,0,25900,25935.995513190646,25937.98421684536,110865
2025-12-03 07:15:00+00:00,25980.8071171875,25932.25,25920.5,25922.900390625,0,25950,25933.646748377098,25936.85484208344,441683
2025-12-03 07:20:00+00:00,25984.96580859375,25933.099609375,25923.69921875,25927.400390625,0,25950,25933.46436870973,25936.38543799489,437739
2025-12-03 07:25:00+00:00,25990.77819140625,25938.900390625,25928.599609375,25932.44921875,0,25950,25935.276376014823,25936.69980707365,294189
2025-12-03 07:30:00+00:00,25992.98180859375,25941.55078125,25934.150390625,25938.30078125,0,25950,25937.21745380155,25937.24978236132,437902
2025-12-03 07:35:00+00:00,25989.6763828125,25941.44921875,25930.44921875,25940.5,0,25950,25937.411896284368,25937.318657222404,130242
2025-12-03 07:40:00+00:00,25990.6275,25941.849609375,25936.05078125,25937.55078125,0,25950,25937.857930856248,25937.497575069603,372740
2025-12-03 07:45:00+00:00,25981.9108828125,25939.94921875,25925.349609375,25938.099609375,0,25950,25935.255547654167,25936.566725842156,238112
2025-12-03 07:50:00+00:00,25980.00669140625,25934.349609375,25924.099609375,25929.599609375,0,25950,25932.887161977786,25935.514683940008,304231
2025-12-03 07:55:00+00:00,25992.6315,25947.19921875,25926.400390625,25927.19921875,0,25950,25935.508107985188,25936.169098447503,441587
2025-12-03 08:00:00+00:00,26000.8471171875,25951.69921875,25938.69921875,25939.650390625,0,25950,25939.988478240128,25937.76661348532,404894
2025-12-03 08:05:00+00:00,25997.1913828125,25953.44921875,25941.599609375,25948.30078125,0,25950,25941.75924591009,25938.708384455906,178868
2025-12-03 08:10:00+00:00,25981.45880859375,25948.44921875,25928.05078125,25945.05078125,0,25950,25937.70603373173,25937.56978757079,109869
2025-12-03 08:15:00+00:00,25962.8728828125,25934.900390625,25905.94921875,25928.30078125,0,25900,25928.82094957116,25934.25491178069,161528
2025-12-03 08:20:00+00:00,25965.92780859375,25916.69921875,25906.75,25910.05078125,0,25900,25923.91383617244,25931.73549897998,213253
2025-12-03 08:25:00+00:00,25969.2841171875,25918.900390625,25912.599609375,25913.94921875,0,25900,25921.758963698296,25929.94971395123,450214
2025-12-03 08:30:00+00:00,25974.1453828125,25922.30078125,25905.650390625,25917.150390625,0,25900,25921.939569548864,25928.993597363577,487489
2025-12-03 08:35:00+00:00,25992.8311171875,25955.5,25920.400390625,25920.400390625,0,25950,25928.27611928258,25930.48805003688,240816
2025-12-03 08:40:00+00:00,26000.79819140625,25951.25,25934.80078125,25940.69921875,0,25950,25935.15087639672,25932.789592610392,129253
2025-12-03 08:45:00+00:00,25993.1325,25953.69921875,25936.150390625,25948.349609375,0,25950,25937.183917597817,25933.84714353409,138469
2025-12-03 08:50:00+00:00,26005.6066171875,25955.69921875,25929.55078125,25940.75,0,25950,25942.68901798188,25936.32865293608,140486
2025-12-03 08:55:00+00:00,25973.2921171875,25955.75,25918.5,25953.0,0,25900,25935.609084904587,25934.46872366282,481024
2025-12-03 09:00:00+00:00,25982.361,25937.650390625,25918.44921875,25921.44921875,0,25950,25933.90605660306,25933.97263320497,225472
2025-12-03 09:05:00+00:00,25989.52569140625,25937.94921875,25924.150390625,25930.400390625,0,25950,25935.154167943707,25934.43235288247,454680
2025-12-03 09:10:00+00:00,25992.3301171875,25946.19921875,25934.150390625,25936.650390625,0,25950,25936.91918487914,25935.184461115918,213811
2025-12-03 09:15:00+00:00,26000.99780859375,25949.099609375,25935.099609375,25939.30078125,0,25950,25940.97932637776,25936.9238546483,251466
2025-12-03 09:20:00+00:00,26016.07869140625,25964.55078125,25947.099609375,25948.94921875,0,25950,25948.703014460178,25940.327171645386,344927
2025-12-03 09:25:00+00:00,26028.2025,25976.25,25961.650390625,25963.349609375,0,26000,25957.88534297345,25944.817525189712,449740
2025-12-03 09:30:00+00:00,26024.946,25989.75,25966.650390625,25976.099609375,0,25950,25962.92356198231,25948.340334541,148636
2025-12-03 09:35:00+00:00,26042.13069140625,25990.150390625,25971.80078125,25973.0,0,26000,25971.999171529875,25953.5665915515,133993
2025-12-03 09:40:00+00:00,26044.7355,26005.55078125,25989.650390625,25989.94921875,0,26000,25978.91611435325,25958.46451760756,204159
2025-12-03 09:45:00+00:00,26035.06580859375,25993.55078125,25976.349609375,25992.44921875,0,26000,25980.31061269384,25961.54390407849,457518
2025-12-03 09:50:00+00:00,26036.5198828125,25991.400390625,25981.30078125,25983.5,0,26000,25981.72400221256,25964.41976372493,487880
2025-12-03 09:55:00+00:00,26033.11269140625,25995.05078125,25981.150390625,25984.599609375,0,26000,25981.53279835004,25966.51109208744,120920
2025-12-04 03:45:00+00:00,26001.9,25985.5,25940.099609375,25981.849609375,0,25950,25971.02186556669,25964.44720557651,370549
2025-12-04 03:50:00+00:00,26044.63569140625,25994.0,25945.900390625,25949.55078125,0,26000,25978.231373919465,25967.97260370757,314574
2025-12-04 03:55:00+00:00,26048.34230859375,25996.44921875,25973.349609375,25992.650390625,0,26000,25984.27078573798,25971.519729416,417485
2025-12-04 04:00:00+00:00,26053.35230859375,26001.94921875,25979.349609375,25995.849609375,0,26000,25989.96372695032,25975.248464410877,294352
2025-12-04 04:05:00+00:00,26065.5778828125,26029.30078125,26000.80078125,26000.80078125,0,26000,25997.82607838355,25980.03625401577,434721
2025-12-04 04:10:00+00:00,26080.0051171875,26028.75,25999.150390625,26013.44921875,0,26050,26007.86712517237,25986.025374607547,141398
2025-12-04 04:15:00+00:00,26068.93419140625,26029.05078125,26013.849609375,26028.150390625,0,26000,26010.878213656582,25989.88475160973,477410
2025-12-04 04:20:00+00:00,26081.1088828125,26036.19921875,26015.349609375,26016.30078125,0,26050,26016.935736187726,25994.780505314764,169518
2025-12-04 04:25:00+00:00,26081.6098828125,26036.0,26025.849609375,26027.900390625,0,26050,26021.140751208484,25999.12678980667,327517
2025-12-04 04:30:00+00:00,26078.2516171875,26034.30078125,26022.94921875,26028.30078125,0,26050,26022.826907055656,26002.510843424585,179497
2025-12-04 04:35:00+00:00,26080.3065,26040.19921875,26021.44921875,26025.05078125,0,26050,26024.634604703773,26005.72823799651,102403
2025-12-04 04:40:00+00:00,26093.98419140625,26044.849609375,26026.44921875,26027.5,0,26050,26030.38986667752,26010.24975707507,312370
2025-12-04 04:45:00+00:00,26100.6478828125,26049.099609375,26037.150390625,26042.75,0,26050,26036.44350486835,26015.037385096937,309613
2025-12-04 04:50:00+00:00,26103.00219140625,26057.349609375,26046.099609375,26046.55078125,0,26050,26041.26246678724,26019.520260787944,225101
2025-12-04 04:55:00+00:00,26128.75280859375,26078.400390625,26050.150390625,26050.55078125,0,26100,26053.041514316494,26026.655179361325,353714
2025-12-04 05:00:00+00:00,26137.32069140625,26087.55078125,26075.150390625,26078.900390625,0,26100,26063.744473086,26033.96708076929,429680
2025-12-04 05:05:00+00:00,26142.7318828125,26096.650390625,26083.150390625,26084.650390625,0,26100,26072.679909140665,26041.040043329376,244433
2025-12-04 05:10:00+00:00,26146.1371171875,26097.80078125,26088.30078125,26089.599609375,0,26100,26079.76967901045,26047.653690256957,483939
2025-12-04 05:15:00+00:00,26136.9195,26097.80078125,26082.400390625,26092.69921875,0,26100,26081.429786006964,26052.290728974836,471891
2025-12-04 05:20:00+00:00,26130.7078828125,26085.94921875,26075.44921875,26083.400390625,0,26100,26080.470117754645,26055.57323550923,108119
2025-12-04 05:25:00+00:00,26127.75080859375,26087.25,26074.80078125,26078.05078125,0,26100,26078.846614961432,26058.07653224245,219364
2025-12-04 05:30:00+00:00,26134.9155,26086.900390625,26074.400390625,26075.5,0,26100,26080.147743307625,26061.160715712147,235912
2025-12-04 05:35:00+00:00,26127.15,26085.900390625,26072.900390625,26083.0,0,26100,26078.431828871755,26062.89062624813,380013
2025-12-04 05:40:00+00:00,26129.2048828125,26077.05078125,26068.55078125,26074.69921875,0,26100,26077.971479664506,26064.660645623364,104254
2025-12-04 05:45:00+00:00,26123.3416171875,26077.44921875,26066.75,26077.05078125,0,26050,26075.71405935967,26065.477967264196,145888
2025-12-04 05:50:00+00:00,26116.52919140625,26072.44921875,26059.05078125,26070.30078125,0,26050,26071.942836448117,26065.34327018429,177005
2025-12-04 05:55:00+00:00,26112.8715,26069.650390625,26060.0,26063.150390625,0,26050,26068.21189096541,26064.769111411257,127385
2025-12-04 06:00:00+00:00,26113.0711171875,26066.30078125,26056.650390625,26060.599609375,0,26050,26065.791000226945,26064.2916248286,440384
2025-12-04 06:05:00+00:00,26088.2716171875,26063.30078125,26033.150390625,26061.30078125,0,26050,26055.927073067964,26060.78007406877,160393
2025-12-04 06:10:00+00:00,26081.5081171875,26041.30078125,26023.05078125,26034.75,0,26050,26047.10112162864,26056.863717153927,132483
2025-12-04 06:15:00+00:00,26084.7646171875,26033.400390625,26014.400390625,26028.80078125,0,26050,26042.300487335764,26053.843154853435,479990
2025-12-04 06:20:00+00:00,26069.5858828125,26032.900390625,26015.599609375,26031.30078125,0,26000,26034.050585307177,26049.306608153005,383516
2025-12-04 06:25:00+00:00,26075.94819140625,26030.150390625,26016.69921875,26016.69921875,0,26000,26030.667187079787,26046.130830962004,210375
2025-12-04 06:30:00+00:00,26085.41630859375,26036.400390625,26022.650390625,26024.0,0,26050,26031.56132784486,26044.533178263628,202219
2025-12-04 06:35:00+00:00,26084.21469140625,26044.099609375,26031.849609375,26032.650390625,0,26050,26031.757682104908,26042.9853298088,252935
2025-12-04 06:40:00+00:00,26079.8563828125,26033.05078125,26020.400390625,26032.0,0,26050,26030.43871515328,26041.08726123895,366947
2025-12-04 06:45:00+00:00,26070.537,26028.25,26016.650390625,26028.150390625,0,26000,26026.45914343552,26038.26385358408,139639
2025-12-04 06:50:00+00:00,26072.0908828125,26020.150390625,26004.849609375,26018.150390625,0,26000,26024.323022707016,26035.987219542323,255201
2025-12-04 06:55:00+00:00,26076.549,26030.099609375,26017.80078125,26019.5,0,26000,26024.382015138013,26034.551317099533,226206
2025-12-04 07:00:00+00:00,26078.7526171875,26030.75,26021.75,26024.25,0,26050,26025.15441634201,26033.56980480584,435244
2025-12-04 07:05:00+00:00,26076.95019140625,26030.69921875,26023.55078125,26025.900390625,0,26000,26025.06974110301,26032.486128033237,441331
2025-12-04 07:10:00+00:00,26061.92019140625,26029.400390625,26006.69921875,26023.94921875,0,26000,26020.01329094368,26029.662910857205,376958
2025-12-04 07:15:00+00:00,26045.58680859375,26010.0,25990.69921875,26009.55078125,0,26000,26011.208730420785,26025.15499817193,290496
2025-12-04 07:20:00+00:00,26045.9371171875,25997.75,25989.25,25993.349609375,0,26000,26005.455559863854,26021.254275744188,452067
2025-12-04 07:25:00+00:00,26054.7046171875,26009.150390625,25991.75,25992.849609375,0,26000,26004.536779492573,26018.934893619917,164954
2025-12-04 07:30:00+00:00,26057.4601171875,26007.19921875,25997.30078125,26002.400390625,0,26000,26004.84092591172,26017.24918426117,129569
2025-12-04 07:35:00+00:00,26050.497,26007.44921875,25997.55078125,26005.849609375,0,26000,26002.727283941145,26014.90553622853,189936
2025-12-04 07:40:00+00:00,26053.002,26002.75,25991.849609375,25997.94921875,0,26000,26002.15152262743,26013.167344199963,128897
2025-12-04 07:45:00+00:00,26053.8043828125,26006.650390625,25999.19921875,26000.80078125,0,26000,26002.034608834954,26011.746523831214,430026
2025-12-04 07:55:00+00:00,26068.2316171875,26022.44921875,26014.55078125,26017.80078125,0,26000,26006.756145473304,26012.303110696063,101248
2025-12-04 08:00:00+00:00,26054.7555,26027.599609375,26001.849609375,26015.69921875,0,26000,26005.42076364887,26011.10897185906,467152
2025-12-04 08:05:00+00:00,26032.61169140625,26003.55078125,25974.80078125,26002.400390625,0,26000,25997.16397264092,26007.3016492048,307314
2025-12-04 08:10:00+00:00,26028.6526171875,25981.05078125,25962.400390625,25980.55078125,0,26000,25990.342388010613,26003.47634539795,405491
2025-12-04 08:15:00+00:00,26031.0088828125,25980.94921875,25970.900390625,25976.30078125,0,26000,25986.57851909041,26000.423149879454,328342
2025-12-04 08:20:00+00:00,26028.55280859375,25983.55078125,25973.400390625,25978.650390625,0,26000,25983.252215851942,25997.4452073164,100066
2025-12-04 08:25:00+00:00,26025.04580859375,25978.349609375,25970.05078125,25975.55078125,0,25950,25979.86801369296,25994.402007573724,437443
2025-12-04 08:30:00+00:00,26040.12669140625,25989.55078125,25970.5,25973.30078125,0,26000,25982.62880600364,25993.62055545513,420564
2025-12-04 08:35:00+00:00,26057.5618828125,26006.900390625,25977.900390625,25986.69921875,0,26000,25990.269464419096,25995.111833679493,329719
2025-12-04 08:40:00+00:00,26056.3093828125,26022.69921875,26001.650390625,26005.599609375,0,26000,25994.9465700294,25996.260452125807,380807
2025-12-04 08:45:00+00:00,26053.15269140625,26011.19921875,25998.650390625,26004.05078125,0,26000,25997.01451022793,25996.871694438207,182666
2025-12-04 08:50:00+00:00,26055.5578828125,26007.400390625,25992.44921875,26001.0,0,26000,25999.19326723529,25997.70658028968,412196
2025-12-04 08:55:00+00:00,26066.4781171875,26015.900390625,25999.599609375,26002.25,0,26000,26004.278584406864,25999.79941009722,214116
2025-12-04 09:00:00+00:00,26061.7695,26020.849609375,26006.0,26014.0,0,26000,26006.10238960458,26001.04323383507,295637
2025-12-04 09:05:00+00:00,26066.8303828125,26017.19921875,25998.650390625,26008.94921875,0,26000,26009.001853486392,26002.76292726193,128224
2025-12-04 09:10:00+00:00,26052.85130859375,26019.94921875,26000.849609375,26013.75,0,26000,26006.2844387826,26002.523762526067,156546
2025-12-04 09:15:00+00:00,26057.0608828125,26006.44921875,25988.150390625,26000.599609375,0,26000,26005.87321960507,26002.83963986656,352152
2025-12-04 09:20:00+00:00,26077.70169140625,26029.5,26003.650390625,26003.650390625,0,26050,26012.465609945048,26005.690983711364,467048
2025-12-04 09:25:00+00:00,26095.3365,26046.099609375,26025.05078125,26025.05078125,0,26050,26022.7270732967,26010.385860747443,241907
2025-12-04 09:30:00+00:00,26101.599,26059.05078125,26042.25,26042.25,0,26050,26031.6513821978,26015.27512815401,290111
2025-12-04 09:35:00+00:00,26099.0431171875,26056.099609375,26045.400390625,26049.400390625,0,26050,26036.750661048536,26019.234389478508,474550
2025-12-04 09:40:00+00:00,26090.67680859375,26055.80078125,26036.599609375,26046.599609375,0,26050,26037.36697715736,26021.65504196557,142350
2025-12-04 09:45:00+00:00,26092.98219140625,26040.900390625,26023.55078125,26037.69921875,0,26050,26038.54478164657,26024.060710548,445112
2025-12-04 09:50:00+00:00,26083.41230859375,26040.69921875,26022.80078125,26040.69921875,0,26050,26036.146390889386,26024.97182290137,125102
2025-12-04 09:55:00+00:00,26062.37030859375,26032.05078125,26004.900390625,26030.44921875,0,26000,26027.547463717925,26023.14404621058,253279
2025-12-05 03:45:00+00:00,26102.70080859375,26050.599609375,25991.849609375,26001.150390625,0,26050,26035.23151227029,26026.57599160613,159176
2025-12-05 03:50:00+00:00,26092.43030859375,26061.69921875,26031.25,26051.349609375,0,26050,26036.937544638524,26028.29769382724,486008
2025-12-05 03:55:00+00:00,26089.5241171875,26051.05078125,26026.349609375,26040.80078125,0,26050,26037.108102675684,26029.441634442584,261923
2025-12-05 04:00:00+00:00,26101.74969140625,26049.650390625,26029.30078125,26036.599609375,0,26050,26041.28886532546,26031.967728965385,489327
2025-12-05 04:05:00+00:00,26087.821500000002,26056.349609375,26027.80078125,26049.44921875,0,26050,26039.44257688364,26032.44051284471,493689
2025-12-05 04:10:00+00:00,26099.2936171875,26049.349609375,26032.099609375,26035.849609375,0,26050,26042.02812417243,26034.28535108287,359554
2025-12-05 04:15:00+00:00,26106.75969140625,26061.400390625,26044.80078125,26047.25,0,26050,26046.23554632329,26036.83098102564,426357
2025-12-05 04:20:00+00:00,26093.98419140625,26055.05078125,26038.400390625,26055.05078125,0,26050,26044.79049442386,26037.46465722556,386687
2025-12-05 04:25:00+00:00,26076.39830859375,26043.75,26018.849609375,26042.150390625,0,26000,26037.976866074245,26035.82527624424,417961
2025-12-05 04:30:00+00:00,26137.32069140625,26091.599609375,26006.650390625,26023.80078125,0,26100,26053.70137425783,26041.990915541835,491193
2025-12-05 04:35:00+00:00,26131.8586171875,26102.05078125,26062.349609375,26086.0,0,26100,26062.367322421887,26046.704453442857,250732
2025-12-05 04:40:00+00:00,26130.7078828125,26080.30078125,26062.44921875,26079.349609375,0,26100,26067.761808697927,26050.68524441875,147394
2025-12-05 04:45:00+00:00,26157.7618828125,26112.55078125,26077.150390625,26077.150390625,0,26100,26080.35813288196,26057.543436522657,127489
2025-12-05 04:50:00+00:00,26138.6221171875,26110.94921875,26084.80078125,26106.05078125,0,26100,26082.38849483797,26061.15665930108,394845
2025-12-05 04:55:00+00:00,26092.8315,26092.75,26036.5,26085.25,0,26050,26068.50899655865,26058.60582688844,101841
2025-12-05 05:00:00+00:00,26099.1448828125,26064.94921875,26007.25,26039.75,0,26050,26061.356258122432,26057.16144618364,420261
2025-12-05 05:05:00+00:00,26114.4253828125,26072.80078125,26045.80078125,26047.0,0,26050,26061.67109916496,26057.803863066933,478509
2025-12-05 05:10:00+00:00,26148.4425,26098.150390625,26062.849609375,26062.849609375,0,26100,26073.197399443303,26062.609630183564,141489
2025-12-05 05:15:00+00:00,26176.4476171875,26125.849609375,26090.80078125,26096.150390625,0,26100,26090.198005878872,26070.30832875437,129166
2025-12-05 05:20:00+00:00,26182.9606171875,26133.650390625,26116.30078125,26124.55078125,0,26150,26103.69841016925,26077.857190003822,132270
2025-12-05 05:25:00+00:00,26168.9835,26134.75,26109.849609375,26129.150390625,0,26100,26108.04894011284,26082.718791253345,426263
2025-12-05 05:30:00+00:00,26189.5245,26140.5,26115.0,26115.0,0,26150,26117.782626741893,26089.53519234668,374808
2025-12-05 05:35:00+00:00,26189.2231171875,26139.349609375,26126.25,26136.05078125,0,26150,26124.1714907446,26095.461945647094,419753
2025-12-05 05:40:00+00:00,26195.787,26146.349609375,26131.849609375,26135.849609375,0,26150,26130.614327163068,26101.46670244121,124310
2025-12-05 05:45:00+00:00,26188.272,26148.900390625,26131.05078125,26142.94921875,0,26150,26132.409551442048,26105.783364636056,460473
2025-12-05 05:50:00+00:00,26195.13530859375,26156.400390625,26136.25,26136.650390625,0,26150,26135.88957075304,26110.416645228423,343565
2025-12-05 05:55:00+00:00,26191.5793828125,26151.150390625,26138.650390625,26141.849609375,0,26150,26137.02664091869,26114.02716223112,181507
2025-12-05 06:00:00+00:00,26183.36180859375,26141.599609375,26128.650390625,26138.44921875,0,26150,26135.050963737463,26116.161218124103,351754
2025-12-05 06:05:00+00:00,26186.66919140625,26139.75,26128.599609375,26130.849609375,0,26150,26134.83410603331,26118.44111468672,153010
2025-12-05 06:10:00+00:00,26193.88280859375,26143.19921875,26133.400390625,26135.349609375,0,26150,26137.089273813875,26121.335926522752,444351
2025-12-05 06:15:00+00:00,26176.39869140625,26147.900390625,26121.5,26141.30078125,0,26100,26132.77631275092,26121.68773453553,163683
2025-12-05 06:20:00+00:00,26188.773,26142.0,26123.30078125,26124.599609375,0,26150,26134.01754183395,26123.53926771859,236374
2025-12-05 06:25:00+00:00,26185.3168828125,26146.55078125,26130.80078125,26135.75,0,26150,26133.695288305968,26124.72820691001,194784
2025-12-05 06:30:00+00:00,26191.92969140625,26141.69921875,26131.0,26131.0,0,26150,26135.680322412318,26126.593479874387,132449
2025-12-05 06:35:00+00:00,26194.284,26146.349609375,26137.80078125,26139.400390625,0,26150,26137.78688160821,26128.519294890088,427655
2025-12-05 06:40:00+00:00,26182.41069140625,26149.25,26129.69921875,26142.150390625,0,26150,26135.241384613808,26128.723181856956,287909
2025-12-05 06:45:00+00:00,26193.18219140625,26143.05078125,26127.44921875,26130.099609375,0,26150,26137.12771995088,26130.24533295296,142220
2025-12-05 06:50:00+00:00,26210.21619140625,26159.44921875,26137.150390625,26142.25,0,26150,26144.05194350892,26133.702215161964,267211
2025-12-05 06:55:00+00:00,26218.833,26167.94921875,26155.75,26158.150390625,0,26150,26151.534629005942,26137.80193826672,317341
2025-12-05 07:00:00+00:00,26232.8101171875,26182.650390625,26163.150390625,26165.30078125,0,26200,26161.1728255873,26143.132848327128,110421
2025-12-05 07:05:00+00:00,26244.4348828125,26196.75,26177.900390625,26180.599609375,0,26200,26171.465477474867,26149.247589942486,404995
2025-12-05 07:10:00+00:00,26242.5796171875,26192.400390625,26174.900390625,26190.900390625,0,26200,26177.710057899912,26154.366543543427,190634
2025-12-05 07:15:00+00:00,26243.883,26194.349609375,26184.650390625,26188.349609375,0,26200,26182.30670526661,26159.008225600497,348851
2025-12-05 07:20:00+00:00,26247.1395,26202.55078125,26187.900390625,26190.55078125,0,26200,26186.45447017774,26163.475947400435,335769
2025-12-05 07:25:00+00:00,26233.9138828125,26197.75,26178.5,26193.849609375,0,26200,26184.81990720183,26165.73530163163,106647
2025-12-05 07:30:00+00:00,26238.02169140625,26200.44921875,26180.849609375,26181.44921875,0,26200,26185.096735009556,26168.224687755803,412256
2025-12-05 07:35:00+00:00,26239.77519140625,26189.75,26182.150390625,26185.30078125,0,26200,26185.864620214707,26170.62165061445,303424
2025-12-05 07:40:00+00:00,26233.3111171875,26191.69921875,26177.75,26185.849609375,0,26200,26184.226153059804,26171.912596631395,377554
2025-12-05 07:45:00+00:00,26242.1803828125,26191.94921875,26179.80078125,26180.25,0,26200,26186.08436245654,26174.14861970872,147067
2025-12-05 07:50:00+00:00,26239.97480859375,26198.80078125,26180.5,26189.05078125,0,26200,26186.58944476269,26175.829993417006,276203
2025-12-05 07:55:00+00:00,26241.52869140625,26199.25,26185.599609375,26185.599609375,0,26200,26187.443093383463,26177.495043068004,387216
2025-12-05 08:00:00+00:00,26241.97880859375,26192.349609375,26183.19921875,26188.400390625,0,26200,26188.16193204731,26179.008113856376,453087
2025-12-05 08:05:00+00:00,26246.78919140625,26200.400390625,26188.349609375,26189.05078125,0,26200,26190.241418239875,26180.93214845245,484034
2025-12-05 08:10:00+00:00,26245.03569140625,26196.30078125,26188.44921875,26193.30078125,0,26200,26191.04440903492,26182.396928724025,433725
2025-12-05 08:15:00+00:00,26232.36,26198.650390625,26177.650390625,26192.05078125,0,26200,26187.36293935661,26182.097312633523,212625
2025-12-05 08:20:00+00:00,26225.49669140625,26186.5,26168.849609375,26178.599609375,0,26150,26182.625423112742,26180.978947382457,154462
2025-12-05 08:25:00+00:00,26215.8778828125,26183.80078125,26159.25,26172.25,0,26150,26176.2672091585,26178.8004266159,274176
2025-12-05 08:30:00+00:00,26217.831,26177.05078125,26160.599609375,26164.19921875,0,26150,26172.678139439,26177.137873288917,412161
2025-12-05 08:35:00+00:00,26208.16130859375,26167.75,26148.30078125,26160.80078125,0,26150,26167.06862941767,26174.476840299674,139298
2025-12-05 08:40:00+00:00,26217.42980859375,26181.25,26153.650390625,26155.05078125,0,26150,26166.41228940345,26173.30468643409,308556
2025-12-05 08:45:00+00:00,26223.3928828125,26172.80078125,26161.19921875,26165.19921875,0,26150,26167.958453352305,26173.02294828608,199823
2025-12-05 08:50:00+00:00,26216.42780859375,26172.349609375,26159.0,26170.349609375,0,26150,26166.672172026538,26171.90753092219,141164
2025-12-05 08:55:00+00:00,26220.73719140625,26172.650390625,26158.19921875,26164.19921875,0,26150,26167.248244892693,26171.469138385044,248368
2025-12-05 09:00:00+00:00,26203.95369140625,26170.75,26146.0,26167.900390625,0,26150,26162.0489601368,26168.99179491504,193160
2025-12-05 09:05:00+00:00,26204.20419140625,26157.0,26147.099609375,26152.349609375,0,26150,26158.666103632862,26166.855369378784,107904
2025-12-05 09:10:00+00:00,26199.94569140625,26157.05078125,26144.599609375,26150.75,0,26150,26154.99419929691,26164.45474703456,431248
2025-12-05 09:15:00+00:00,26193.0823828125,26148.650390625,26122.80078125,26147.150390625,0,26150,26150.263059947945,26161.49800131149,449545
2025-12-05 09:20:00+00:00,26199.294,26156.849609375,26136.75,26140.75,0,26150,26149.175373298636,26159.685751147557,437536
2025-12-05 09:25:00+00:00,26206.809,26158.5,26138.80078125,26146.0,0,26150,26150.95024886576,26159.037532254108,362475
2025-12-05 09:30:00+00:00,26239.27419140625,26186.900390625,26155.75,26155.75,0,26200,26162.93362945217,26162.520389550467,440602
2025-12-05 09:35:00+00:00,26242.9318828125,26196.69921875,26184.30078125,26186.0,0,26200,26172.13934671812,26166.024188512907,298374
2025-12-05 09:40:00+00:00,26241.02769140625,26191.80078125,26184.05078125,26189.69921875,0,26200,26177.64302802041,26168.85246377692,444325
2025-12-05 09:45:00+00:00,26247.03969140625,26199.25,26185.44921875,26187.55078125,0,26200,26183.31214888861,26172.07720463293,339685
2025-12-05 09:50:00+00:00,26246.3371171875,26196.05078125,26184.19921875,26193.25,0,26200,26186.85783884241,26174.811206397564,458915
2025-12-05 09:55:00+00:00,26229.00369140625,26197.75,26176.400390625,26193.05078125,0,26200,26183.455356103277,26175.041104425996,328203
2025-12-08 03:45:00+00:00,26212.0186171875,26169.19921875,26128.30078125,26158.849609375,0,26150,26175.536643652184,26173.123368716493,157284
2025-12-08 03:50:00+00:00,26220.2851171875,26178.400390625,26142.05078125,26157.349609375,0,26150,26173.007502018125,26172.47659997068,428735
2025-12-08 03:55:00+00:00,26192.88080859375,26168.25,26132.19921875,26167.5,0,26150,26162.204871137084,26168.49197614622,144166
2025-12-08 04:00:00+00:00,26181.0583828125,26144.05078125,26127.25,26139.599609375,0,26150,26151.07017450806,26163.530576784196,141257
2025-12-08 04:05:00+00:00,26172.24,26129.400390625,26112.0,26127.75,0,26100,26140.71344967204,26158.08925468617,198702
2025-12-08 04:10:00+00:00,26182.61030859375,26135.5,26112.25,26118.05078125,0,26150,26137.258836239693,26154.621799022272,299709
2025-12-08 04:15:00+00:00,26153.35269140625,26129.900390625,26097.25,26129.5,0,26100,26125.222687701465,26147.93787297261,335505
2025-12-08 04:20:00+00:00,26135.2168828125,26103.19921875,26080.19921875,26101.0,0,26100,26111.16538555098,26139.826986507287,308637
2025-12-08 04:25:00+00:00,26137.9723828125,26089.25,26077.650390625,26082.25,0,26100,26102.71051745065,26133.073710850127,413135
2025-12-08 04:30:00+00:00,26123.8935,26092.25,26068.69921875,26086.05078125,0,26050,26092.390344967105,26125.408246993866,162058
2025-12-08 04:35:00+00:00,26135.26580859375,26088.05078125,26068.75,26071.05078125,0,26100,26089.29343310307,26120.119667291503,368375
2025-12-08 04:40:00+00:00,26148.693,26096.5,26075.30078125,26082.80078125,0,26100,26091.695622068717,26117.167208880062,235650
2025-12-08 04:45:00+00:00,26139.4753828125,26109.150390625,26081.75,26096.599609375,0,26100,26090.230675129143,26113.433905426307,146488
2025-12-08 04:50:00+00:00,26153.85369140625,26105.599609375,26084.55078125,26087.650390625,0,26100,26094.037246961096,26111.960966076145,443347
2025-12-08 04:55:00+00:00,26149.9963828125,26103.900390625,26089.69921875,26101.55078125,0,26100,26095.291758390733,26110.19094297288,478459
2025-12-08 05:00:00+00:00,26137.4713828125,26099.099609375,26081.69921875,26098.0,0,26100,26091.961432677155,26107.07967275752,423031
2025-12-08 05:05:00+00:00,26141.9803828125,26091.94921875,26081.69921875,26085.80078125,0,26100,26091.24121553477,26104.91981131908,255687
2025-12-08 05:10:00+00:00,26148.9943828125,26098.69921875,26086.599609375,26088.849609375,0,26100,26093.09440410652,26103.904932560443,434571
2025-12-08 05:15:00+00:00,26137.01930859375,26101.5,26083.44921875,26096.19921875,0,26100,26090.34613919601,26101.52301716226,161057
2025-12-08 05:20:00+00:00,26146.53830859375,26097.400390625,26079.25,26084.400390625,0,26100,26091.68062925568,26100.62634118885,493013
2025-12-08 05:25:00+00:00,26122.54119140625,26097.19921875,26069.599609375,26094.599609375,0,26050,26084.587216378783,26096.848097368373,489985
2025-12-08 05:30:00+00:00,26113.27269140625,26072.900390625,26060.25,26070.75,0,26050,26076.774941127525,26092.38588402545,299532
2025-12-08 05:35:00+00:00,26115.4273828125,26065.69921875,26051.900390625,26060.55078125,0,26050,26072.28355450169,26088.75024617852,153283
2025-12-08 05:40:00+00:00,26122.8406171875,26080.69921875,26061.69921875,26064.099609375,0,26050,26071.755442584457,26086.493867749952,273609
2025-12-08 05:45:00+00:00,26112.02019140625,26071.55078125,26056.55078125,26070.55078125,0,26050,26067.803758597976,26083.16968310933,182654
2025-12-08 05:50:00+00:00,26127.05019140625,26076.30078125,26057.900390625,26060.099609375,0,26050,26070.169302606984,26082.13602154879,129276
2025-12-08 05:55:00+00:00,26122.1908828125,26077.849609375,26067.150390625,26073.55078125,0,26050,26070.129795487992,26080.62536651144,367541
2025-12-08 06:00:00+00:00,26117.22980859375,26074.44921875,26059.599609375,26070.44921875,0,26050,26068.453066783663,26078.684646869388,197116
2025-12-08 06:05:00+00:00,26114.3745,26068.150390625,26057.94921875,26064.94921875,0,26050,26066.38537785577,26076.630316010716,340405
2025-12-08 06:10:00+00:00,26119.834617187502,26068.5,26042.05078125,26062.5,0,26050,26066.82332482052,26075.513928853125,444580
2025-12-08 06:15:00+00:00,26125.0951171875,26074.05078125,26060.80078125,26067.69921875,0,26050,26068.865289463683,26075.193340090234,282820
2025-12-08 06:20:00+00:00,26114.02419140625,26073.5,26060.69921875,26073.05078125,0,26050,26066.543656517457,26073.53172140708,447909
2025-12-08 06:25:00+00:00,26111.51919140625,26064.25,26054.400390625,26061.69921875,0,26050,26064.16256788664,26071.76530505932,301871
2025-12-08 06:30:00+00:00,26103.3016171875,26059.099609375,26044.400390625,26058.5,0,26050,26059.84145150776,26069.194544270656,499945
2025-12-08 06:35:00+00:00,26100.49719140625,26052.099609375,26043.900390625,26051.30078125,0,26050,26056.02776454684,26066.59527506495,453732
2025-12-08 06:40:00+00:00,26087.3713828125,26053.150390625,26034.55078125,26047.900390625,0,26050,26049.118770114565,26062.68346333808,436566
2025-12-08 06:45:00+00:00,26093.3833828125,26050.30078125,26034.0,26034.0,0,26050,26046.51277382638,26060.01062807707,396672
2025-12-08 06:50:00+00:00,26099.595,26047.75,26036.0,26041.349609375,0,26050,26046.841849217588,26058.446799567435,146373
2025-12-08 06:55:00+00:00,26079.1048828125,26048.80078125,26023.25,26047.30078125,0,26050,26040.244826561728,26054.52229727776,206446
2025-12-08 07:00:00+00:00,26067.7306171875,26027.30078125,26014.099609375,26027.150390625,0,26000,26032.062957291157,26049.669412461782,106643
2025-12-08 07:05:00+00:00,26070.13580859375,26024.0,26012.650390625,26015.44921875,0,26000,26027.40850798577,26045.72318707594,260828
2025-12-08 07:10:00+00:00,26067.7815,26027.900390625,26012.900390625,26018.349609375,0,26000,26023.52233865718,26041.976538691448,410391
2025-12-08 07:15:00+00:00,26071.4881171875,26021.80078125,26010.94921875,26015.0,0,26000,26022.164632021457,26039.160623698768,188368
2025-12-08 07:20:00+00:00,26069.18469140625,26026.55078125,26010.650390625,26018.650390625,0,26000,26020.49321822264,26036.40934456455,120759
2025-12-08 07:25:00+00:00,26064.67569140625,26017.80078125,26006.650390625,26016.94921875,0,26000,26017.878942356765,26033.439475322102,435044
2025-12-08 07:30:00+00:00,26075.7466171875,26024.94921875,26004.69921875,26012.849609375,0,26000,26019.81903448785,26032.22194325059,419813
2025-12-08 07:35:00+00:00,26075.0968828125,26032.19921875,26016.80078125,26023.349609375,0,26000,26020.89628340857,26031.07554800052,317218
2025-12-08 07:40:00+00:00,26082.2596171875,26040.80078125,26020.05078125,26022.80078125,0,26050,26023.997261855715,26030.966006844203,355203
2025-12-08 07:45:00+00:00,26056.2076171875,26031.150390625,26002.400390625,26030.80078125,0,26000,26017.39791415381,26027.62015833243,467700
2025-12-08 07:50:00+00:00,26023.34319140625,26004.349609375,25965.44921875,26004.349609375,0,25950,26002.065406310878,26020.592687369,292558
2025-12-08 07:55:00+00:00,26009.415,25972.44921875,25950.400390625,25971.69921875,0,25950,25987.21027087392,26012.706101447875,446501
2025-12-08 08:00:00+00:00,25970.93780859375,25960.05078125,25903.099609375,25957.25,0,25900,25964.506717040946,26001.005289938767,222063
2025-12-08 08:05:00+00:00,25968.43280859375,25922.599609375,25905.0,25920.150390625,0,25900,25948.5376811523,25990.454579868296,291721
2025-12-08 08:10:00+00:00,25974.94580859375,25935.150390625,25913.69921875,25916.94921875,0,25900,25940.0583238932,25982.035208556637,349038
2025-12-08 08:15:00+00:00,25988.47280859375,25940.25,25918.0,25923.0,0,25950,25938.905419053805,25976.35575865893,319110
2025-12-08 08:20:00+00:00,25985.51769140625,25939.30078125,25928.400390625,25936.5,0,25950,25937.153742910872,25971.01758765469,197409
2025-12-08 08:25:00+00:00,25981.50969140625,25934.400390625,25915.69921875,25933.5,0,25950,25934.65262548225,25965.846688025977,103066
2025-12-08 08:30:00+00:00,25973.69330859375,25930.400390625,25908.44921875,25929.30078125,0,25900,25930.3849534465,25960.347053194604,425445
2025-12-08 08:35:00+00:00,25978.6035,25927.599609375,25916.19921875,25922.099609375,0,25950,25929.17330229767,25956.14742154528,180906
2025-12-08 08:40:00+00:00,25966.22919140625,25943.19921875,25914.150390625,25925.599609375,0,25900,25924.24899840678,25950.929042680244,289554
2025-12-08 08:45:00+00:00,25976.85,25927.400390625,25892.400390625,25914.05078125,0,25900,25924.49933227119,25947.687912345213,292860
2025-12-08 08:50:00+00:00,25981.6603828125,25933.25,25915.05078125,25925.150390625,0,25950,25926.266481930797,25945.45202095831,339828
2025-12-08 08:55:00+00:00,25975.99869140625,25932.44921875,25917.650390625,25931.0,0,25900,25925.5611181622,25942.789317166647,443060
2025-12-08 09:00:00+00:00,25967.98269140625,25926.349609375,25914.400390625,25925.19921875,0,25900,25922.42420898313,25939.459451348943,285887
2025-12-08 09:05:00+00:00,25964.325,25917.69921875,25903.44921875,25917.400390625,0,25900,25919.116139322094,25936.089519930327,381607
2025-12-08 09:10:00+00:00,25980.5566171875,25929.94921875,25909.80078125,25912.900390625,0,25950,25922.3104991314,25935.165732282785,198631
2025-12-08 09:15:00+00:00,25996.5886171875,25945.75,25922.25,25929.099609375,0,25950,25929.77340567093,25936.357418091186,295426
2025-12-08 09:20:00+00:00,26002.401,25970.80078125,25944.05078125,25945.30078125,0,25950,25936.682270447287,25938.125240829788,339408
2025-12-08 09:25:00+00:00,25991.47880859375,25956.5,25930.900390625,25951.0,0,25950,25937.65471675653,25938.30953689794,208460
2025-12-08 09:30:00+00:00,26022.7423828125,25978.94921875,25942.5,25942.5,0,25950,25948.70340492102,25942.37094244195,153437
2025-12-08 09:35:00+00:00,26031.7603828125,25984.099609375,25967.94921875,25969.69921875,0,26000,25959.069197030683,25947.04967229296,346723
2025-12-08 09:40:00+00:00,26023.09269140625,25983.599609375,25969.5,25980.44921875,0,25950,25963.096261562125,25950.062262084462,449445
2025-12-08 09:45:00+00:00,25997.1405,25973.349609375,25945.25,25970.30078125,0,25950,25957.147507708083,25949.460729323902,399853
2025-12-08 09:50:00+00:00,25996.98980859375,25950.80078125,25931.19921875,25946.0,0,25950,25953.131541597057,25948.91558933029,316554
2025-12-08 09:55:00+00:00,25984.6663828125,25947.19921875,25918.19921875,25944.05078125,0,25950,25946.35462148137,25946.901238320257,116866
2025-12-09 03:45:00+00:00,25871.5891171875,25889.849609375,25819.94921875,25867.099609375,0,25800,25904.219487237584,25931.032235873976,114293
2025-12-09 03:50:00+00:00,25877.9533828125,25835.400390625,25801.150390625,25821.0,0,25850,25878.246585241723,25917.94080404598,306659
2025-12-09 03:55:00+00:00,25850.3983828125,25830.599609375,25797.650390625,25826.900390625,0,25800,25851.764650577818,25903.04830119648,237343
2025-12-09 04:00:00+00:00,25826.14880859375,25802.25,25758.849609375,25800.099609375,0,25750,25826.04297017688,25886.9922147188,410963
2025-12-09 04:05:00+00:00,25816.2286171875,25773.650390625,25755.55078125,25772.55078125,0,25750,25805.595053034587,25871.705590222697,153520
2025-12-09 04:10:00+00:00,25810.41819140625,25773.099609375,25757.5,25764.0,0,25750,25790.030165564727,25857.604940272984,297712
2025-12-09 04:15:00+00:00,25807.011,25766.599609375,25744.900390625,25760.099609375,0,25750,25778.520110376485,25844.84182273886,317413
2025-12-09 04:20:00+00:00,25783.4131171875,25757.0,25730.75,25754.94921875,0,25750,25762.996479834324,25830.73024724025,328823
2025-12-09 04:25:00+00:00,25785.61869140625,25742.19921875,25728.05078125,25731.55078125,0,25750,25753.38111676455,25818.657765163345,181308
2025-12-09 04:30:00+00:00,25802.90319140625,25762.599609375,25730.349609375,25733.55078125,0,25750,25752.720874718038,25810.25059334605,155362
2025-12-09 04:35:00+00:00,25829.6068828125,25790.75,25750.55078125,25751.599609375,0,25800,25761.16417689536,25806.225616834046,441504
2025-12-09 04:40:00+00:00,25835.6188828125,25787.75,25774.099609375,25778.099609375,0,25800,25768.793045013572,25803.45376238604,259894
2025-12-09 04:45:00+00:00,25883.9145,25848.849609375,25782.25,25784.05078125,0,25850,25789.945363342387,25807.053292087785,357012
2025-12-09 04:50:00+00:00,25891.7308828125,25843.44921875,25812.69921875,25831.69921875,0,25850,25806.6471693116,25811.177978233063,338247
2025-12-09 04:55:00+00:00,25873.644,25845.0,25820.55078125,25839.80078125,0,25800,25811.764779541067,25812.53073095393,147919
2025-12-09 05:00:00+00:00,25849.3455,25827.349609375,25796.849609375,25822.349609375,0,25800,25807.093186360715,25810.68313958469,499502
2025-12-09 05:05:00+00:00,25863.1738828125,25812.849609375,25778.849609375,25796.599609375,0,25800,25808.57905132381,25810.79159479285,289199
2025-12-09 05:10:00+00:00,25863.47330859375,25820.349609375,25806.349609375,25812.849609375,0,25800,25809.669237340877,25810.92384661562,142834
2025-12-09 05:15:00+00:00,25852.1518828125,25813.849609375,25796.5,25812.75,0,25800,25806.62975197725,25809.62721344492,268407
2025-12-09 05:20:00+00:00,25849.2946171875,25800.69921875,25790.0,25800.44921875,0,25800,25803.65290756817,25808.136214108054,123712
2025-12-09 05:25:00+00:00,25880.8576171875,25830.099609375,25794.94921875,25797.55078125,0,25850,25812.16834462878,25810.769089688296,387620
2025-12-09 05:30:00+00:00,25877.25080859375,25837.25,25815.05078125,25829.30078125,0,25850,25816.64543287752,25812.62290464913,269605
2025-12-09 05:35:00+00:00,25897.29080859375,25848.349609375,25825.849609375,25825.849609375,0,25850,25826.296825043348,25816.74499273987,390278
2025-12-09 05:40:00+00:00,25916.12919140625,25868.150390625,25837.75,25846.599609375,0,25850,25838.998013570566,25822.70191747551,343626
2025-12-09 05:45:00+00:00,25918.33280859375,25871.19921875,25852.900390625,25865.0,0,25850,25848.19854550538,25828.18912896295,451635
2025-12-09 05:50:00+00:00,25909.6651171875,25869.25,25852.80078125,25866.5,0,25850,25851.44876992025,25831.90914018633,324026
2025-12-09 05:55:00+00:00,25914.87669140625,25872.099609375,25848.25,25857.55078125,0,25850,25855.34931015517,25835.814296491164,460152
2025-12-09 06:00:00+00:00,25922.89269140625,25875.44921875,25851.25,25863.44921875,0,25850,25860.61633697845,25840.23130825789,494773
2025-12-09 06:05:00+00:00,25919.1841171875,25875.400390625,25858.25,25871.25,0,25850,25862.893964235634,25843.633547069407,471719
2025-12-09 06:10:00+00:00,25877.2018828125,25868.80078125,25824.900390625,25867.099609375,0,25850,25850.44623657376,25841.37320134198,200939
2025-12-09 06:15:00+00:00,25871.48930859375,25833.099609375,25817.80078125,25823.19921875,0,25800,25840.24736084084,25838.682752346107,185732
2025-12-09 06:20:00+00:00,25887.77180859375,25837.150390625,25819.19921875,25819.19921875,0,25850,25838.86477701889,25838.35985947472,431828
2025-12-09 06:25:00+00:00,25913.0233828125,25867.94921875,25835.30078125,25835.30078125,0,25850,25846.34344509593,25841.22747469663,463564
2025-12-09 06:30:00+00:00,25926.09830859375,25875.25,25855.400390625,25860.849609375,0,25850,25855.67883318896,25845.367741531423,236262
2025-12-09 06:35:00+00:00,25942.63130859375,25899.69921875,25873.099609375,25873.55078125,0,25900,25867.402425250973,25851.05297501187,163260
2025-12-09 06:40:00+00:00,25944.8368828125,25895.94921875,25883.400390625,25890.55078125,0,25900,25875.95187725065,25856.302700791635,298813
2025-12-09 06:45:00+00:00,25940.17719140625,25896.150390625,25887.44921875,25892.150390625,0,25900,25880.10138170877,25860.314912020807,252083
2025-12-09 06:50:00+00:00,25973.24319140625,25921.400390625,25886.650390625,25888.150390625,0,25900,25893.867718014186,25867.95059684633,222503
2025-12-09 06:55:00+00:00,25957.3618828125,25923.150390625,25901.349609375,25921.55078125,0,25900,25897.762072426125,25872.65061989679,373835
2025-12-09 07:00:00+00:00,25947.89180859375,25911.19921875,25892.69921875,25904.5,0,25900,25897.207918075757,25875.58174358157,348360
2025-12-09 07:05:00+00:00,25924.9965,25900.55078125,25869.94921875,25895.25,0,25850,25889.22194538384,25875.29027563387,251978
2025-12-09 07:10:00+00:00,25936.5195,25888.69921875,25872.69921875,25872.900390625,0,25900,25887.731296922564,25876.47274117964,439226
2025-12-09 07:15:00+00:00,25940.17719140625,25891.44921875,25875.94921875,25883.44921875,0,25900,25887.954328156717,25877.96369736031,126642
2025-12-09 07:20:00+00:00,25931.3098828125,25889.849609375,25871.650390625,25888.150390625,0,25900,25885.15314585448,25878.16208284652,232959
2025-12-09 07:25:00+00:00,25916.6791171875,25881.0,25852.0,25878.5,0,25850,25878.41850348632,25876.510474834457,279047
2025-12-09 07:30:00+00:00,25929.5055,25877.75,25855.5,25863.849609375,0,25900,25878.195668990884,25876.66541548015,452188
2025-12-09 07:35:00+00:00,25933.61330859375,25889.0,25874.44921875,25876.849609375,0,25900,25879.413649118924,25877.313439717007,115190
2025-12-09 07:40:00+00:00,25927.9516171875,25883.19921875,25867.5,25880.44921875,0,25900,25878.342172329285,25877.174162096133,467937
2025-12-09 07:45:00+00:00,25929.10430859375,25883.80078125,25870.599609375,25875.55078125,0,25900,25878.01131801119,25877.19609300599,364808
2025-12-09 07:50:00+00:00,25931.7091171875,25886.099609375,25864.349609375,25877.0,0,25900,25878.657284924127,25877.54023372399,226795
2025-12-09 07:55:00+00:00,25941.12830859375,25890.44921875,25877.599609375,25878.849609375,0,25900,25882.221393074426,25879.01640568037,135319
2025-12-09 08:00:00+00:00,25949.39480859375,25903.55078125,25876.900390625,25889.099609375,0,25900,25887.34746517462,25881.3393061422,299729
2025-12-09 08:05:00+00:00,25954.1053828125,25902.30078125,25874.44921875,25896.55078125,0,25900,25892.33190386641,25883.959490530677,391180
2025-12-09 08:10:00+00:00,25942.281,25907.400390625,25889.150390625,25898.80078125,0,25900,25891.72126924428,25884.77705421434,283345
2025-12-09 08:15:00+00:00,25946.43969140625,25895.650390625,25886.94921875,25889.849609375,0,25900,25892.697643037853,25886.011221265675,348168
2025-12-09 08:20:00+00:00,25946.289,25896.650390625,25879.55078125,25894.19921875,0,25900,25893.298428691905,25887.072318607465,330371
2025-12-09 08:25:00+00:00,25950.7471171875,25901.849609375,25891.349609375,25893.30078125,0,25900,25895.182025377937,25888.55693112528,133612
2025-12-09 08:30:00+00:00,25930.35680859375,25903.5,25877.25,25896.849609375,0,25900,25889.65455337696,25887.31226590649,123199
2025-12-09 08:35:00+00:00,25943.8348828125,25892.80078125,25866.5,25877.900390625,0,25900,25890.45329600131,25887.904580324437,201708
2025-12-09 08:40:00+00:00,25937.271,25895.650390625,25880.099609375,25890.80078125,0,25900,25888.802197334207,25887.60400778388,387543
2025-12-09 08:45:00+00:00,25910.718,25886.099609375,25851.25,25884.650390625,0,25850,25878.86813155614,25884.028506810897,267187
2025-12-09 08:50:00+00:00,25876.80069140625,25859.849609375,25821.599609375,25858.55078125,0,25850,25860.962217912427,25876.66874228766,343577
2025-12-09 08:55:00+00:00,25872.5911171875,25834.55078125,25816.44921875,25824.55078125,0,25800,25847.624551524957,25869.70380184545,467531
2025-12-09 09:00:00+00:00,25871.23880859375,25823.25,25808.849609375,25820.80078125,0,25800,25838.28290414164,25863.440777786644,432699
2025-12-09 09:05:00+00:00,25878.6031171875,25827.5,25801.599609375,25817.900390625,0,25850,25834.505009011096,25858.87933290706,217733
2025-12-09 09:10:00+00:00,25878.1021171875,25845.349609375,25824.0,25825.849609375,0,25850,25831.81974559073,25854.82556863743,323417
2025-12-09 09:15:00+00:00,25872.3406171875,25829.400390625,25816.75,25826.0,0,25800,25828.112903310488,25850.5597749015,128918
2025-12-09 09:20:00+00:00,25866.98030859375,25828.55078125,25813.44921875,25820.5,0,25800,25823.85847199866,25846.15850421069,484827
2025-12-09 09:25:00+00:00,25884.06519140625,25837.80078125,25811.55078125,25813.650390625,0,25850,25826.70577820744,25844.43874001248,375109
2025-12-09 09:30:00+00:00,25893.28280859375,25855.599609375,25831.44921875,25831.44921875,0,25850,25831.670388596627,25844.083848682792,491302
2025-12-09 09:35:00+00:00,25886.9205,25851.849609375,25834.0,25840.05078125,0,25850,25832.863592397756,25842.979617597444,226890
2025-12-09 09:40:00+00:00,25889.32569140625,25848.80078125,25824.44921875,25833.25,0,25850,25834.45919180684,25842.31346422589,261046
2025-12-09 09:45:00+00:00,25888.7248828125,25841.150390625,25833.650390625,25835.349609375,0,25850,25835.32305495456,25841.655628853903,105314
2025-12-09 09:50:00+00:00,25887.77180859375,25843.25,25832.099609375,25836.0,0,25850,25835.581906428044,25840.96112641904,478462
2025-12-09 09:55:00+00:00,25890.6271171875,25847.69921875,25831.80078125,25835.94921875,0,25850,25836.704343868696,25840.709637960408,317555
2025-12-10 03:45:00+00:00,25932.3118828125,25893.150390625,25833.80078125,25863.900390625,0,25900,25851.3198229958,25845.68978087161,266208
2025-12-10 03:50:00+00:00,25907.36169140625,25881.94921875,25846.75,25880.400390625,0,25850,25852.763345538868,25846.93485709078,408717
2025-12-10 03:55:00+00:00,25939.17519140625,25887.900390625,25840.55078125,25855.349609375,0,25900,25864.309027234245,25851.993048782555,133547
2025-12-10 04:00:00+00:00,25953.7531171875,25905.099609375,25886.44921875,25888.05078125,0,25900,25876.855757739497,25858.237570028487,304037
2025-12-10 04:05:00+00:00,25960.317,25913.19921875,25901.0,25902.599609375,0,25900,25887.403838493003,25864.520373774925,435122
2025-12-10 04:10:00+00:00,25957.5615,25916.849609375,25895.150390625,25909.099609375,0,25900,25893.519225662003,25869.67407705306,254867
2025-12-10 04:15:00+00:00,25942.281,25920.0,25890.0,25906.099609375,0,25900,25892.512817108007,25872.277317421427,433783
2025-12-10 04:20:00+00:00,25943.68419140625,25898.94921875,25885.94921875,25890.05078125,0,25900,25892.30867494701,25874.730201571874,400014
2025-12-10 04:25:00+00:00,25929.90669140625,25893.69921875,25876.650390625,25891.900390625,0,25900,25887.589246839678,25875.157725203517,349952
2025-12-10 04:30:00+00:00,25954.15430859375,25909.0,25878.05078125,25878.25,0,25900,25892.509367684783,25878.556710724948,401259
2025-12-10 04:35:00+00:00,25966.0276171875,25919.75,25900.349609375,25902.650390625,0,25900,25899.739318039858,25883.01202422808,174623
2025-12-10 04:40:00+00:00,25971.68930859375,25922.25,25912.69921875,25913.80078125,0,25900,25906.442748484907,25887.616722371444,116276
2025-12-10 04:45:00+00:00,25980.5566171875,25933.150390625,25916.900390625,25920.80078125,0,25950,25913.861571906607,25892.752034418765,425188
2025-12-10 04:50:00+00:00,25985.21630859375,25938.19921875,25928.19921875,25929.19921875,0,25950,25920.35758439607,25897.826731288296,105547
2025-12-10 04:55:00+00:00,25970.73819140625,25947.650390625,25917.94921875,25934.44921875,0,25900,25919.871853139048,25900.460938705382,372246
2025-12-10 05:00:00+00:00,25981.4098828125,25935.099609375,25919.25,25919.25,0,25950,25923.098162509366,25904.097169023466,202155
2025-12-10 05:05:00+00:00,25969.73619140625,25938.80078125,25916.44921875,25929.25,0,25900,25921.365571881244,25905.822571723653,351370
2025-12-10 05:10:00+00:00,25973.2921171875,25923.19921875,25907.25,25918.650390625,0,25900,25921.39345417083,25907.775902601945,156807
2025-12-10 05:15:00+00:00,25942.7311171875,25923.349609375,25889.0,25922.19921875,0,25900,25911.24537569722,25905.67256712045,271489
2025-12-10 05:20:00+00:00,25911.11919140625,25891.69921875,25856.650390625,25890.44921875,0,25850,25893.96371400648,25899.88854505852,274949
2025-12-10 05:25:00+00:00,25886.9713828125,25865.94921875,25834.25,25859.80078125,0,25850,25874.40940308765,25891.815074582453,113687
2025-12-10 05:30:00+00:00,25904.6551171875,25853.400390625,25822.69921875,25837.099609375,0,25850,25867.25600830844,25886.956842603395,407983
2025-12-10 05:35:00+00:00,25917.1801171875,25867.400390625,25851.75,25851.80078125,0,25850,25866.65374512229,25884.26838962172,334891
2025-12-10 05:40:00+00:00,25926.39969140625,25875.5,25860.150390625,25864.75,0,25850,25869.3192936232,25883.06613974713,356229
2025-12-10 05:45:00+00:00,25921.2898828125,25880.80078125,25868.44921875,25876.05078125,0,25850,25869.39645616547,25881.37671993499,138547
2025-12-10 05:50:00+00:00,25911.81980859375,25876.900390625,25859.0,25870.05078125,0,25850,25866.297507235315,25878.71708111499,339800
2025-12-10 05:55:00+00:00,25903.9545,25868.25,25851.80078125,25861.19921875,0,25850,25861.615004823543,25875.408695975617,307164
2025-12-10 06:00:00+00:00,25891.68,25854.80078125,25839.150390625,25852.19921875,0,25850,25854.410003215697,25870.982608978666,148923
2025-12-10 06:05:00+00:00,25893.78380859375,25851.650390625,25831.69921875,25839.75,0,25850,25850.306538602134,25867.372234028207,495246
2025-12-10 06:10:00+00:00,25890.9285,25852.5,25838.0,25841.849609375,0,25850,25846.62102573476,25863.85695477468,331009
2025-12-10 06:15:00+00:00,25887.9733828125,25840.25,25829.599609375,25840.25,0,25850,25843.18094423984,25860.412433084097,451989
2025-12-10 06:20:00+00:00,25879.75580859375,25836.650390625,25823.05078125,25836.599609375,0,25850,25838.153832618227,25856.37333012046,366362
2025-12-10 06:25:00+00:00,25886.67,25841.05078125,25827.55078125,25827.94921875,0,25850,25837.102555078814,25853.7016638554,458609
2025-12-10 06:30:00+00:00,25889.32569140625,25839.44921875,25817.349609375,25834.650390625,0,25850,25837.285166927548,25851.6952547016,218935
2025-12-10 06:35:00+00:00,25886.2198828125,25859.94921875,25834.30078125,25838.599609375,0,25850,25836.373705035032,25849.55219552015,293853
2025-12-10 06:40:00+00:00,25882.31169140625,25836.900390625,25823.599609375,25834.349609375,0,25850,25834.465933565025,25847.18946990826,168004
2025-12-10 06:45:00+00:00,25884.9673828125,25835.599609375,25819.80078125,25830.69921875,0,25850,25834.077549460017,25845.453383825978,279998
2025-12-10 06:50:00+00:00,25877.9533828125,25839.349609375,25825.69921875,25833.44921875,0,25850,25831.48529339001,25843.05930850398,120264
2025-12-10 06:55:00+00:00,25866.78069140625,25827.400390625,25814.599609375,25827.0,0,25800,25826.040325801678,25839.570693769107,151548
2025-12-10 07:00:00+00:00,25843.2826171875,25817.099609375,25790.900390625,25814.650390625,0,25800,25814.593290117788,25833.58675939172,428054
2025-12-10 07:05:00+00:00,25826.2486171875,25793.80078125,25769.5,25791.30078125,0,25750,25801.29526632853,25826.225816811504,417319
2025-12-10 07:10:00+00:00,25823.0938828125,25781.75,25768.05078125,25774.650390625,0,25750,25791.38043796902,25819.39143736632,217326
2025-12-10 07:15:00+00:00,25835.6188828125,25788.44921875,25768.900390625,25772.55078125,0,25800,25788.93721906268,25814.97385535178,310253
2025-12-10 07:20:00+00:00,25840.2766171875,25796.900390625,25781.0,25784.5,0,25800,25788.85788562513,25811.68952577656,260953
2025-12-10 07:25:00+00:00,25844.7856171875,25798.150390625,25785.80078125,25789.400390625,0,25800,25790.304996666757,25809.37823739824,217687
2025-12-10 07:30:00+00:00,25844.98719140625,25799.349609375,25789.75,25793.400390625,0,25800,25791.33679465284,25807.381006551583,349817
2025-12-10 07:35:00+00:00,25852.50219140625,25803.30078125,25788.05078125,25794.150390625,0,25800,25794.52465997689,25806.570929560763,158663
2025-12-10 07:40:00+00:00,25853.45330859375,25810.75,25798.25,25801.150390625,0,25800,25796.966309776264,25805.980764537544,291180
2025-12-10 07:45:00+00:00,25878.6031171875,25828.30078125,25801.349609375,25802.30078125,0,25850,25806.960612767514,25808.6018213141,412983
2025-12-10 07:50:00+00:00,25881.3586171875,25832.0,25820.19921875,25827.400390625,0,25850,25814.54014809501,25811.238995993583,262641
2025-12-10 07:55:00+00:00,25887.9733828125,25839.099609375,25819.400390625,25829.900390625,0,25850,25821.79369248001,25814.37171915064,355948
2025-12-10 08:00:00+00:00,25886.01830859375,25838.150390625,25825.900390625,25836.599609375,0,25850,25825.97899811168,25816.868955428683,271550
2025-12-10 08:05:00+00:00,25882.4115,25850.19921875,25829.650390625,25834.349609375,0,25850,25827.56933207445,25818.604086000098,453347
2025-12-10 08:10:00+00:00,25876.7008828125,25840.94921875,25824.099609375,25831.400390625,0,25850,25826.72981513297,25819.409922906336,411626
2025-12-10 08:15:00+00:00,25869.8865,25829.400390625,25815.69921875,25825.349609375,0,25800,25823.90321008865,25819.264932543043,447151
2025-12-10 08:20:00+00:00,25867.632,25820.94921875,25804.25,25818.25,0,25800,25821.26880672577,25818.856815975163,303990
2025-12-10 08:25:00+00:00,25846.7896171875,25817.150390625,25793.80078125,25817.150390625,0,25800,25812.57894406718,25815.899616322014,487114
2025-12-10 08:30:00+00:00,25815.62780859375,25798.94921875,25762.150390625,25796.849609375,0,25750,25796.41916583645,25809.42461545364,447205
2025-12-10 08:35:00+00:00,25813.67469140625,25769.94921875,25750.55078125,25765.19921875,0,25750,25784.99624076597,25803.51533735006,425096
2025-12-10 08:40:00+00:00,25810.017,25772.400390625,25754.650390625,25762.05078125,0,25750,25776.16416051065,25797.888420181305,116100
2025-12-10 08:45:00+00:00,25806.51,25768.5,25754.0,25758.44921875,0,25750,25769.109440340435,25792.527367658644,110230
2025-12-10 08:50:00+00:00,25800.39819140625,25757.94921875,25740.69921875,25755.900390625,0,25750,25762.37309043529,25787.07399552944,314126
2025-12-10 08:55:00+00:00,25790.5288828125,25751.05078125,25734.900390625,25748.349609375,0,25750,25754.59898737353,25781.071093744507,356597
2025-12-10 09:00:00+00:00,25838.42330859375,25787.30078125,25739.30078125,25739.55078125,0,25800,25765.34919470736,25781.79340819832,449053
2025-12-10 09:05:00+00:00,25814.92719140625,25788.69921875,25746.69921875,25787.44921875,0,25750,25764.699593346573,25779.49428100165,408952
2025-12-10 09:10:00+00:00,25802.5528828125,25763.150390625,25747.05078125,25762.650390625,0,25750,25760.149989314385,25775.9388435327,269807
2025-12-10 09:15:00+00:00,25811.9701171875,25764.80078125,25751.5,25752.5,0,25750,25760.249732459597,25774.00264043486,308186
2025-12-10 09:20:00+00:00,25798.7953828125,25767.05078125,25745.849609375,25762.650390625,0,25750,25755.933415389733,25770.664908036757,292635
2025-12-10 09:25:00+00:00,25810.4671171875,25760.900390625,25739.400390625,25746.900390625,0,25750,25756.93868317649,25769.200446875908,436608
2025-12-10 09:30:00+00:00,25813.67469140625,25776.900390625,25751.19921875,25759.30078125,0,25750,25758.67591899266,25768.319189844544,450489
2025-12-10 09:35:00+00:00,25809.16569140625,25769.900390625,25751.849609375,25762.650390625,0,25750,25758.33407620344,25766.9855899421,168641
2025-12-10 09:40:00+00:00,25811.61980859375,25764.30078125,25754.30078125,25759.400390625,0,25750,25758.922587260637,25766.124842371213,366883
2025-12-10 09:45:00+00:00,25807.7116171875,25767.400390625,25751.05078125,25761.400390625,0,25750,25758.01479775709,25764.88413941856,131814
2025-12-10 09:50:00+00:00,25802.60180859375,25759.55078125,25746.80078125,25757.099609375,0,25750,25755.709734963064,25763.161073163115,375271
2025-12-10 09:55:00+00:00,25794.13569140625,25758.30078125,25742.650390625,25750.400390625,0,25750,25751.35662018371,25760.59723784585,411182
2025-12-11 03:45:00+00:00,25808.61380859375,25794.650390625,25727.900390625,25777.44921875,0,25750,25753.270949914146,25760.160034286997,377437
2025-12-11 03:50:00+00:00,25826.14880859375,25796.30078125,25755.44921875,25755.94921875,0,25750,25760.380503067765,25761.964981172998,492327
2025-12-11 03:55:00+00:00,25849.8465,25802.849609375,25765.099609375,25774.900390625,0,25800,25773.003668711848,25766.50060852637,195391
2025-12-11 04:00:00+00:00,25840.077,25802.75,25774.30078125,25801.349609375,0,25800,25778.16911247457,25769.250532460574,285481
2025-12-11 04:05:00+00:00,25772.8921171875,25787.80078125,25719.349609375,25787.30078125,0,25700,25759.26248123305,25763.275368246752,342837
2025-12-11 04:10:00+00:00,25763.6745,25726.69921875,25693.30078125,25719.55078125,0,25700,25743.59165415537,25756.89719721591,247094
2025-12-11 04:15:00+00:00,25789.2763828125,25739.69921875,25695.44921875,25711.44921875,0,25750,25741.661363186915,25754.51014522017,170449
2025-12-11 04:20:00+00:00,25779.2055,25737.099609375,25713.05078125,25737.099609375,0,25750,25737.02424212461,25751.16512706765,406946
2025-12-11 04:25:00+00:00,25765.428,25734.44921875,25706.349609375,25728.19921875,0,25700,25729.349494749746,25746.519486184192,122288
2025-12-11 04:30:00+00:00,25790.478,25741.69921875,25712.349609375,25713.400390625,0,25750,25732.566329833164,25745.579550411167,158643
2025-12-11 04:35:00+00:00,25823.0938828125,25774.099609375,25733.400390625,25738.44921875,0,25750,25745.56114697211,25748.82595426602,392752
2025-12-11 04:40:00+00:00,25859.1658828125,25807.55078125,25759.400390625,25770.30078125,0,25800,25766.224358398074,25756.16655763902,426527
2025-12-11 04:45:00+00:00,25864.6768828125,25821.599609375,25804.30078125,25805.5,0,25800,25781.833166015385,25763.27708559039,487242
2025-12-11 04:50:00+00:00,25860.71780859375,25818.19921875,25788.55078125,25812.400390625,0,25800,25790.921980468596,25769.00490106347,431065
2025-12-11 04:55:00+00:00,25860.26769140625,25818.099609375,25803.44921875,25807.80078125,0,25800,25796.83145052073,25773.96058725866,306907
2025-12-11 05:00:00+00:00,25882.4623828125,25838.44921875,25802.69921875,25811.099609375,0,25850,25808.15456076382,25781.06561150758,343194
2025-12-11 05:05:00+00:00,25881.810691406252,25837.099609375,25822.94921875,25831.75,0,25850,25815.48650405088,25787.20120889726,241613
2025-12-11 05:10:00+00:00,25877.00030859375,25841.099609375,25824.30078125,25830.25,0,25850,25818.77420582559,25791.969758956977,120478
2025-12-11 05:15:00+00:00,25884.4663828125,25842.650390625,25824.849609375,25826.5,0,25850,25823.449730967062,25797.073636743604,240730
2025-12-11 05:20:00+00:00,25873.24280859375,25844.44921875,25821.599609375,25832.5,0,25800,25822.83302376971,25800.13938332253,247685
2025-12-11 05:25:00+00:00,25845.93830859375,25822.69921875,25794.349609375,25822.0,0,25800,25813.338552304805,25799.41566157909,437659
2025-12-11 05:30:00+00:00,25816.8313828125,25801.44921875,25764.650390625,25794.44921875,0,25750,25797.325961953207,25795.151301537957,150995
2025-12-11 05:35:00+00:00,25828.90430859375,25788.0,25764.5,25765.599609375,0,25800,25790.66717776047,25792.926090017583,280361
2025-12-11 05:40:00+00:00,25849.0441171875,25803.099609375,25778.099609375,25778.25,0,25800,25792.92785809032,25793.491481109137,232230
2025-12-11 05:45:00+00:00,25864.8765,25814.0,25789.900390625,25797.5,0,25800,25799.701905393544,25795.961295970494,246122
2025-12-11 05:50:00+00:00,25870.3366171875,25822.69921875,25813.55078125,25813.55078125,0,25800,25806.03434317903,25798.803536317933,186904
2025-12-11 05:55:00+00:00,25872.29169140625,25828.69921875,25816.349609375,25819.900390625,0,25800,25810.906358994354,25801.53439310632,365219
2025-12-11 06:00:00+00:00,25875.1978828125,25836.94921875,25820.599609375,25820.599609375,0,25800,25815.121166412908,25804.28644162428,434209
2025-12-11 06:05:00+00:00,25882.4115,25832.900390625,25813.30078125,25823.849609375,0,25850,25820.330777608608,25807.59438642124,236370
2025-12-11 06:10:00+00:00,25885.3666171875,25836.400390625,25822.849609375,25830.25,0,25850,25824.78692465574,25810.85749046234,179831
2025-12-11 06:15:00+00:00,25884.9165,25839.400390625,25819.44921875,25833.599609375,0,25850,25827.60794977049,25813.656554154542,395940
2025-12-11 06:20:00+00:00,25889.676,25845.849609375,25824.05078125,25834.099609375,0,25850,25831.071966513664,25816.699484885223,202670
2025-12-11 06:25:00+00:00,25898.59419140625,25851.5,25836.0,25838.05078125,0,25850,25836.348107884118,25820.474598102697,335785
2025-12-11 06:30:00+00:00,25933.4626171875,25882.80078125,25846.94921875,25847.150390625,0,25900,25851.46514483941,25828.12767568361,390743
2025-12-11 06:35:00+00:00,25933.91469140625,25889.80078125,25868.849609375,25882.599609375,0,25900,25861.69356010128,25834.88051505128,379374
2025-12-11 06:40:00+00:00,25928.35280859375,25885.80078125,25875.44921875,25882.099609375,0,25900,25866.662243192524,25840.095401841747,179473
2025-12-11 06:45:00+00:00,25935.91869140625,25885.69921875,25869.0,25878.599609375,0,25900,25872.491625670016,25845.60227543965,164780
2025-12-11 06:50:00+00:00,25938.5235,25895.5,25880.0,25883.0,0,25900,25877.244417113347,25850.745741009698,241352
2025-12-11 06:55:00+00:00,25959.1153828125,25918.099609375,25882.150390625,25885.599609375,0,25900,25887.2632051589,25857.815121039734,456349
2025-12-11 07:00:00+00:00,25947.9916171875,25913.30078125,25894.80078125,25906.900390625,0,25900,25890.241876355936,25862.613133253515,135016
2025-12-11 07:05:00+00:00,25937.3218828125,25900.55078125,25884.94921875,25896.94921875,0,25900,25888.67817798729,25865.480339253078,478220
2025-12-11 07:10:00+00:00,25951.64930859375,25902.150390625,25881.400390625,25885.849609375,0,25900,25892.401988449863,25869.776498018316,455837
2025-12-11 07:15:00+00:00,25946.5903828125,25903.400390625,25891.55078125,25900.55078125,0,25900,25893.20158604991,25872.90453342228,244425
2025-12-11 07:20:00+00:00,25944.18519140625,25897.94921875,25881.80078125,25893.80078125,0,25900,25892.934520908275,25875.341515572614,379438
2025-12-11 07:25:00+00:00,25930.758,25895.94921875,25877.150390625,25895.80078125,0,25900,25888.28968060552,25875.79882612604,119314
2025-12-11 07:30:00+00:00,25919.0353828125,25887.400390625,25865.80078125,25879.05078125,0,25850,25881.29338082035,25874.736570516536,407256
2025-12-11 07:35:00+00:00,25902.10119140625,25873.849609375,25848.94921875,25867.44921875,0,25850,25870.9957174219,25871.694548030093,279114
2025-12-11 07:40:00+00:00,25906.86069140625,25861.75,25840.80078125,25849.849609375,0,25850,25865.71394182293,25869.626528354456,225357
2025-12-11 07:45:00+00:00,25915.7788828125,25870.349609375,25852.69921875,25854.05078125,0,25850,25865.15955496529,25868.9295599664,340426
2025-12-11 07:50:00+00:00,25912.12119140625,25869.19921875,25854.05078125,25864.19921875,0,25850,25863.573166851864,25867.863413798725,312054
2025-12-11 07:55:00+00:00,25914.225,25866.400390625,25850.55078125,25862.099609375,0,25850,25863.21544456791,25867.19298707388,359051
2025-12-11 08:00:00+00:00,25930.60730859375,25882.0,25860.0,25860.0,0,25900,25868.426832836944,25868.65006486152,331719
2025-12-11 08:05:00+00:00,25934.766,25887.849609375,25875.05078125,25879.5,0,25900,25873.28455522463,25870.443806753832,424079
2025-12-11 08:10:00+00:00,25925.5483828125,25889.80078125,25873.25,25882.55078125,0,25850,25873.45663056642,25870.86342856585,259778
2025-12-11 08:15:00+00:00,25944.3358828125,25894.5,25868.94921875,25874.0,0,25900,25879.82134746095,25873.57434765137,179973
2025-12-11 08:20:00+00:00,25942.68219140625,25893.599609375,25879.900390625,25892.69921875,0,25900,25883.514361848967,25875.74010302308,181050
2025-12-11 08:25:00+00:00,25942.0813828125,25901.849609375,25888.55078125,25891.69921875,0,25900,25885.776501649318,25877.56018780144,176196
2025-12-11 08:30:00+00:00,25921.38969140625,25890.75,25869.599609375,25890.650390625,0,25850,25880.40113130788,25876.57146315439,399389
2025-12-11 08:35:00+00:00,25924.14519140625,25876.44921875,25860.650390625,25870.30078125,0,25850,25877.73421774692,25876.05007908821,158511
2025-12-11 08:40:00+00:00,25917.9316171875,25881.900390625,25860.599609375,25873.150390625,0,25850,25873.88921808128,25874.818721545937,398048
2025-12-11 08:45:00+00:00,25931.2081171875,25880.400390625,25863.25,25863.25,0,25900,25875.74255163752,25875.397533696443,408786
2025-12-11 08:50:00+00:00,25937.87180859375,25897.900390625,25879.349609375,25880.25,0,25900,25879.19490421668,25876.735293156264,391560
2025-12-11 08:55:00+00:00,25968.333,25918.05078125,25883.400390625,25886.69921875,0,25900,25891.62993614445,25881.70588151173,348974
2025-12-11 09:00:00+00:00,25962.72219140625,25921.75,25904.69921875,25917.099609375,0,25900,25898.053420971304,25885.35519515089,272288
2025-12-11 09:05:00+00:00,25952.5006171875,25914.900390625,25899.900390625,25911.05078125,0,25900,25898.935353564204,25887.27319810078,291251
2025-12-11 09:10:00+00:00,25932.3118828125,25904.94921875,25878.900390625,25900.55078125,0,25900,25892.807162792808,25886.432895994432,153286
2025-12-11 09:15:00+00:00,25907.0113828125,25885.55078125,25855.30078125,25881.099609375,0,25850,25880.305035611877,25882.54138165138,132670
2025-12-11 09:20:00+00:00,25918.9845,25877.69921875,25848.25,25854.69921875,0,25850,25875.953357074584,25880.629958944955,444002
2025-12-11 09:25:00+00:00,25925.9985,25879.150390625,25864.80078125,25867.349609375,0,25850,25875.38557138306,25879.83246407684,106425
2025-12-11 09:30:00+00:00,25951.39880859375,25899.75,25874.75,25874.75,0,25900,25883.456917380376,25882.303357239107,420248
2025-12-11 09:35:00+00:00,25957.8628828125,25907.80078125,25899.80078125,25900.05078125,0,25900,25890.98820533692,25885.271785240468,252224
2025-12-11 09:40:00+00:00,25947.2401171875,25907.30078125,25894.099609375,25906.400390625,0,25900,25892.47520980795,25886.54396442916,493946
2025-12-11 09:45:00+00:00,25953.45369140625,25903.400390625,25892.55078125,25895.099609375,0,25900,25895.533603413634,25888.43226770364,107439
2025-12-11 09:50:00+00:00,25951.70019140625,25902.69921875,25895.94921875,25901.5,0,25900,25896.98919915076,25889.86578306881,265174
2025-12-11 09:55:00+00:00,25950.19719140625,25901.44921875,25891.05078125,25899.55078125,0,25900,25897.45959630884,25890.932609013333,447712
2025-12-12 03:45:00+00:00,26053.40319140625,26002.80078125,25964.900390625,25971.19921875,0,26000,25932.106527747565,25904.74108171479,320453
2025-12-12 03:50:00+00:00,26044.1836171875,26012.900390625,25991.19921875,26002.55078125,0,26000,25952.13742474838,25915.67334884419,183234
2025-12-12 03:55:00+00:00,26062.17069140625,26010.900390625,25978.05078125,25992.30078125,0,26000,25971.47508004059,25927.48297906679,320430
2025-12-12 04:00:00+00:00,26083.2616171875,26036.69921875,26009.30078125,26009.30078125,0,26050,25991.383126277065,25940.44750902719,283610
2025-12-12 04:05:00+00:00,26084.7646171875,26038.150390625,26021.650390625,26030.349609375,0,26050,26005.155157101377,25951.97897274254,133680
2025-12-12 04:10:00+00:00,26075.94819140625,26035.75,26021.44921875,26033.400390625,0,26000,26011.40356827592,25960.96914997785,366299
2025-12-12 04:15:00+00:00,26067.2296171875,26027.25,26008.5,26024.849609375,0,26000,26012.668785100614,25967.74790857437,310040
2025-12-12 04:20:00+00:00,26065.4761171875,26020.05078125,26010.400390625,26015.599609375,0,26000,26012.92892965041,25973.460572346325,124906
2025-12-12 04:25:00+00:00,26059.5658828125,26020.900390625,26001.599609375,26013.599609375,0,26000,26011.136213516944,25977.721848459285,202158
2025-12-12 04:30:00+00:00,26053.503,26011.30078125,25996.30078125,26006.5,0,26000,26007.92414234463,25980.69411740188,230871
2025-12-12 04:35:00+00:00,26032.61169140625,26002.05078125,25968.599609375,26001.650390625,0,26000,25998.83289177142,25980.688651554767,181099
2025-12-12 04:40:00+00:00,26040.477,25989.25,25969.599609375,25980.099609375,0,26000,25995.388594514283,25981.665070110423,294680
2025-12-12 04:45:00+00:00,26055.3073828125,26008.25,25989.05078125,25989.150390625,0,26000,25998.025990092858,25984.36953400287,216543
2025-12-12 04:50:00+00:00,26010.81819140625,26008.19921875,25957.94921875,26003.400390625,0,25950,25984.98412360357,25981.18589108064,244871
2025-12-12 04:55:00+00:00,26012.57169140625,25966.5,25939.05078125,25959.19921875,0,25950,25976.872879277384,25978.61895352368,443911
2025-12-12 05:00:00+00:00,26034.36519140625,25983.400390625,25957.650390625,25960.30078125,0,26000,25978.715383059924,25979.091633161344,324380
2025-12-12 05:05:00+00:00,26020.8871171875,25983.44921875,25965.650390625,25980.94921875,0,25950,25975.459994956615,25977.823831359925,282181
2025-12-12 05:10:00+00:00,26013.1216171875,25969.25,25955.900390625,25968.849609375,0,25950,25970.70640288775,25975.74575478369,392345
2025-12-12 05:15:00+00:00,26005.25630859375,25974.94921875,25951.349609375,25960.849609375,0,25950,25964.92080505017,25972.9462366076,287605
2025-12-12 05:20:00+00:00,26014.9768828125,25969.599609375,25949.75,25953.80078125,0,25950,25964.29746378345,25971.7093046879,251034
2025-12-12 05:25:00+00:00,26006.81019140625,25973.349609375,25949.150390625,25962.69921875,0,25950,25961.16510606397,25969.60819043004,491940
2025-12-12 05:30:00+00:00,26032.81130859375,25984.75,25953.30078125,25954.900390625,0,26000,25967.72660716765,25971.01336779816,112400
2025-12-12 05:35:00+00:00,26037.9211171875,25986.94921875,25973.849609375,25980.94921875,0,26000,25973.800811028435,25972.88034916714,439447
2025-12-12 05:40:00+00:00,26042.4301171875,26000.25,25985.30078125,25986.099609375,0,26000,25979.35028026896,25975.076457865,415601
2025-12-12 05:45:00+00:00,26044.4341171875,25996.849609375,25989.25,25990.80078125,0,26000,25983.71659309597,25977.24805297562,246282
2025-12-12 05:50:00+00:00,26067.7306171875,26019.349609375,25991.19921875,25992.05078125,0,26000,25994.377468313985,25982.054448697418,460071
2025-12-12 05:55:00+00:00,26064.9751171875,26018.55078125,26005.900390625,26015.650390625,0,26000,26000.56805179266,25985.91629495399,460793
2025-12-12 06:00:00+00:00,26069.13380859375,26020.099609375,26011.650390625,26013.0,0,26000,26006.07857098677,25989.814209256616,373265
2025-12-12 06:05:00+00:00,26060.7166171875,26020.94921875,26007.599609375,26016.19921875,0,26000,26006.952120241185,25992.17483544329,362064
2025-12-12 06:10:00+00:00,26066.87930859375,26017.25,26005.5,26008.099609375,0,26000,26009.58461661913,25995.009182184756,234107
2025-12-12 06:15:00+00:00,26062.87130859375,26021.19921875,26010.150390625,26014.650390625,0,26000,26010.006280871086,25996.989235583533,441797
2025-12-12 06:20:00+00:00,26079.70569140625,26031.30078125,26008.75,26011.099609375,0,26050,26015.88765078906,26000.82187996372,246840
2025-12-12 06:25:00+00:00,26080.90730859375,26033.599609375,26022.55078125,26028.0,0,26050,26020.20830365104,26004.32534614013,132107
2025-12-12 06:30:00+00:00,26074.2945,26037.849609375,26019.349609375,26028.30078125,0,26000,26020.88886910069,26006.565927872613,224644
2025-12-12 06:35:00+00:00,26068.2316171875,26023.05078125,26009.80078125,26021.599609375,0,26000,26019.325652317133,26007.770089232286,246463
2025-12-12 06:40:00+00:00,26065.67769140625,26017.349609375,25998.94921875,26016.099609375,0,26000,26017.43389841976,26008.505126906377,152843
2025-12-12 06:45:00+00:00,26066.12780859375,26018.349609375,26007.55078125,26014.19921875,0,26000,26016.322468738173,26009.204437214958,243457
2025-12-12 06:50:00+00:00,26071.8403828125,26022.0,26013.80078125,26014.599609375,0,26000,26017.48190624212,26010.528980219337,107097
2025-12-12 06:55:00+00:00,26075.69769140625,26029.5,26017.900390625,26020.05078125,0,26000,26019.53806770308,26012.169156520045,151708
2025-12-12 07:00:00+00:00,26085.6178828125,26034.19921875,26019.349609375,26023.05078125,0,26050,26024.208972218723,26014.84185961129,495823
2025-12-12 07:05:00+00:00,26074.2436171875,26037.849609375,26022.19921875,26033.0,0,26000,26023.539054395816,26015.76152950363,381692
2025-12-12 07:10:00+00:00,26068.2316171875,26029.400390625,26015.55078125,26022.150390625,0,26000,26021.09244251388,26015.816240659427,253222
2025-12-12 07:15:00+00:00,26065.3273828125,26022.0,26011.849609375,26016.75,0,26000,26018.49522209259,26015.50180823325,356896
2025-12-12 07:20:00+00:00,26073.94419140625,26023.150390625,26012.650390625,26014.150390625,0,26000,26019.630278270062,26016.30163103222,200983
2025-12-12 07:25:00+00:00,26074.2945,26024.900390625,26019.05078125,26022.099609375,0,26000,26020.503518846708,26017.04517715319,326883
2025-12-12 07:30:00+00:00,26076.44919140625,26031.900390625,26021.05078125,26022.400390625,0,26000,26021.80247610614,26017.964578837167,371454
2025-12-12 07:35:00+00:00,26072.0908828125,26027.19921875,26009.05078125,26025.19921875,0,26000,26021.218577820764,26018.225354138773,430590
2025-12-12 07:40:00+00:00,26086.1188828125,26035.05078125,26019.0,26020.44921875,0,26050,26025.495978963845,26020.20353252768,306114
2025-12-12 07:45:00+00:00,26081.2576171875,26035.80078125,26028.5,26034.69921875,0,26050,26026.730392225894,26021.32799330547,437339
2025-12-12 07:50:00+00:00,26072.8423828125,26031.150390625,26019.05078125,26028.94921875,0,26000,26024.75385523393,26021.262091798537,286274
2025-12-12 07:55:00+00:00,26067.43119140625,26028.349609375,26015.30078125,26021.19921875,0,26000,26021.63603369762,26020.529379151845,199928
2025-12-12 08:00:00+00:00,26067.4801171875,26018.05078125,26008.94921875,26015.099609375,0,26000,26019.573762048414,26019.89435910161,268343
2025-12-12 08:05:00+00:00,26072.04,26023.94921875,26015.44921875,26015.44921875,0,26000,26019.71584136561,26019.907564213918,361982
2025-12-12 08:10:00+00:00,26073.844382812502,26027.69921875,26020.05078125,26020.05078125,0,26000,26020.41082132708,26020.144216343426,479865
2025-12-12 08:15:00+00:00,26082.5101171875,26031.150390625,26018.05078125,26023.099609375,0,26050,26023.75695380139,26021.43234164425,157803
2025-12-12 08:20:00+00:00,26074.89530859375,26033.55078125,26021.19921875,26030.30078125,0,26000,26023.45450565926,26021.609500110597,240179
2025-12-12 08:25:00+00:00,26077.05,26029.44921875,26023.150390625,26023.599609375,0,26000,26023.96967043951,26022.03331259677,178215
2025-12-12 08:30:00+00:00,26095.2856171875,26043.650390625,26024.19921875,26025.80078125,0,26050,26030.379519876344,26024.679050865925,198971
2025-12-12 08:35:00+00:00,26105.70680859375,26054.55078125,26040.94921875,26043.849609375,0,26050,26038.11954970923,26028.29412067956,392918
2025-12-12 08:40:00+00:00,26095.1368828125,26056.25,26041.900390625,26053.849609375,0,26050,26039.76329355616,26030.138703250865,346598
2025-12-12 08:45:00+00:00,26094.084,26045.30078125,26035.80078125,26042.900390625,0,26050,26040.50886237077,26031.62136534451,457741
2025-12-12 08:50:00+00:00,26093.68280859375,26045.5,26039.30078125,26042.55078125,0,26050,26040.87244470552,26032.86864584832,292517
2025-12-12 08:55:00+00:00,26085.7666171875,26042.69921875,26026.94921875,26041.599609375,0,26050,26038.481369387013,26032.97246746103,482291
2025-12-12 09:00:00+00:00,26089.72569140625,26039.5,26029.150390625,26034.099609375,0,26050,26038.204376466343,26033.557207856527,128458
2025-12-12 09:05:00+00:00,26074.4941171875,26039.400390625,26018.69921875,26037.349609375,0,26000,26032.952657227564,26032.16870921821,227254
2025-12-12 09:10:00+00:00,26080.15580859375,26030.0,26021.349609375,26022.94921875,0,26050,26031.334974610047,26031.66007173781,468182
2025-12-12 09:15:00+00:00,26072.541,26028.599609375,26015.80078125,26026.94921875,0,26000,26027.7233164067,26030.265062770584,171933
2025-12-12 09:20:00+00:00,26075.046,26025.150390625,26017.44921875,26020.400390625,0,26000,26026.148877604468,26029.356929924263,256289
2025-12-12 09:25:00+00:00,26080.557,26031.19921875,26022.44921875,26022.69921875,0,26050,26026.932585069648,26029.24981368373,144976
2025-12-12 09:30:00+00:00,26093.8843828125,26050.19921875,26026.94921875,26026.94921875,0,26050,26031.8886504631,26030.818684629518,157352
2025-12-12 09:35:00+00:00,26104.104,26053.099609375,26040.69921875,26041.150390625,0,26050,26038.59243364207,26033.466349050825,257507
2025-12-12 09:40:00+00:00,26106.20780859375,26057.400390625,26050.5,26051.80078125,0,26050,26043.76149221972,26036.04550659135,296207
2025-12-12 09:45:00+00:00,26098.5421171875,26054.5,26042.80078125,26053.94921875,0,26050,26044.657401063145,26037.34597061118,495916
2025-12-12 09:50:00+00:00,26102.5501171875,26052.900390625,26039.849609375,26045.849609375,0,26050,26046.58800695877,26038.98387662853,193451
2025-12-12 09:55:00+00:00,26089.22469140625,26053.400390625,26037.150390625,26050.55078125,0,26050,26043.44213484751,26038.75469087809,445296
2025-12-15 03:45:00+00:00,26005.2073828125,26004.0,25949.5,25957.25,0,25950,26013.395016981674,26028.072952174574,246244
2025-12-15 03:50:00+00:00,25978.3021171875,25954.75,25924.099609375,25952.30078125,0,25950,25984.413084237785,26015.369985496505,422857
2025-12-15 03:55:00+00:00,25970.43680859375,25938.80078125,25913.80078125,25928.05078125,0,25900,25962.475259283525,26003.27368848132,128877
2025-12-15 04:00:00+00:00,25966.5795,25930.75,25910.30078125,25918.75,0,25900,25946.56683952235,25992.208227421157,165251
2025-12-15 04:05:00+00:00,25980.00669140625,25936.55078125,25912.900390625,25914.44921875,0,25950,25940.42802322324,25984.200997821637,369549
2025-12-15 04:10:00+00:00,25968.98469140625,25936.900390625,25912.25,25926.5,0,25900,25932.66881235716,25975.81967192205,138384
2025-12-15 04:15:00+00:00,25989.5746171875,25939.650390625,25904.75,25916.80078125,0,25950,25934.345614488106,25971.05461527555,123057
2025-12-15 04:20:00+00:00,25991.02869140625,25946.55078125,25930.5,25937.80078125,0,25950,25935.94720653374,25967.06658719423,262492
2025-12-15 04:25:00+00:00,26003.50280859375,25953.0,25932.849609375,25939.099609375,0,25950,25941.16467414749,25965.133214966827,456032
2025-12-15 04:30:00+00:00,26006.4598828125,25959.05078125,25941.900390625,25951.900390625,0,25950,25945.62670984833,25963.810410752223,492127
2025-12-15 04:35:00+00:00,26001.6495,25960.05078125,25940.75,25953.69921875,0,25950,25947.001139898886,25962.052859408195,213088
2025-12-15 04:40:00+00:00,26013.27230859375,25962.19921875,25937.5,25948.5,0,25950,25951.783963057595,25961.964953154045,298180
2025-12-15 04:45:00+00:00,26021.28830859375,25971.94921875,25959.94921875,25961.349609375,0,25950,25957.63917849673,25962.888035181662,123867
2025-12-15 04:50:00+00:00,26020.1356171875,25972.900390625,25963.650390625,25968.80078125,0,25950,25961.15919191449,25963.551933127703,105571
2025-12-15 04:55:00+00:00,26028.0028828125,25978.099609375,25954.55078125,25967.75,0,26000,25966.12305502633,25965.11428914299,122106
2025-12-15 05:00:00+00:00,26027.30030859375,25981.30078125,25973.150390625,25976.099609375,0,26000,25969.19857314256,25966.39370417199,383079
2025-12-15 05:05:00+00:00,26008.1625,25977.5,25953.05078125,25975.5,0,25950,25964.88238209504,25965.12574115049,204099
2025-12-15 05:10:00+00:00,26020.08669140625,25969.349609375,25946.94921875,25956.849609375,0,25950,25965.971718271696,25965.50382233481,326843
2025-12-15 05:15:00+00:00,26041.57880859375,25992.650390625,25965.94921875,25968.400390625,0,26000,25973.8476819728,25968.51579571483,157083
2025-12-15 05:20:00+00:00,26044.33430859375,25996.0,25984.400390625,25990.0,0,26000,25980.01499110687,25971.49502242235,292111
2025-12-15 05:25:00+00:00,26039.2245,25997.55078125,25986.150390625,25992.69921875,0,26000,25982.42666073792,25973.46439461956,278557
2025-12-15 05:30:00+00:00,26039.82530859375,25993.599609375,25982.30078125,25987.349609375,0,26000,25984.234310283613,25975.262546463982,349642
2025-12-15 05:35:00+00:00,26029.30430859375,25990.05078125,25974.55078125,25989.650390625,0,26000,25981.939409980743,25975.523429327863,107837
2025-12-15 05:40:00+00:00,26032.9111171875,25985.30078125,25976.150390625,25977.69921875,0,26000,25981.609346237165,25976.201653005628,310367
2025-12-15 05:45:00+00:00,26028.35319140625,25982.599609375,25976.19921875,25980.849609375,0,26000,25979.873027699778,25976.22649520805,420754
2025-12-15 05:50:00+00:00,26028.4021171875,25977.349609375,25968.150390625,25976.849609375,0,26000,25978.731758049853,25976.2543356508,449954
2025-12-15 05:55:00+00:00,26043.6826171875,25995.55078125,25976.75,25977.05078125,0,26000,25983.054244949904,25978.1849460382,311566
2025-12-15 06:00:00+00:00,26019.7363828125,25994.599609375,25966.0,25991.150390625,0,25950,25977.969757049937,25976.88692543967,422842
2025-12-15 06:05:00+00:00,26021.9908828125,25976.19921875,25961.55078125,25967.599609375,0,25950,25975.33009844996,25976.03240741596,186445
2025-12-15 06:10:00+00:00,26022.942,25974.05078125,25964.650390625,25969.650390625,0,25950,25973.886732299976,25975.403356488965,152097
2025-12-15 06:15:00+00:00,26047.84130859375,25996.099609375,25969.849609375,25971.19921875,0,26000,25981.207691324988,25977.95913809972,491814
2025-12-15 06:20:00+00:00,26059.5658828125,26016.5,25995.55078125,25996.30078125,0,26000,25989.988721299997,25981.658093493505,369063
2025-12-15 06:25:00+00:00,26068.13180859375,26021.05078125,26007.44921875,26007.80078125,0,26000,25998.69235065833,25985.963282978693,273893
2025-12-15 06:30:00+00:00,26065.0768828125,26019.19921875,26010.150390625,26016.19921875,0,26000,26003.478494188887,25989.349220262608,311233
2025-12-15 06:35:00+00:00,26071.539,26028.0,26008.55078125,26013.099609375,0,26000,26008.818996125927,25993.11806772978,397236
2025-12-15 06:40:00+00:00,26070.5878828125,26021.849609375,26013.69921875,26019.25,0,26000,26012.06292450062,25996.29715691981,382797
2025-12-15 06:45:00+00:00,26066.7286171875,26022.650390625,26014.55078125,26019.55078125,0,26000,26012.941689250416,25998.597414648582,317487
2025-12-15 06:50:00+00:00,26075.44719140625,26027.30078125,26015.25,26015.44921875,0,26000,26016.427923041945,26001.69778664564,205717
2025-12-15 06:55:00+00:00,26070.63680859375,26025.849609375,26011.44921875,26023.69921875,0,26000,26017.151818486294,26003.81051448681,386222
2025-12-15 07:00:00+00:00,26077.65080859375,26027.650390625,26017.44921875,26020.099609375,0,26050,26019.96774878253,26006.53415134783,106517
2025-12-15 07:05:00+00:00,26074.2436171875,26029.650390625,26019.94921875,26025.849609375,0,26000,26020.711572105025,26008.492284773103,113708
2025-12-15 07:10:00+00:00,26062.17069140625,26024.30078125,26007.69921875,26021.849609375,0,26000,26017.19117827835,26008.69954800459,261721
2025-12-15 07:15:00+00:00,26064.42519140625,26014.650390625,26003.44921875,26009.94921875,0,26000,26015.594249060567,26009.16215333214,119206
2025-12-15 07:20:00+00:00,26066.37830859375,26022.849609375,26011.75,26011.94921875,0,26000,26015.17936916538,26009.8105853375,186573
2025-12-15 07:25:00+00:00,26068.032,26017.0,26006.69921875,26014.650390625,0,26000,26015.452912776924,26010.584262170312,418320
2025-12-15 07:30:00+00:00,26076.8503828125,26024.80078125,26015.349609375,26016.19921875,0,26000,26018.568868934617,26012.361327055278,153658
2025-12-15 07:35:00+00:00,26082.5101171875,26034.44921875,26022.94921875,26023.94921875,0,26050,26022.528985539742,26014.62231351712,440529
2025-12-15 07:40:00+00:00,26094.18380859375,26044.599609375,26029.400390625,26030.5,0,26050,26029.052526818166,26018.056975499352,466337
2025-12-15 07:45:00+00:00,26083.96419140625,26043.94921875,26029.19921875,26041.94921875,0,26050,26030.001814753778,26019.78740239006,347547
2025-12-15 07:50:00+00:00,26087.0191171875,26035.900390625,26027.900390625,26031.75,0,26050,26031.65094941919,26021.68262943505,359956
2025-12-15 07:55:00+00:00,26077.7506171875,26036.25,26024.400390625,26034.650390625,0,26050,26029.66703919613,26022.184703099418,163597
2025-12-15 08:00:00+00:00,26083.662808593752,26031.599609375,26023.650390625,26025.69921875,0,26050,26030.31122925576,26023.361566383865,219450
2025-12-15 08:05:00+00:00,26082.41030859375,26035.44921875,26027.5,26031.099609375,0,26050,26030.32402262884,26024.23507175776,415572
2025-12-15 08:10:00+00:00,26077.5001171875,26036.0,26023.400390625,26031.099609375,0,26050,26028.69908800256,26024.38684013179,377846
2025-12-15 08:15:00+00:00,26084.96619140625,26033.5,26023.5,26025.599609375,0,26050,26030.099522210046,26025.45103394344,189688
2025-12-15 08:20:00+00:00,26085.0151171875,26034.05078125,26019.849609375,26032.849609375,0,26050,26031.049421056698,26026.38830704426,498649
2025-12-15 08:25:00+00:00,26074.2436171875,26033.400390625,26018.650390625,26033.0,0,26000,26028.09935362113,26025.86467100748,371767
2025-12-15 08:30:00+00:00,26084.21469140625,26038.05078125,26021.849609375,26022.0,0,26050,26029.449699289093,26026.65038595967,287547
2025-12-15 08:35:00+00:00,26057.91219140625,26035.55078125,26005.5,26032.150390625,0,26000,26021.599929734395,26024.05663654284,143805
2025-12-15 08:40:00+00:00,26061.86930859375,26011.25,25990.150390625,26005.849609375,0,26000,26017.683156281262,26022.28075814686,374555
2025-12-15 08:45:00+00:00,26066.17869140625,26018.30078125,26007.400390625,26009.5,0,26000,26016.505567729186,26021.264462206625,375670
2025-12-15 08:50:00+00:00,26065.7266171875,26020.349609375,26008.80078125,26013.94921875,0,26000,26015.57011806946,26020.318806774547,116115
2025-12-15 08:55:00+00:00,26068.68369140625,26019.80078125,26011.150390625,26013.55078125,0,26000,26015.93020892131,26019.86025475585,443732
2025-12-15 09:00:00+00:00,26067.0808828125,26018.05078125,26010.0,26016.44921875,0,26000,26015.63706636421,26019.259070567623,389506
2025-12-15 09:05:00+00:00,26065.2765,26016.44921875,26008.5,26014.900390625,0,26000,26014.84137757614,26018.50793674667,397877
2025-12-15 09:10:00+00:00,26087.72169140625,26035.650390625,26012.44921875,26014.80078125,0,26050,26021.777715259093,26020.650743481463,351527
2025-12-15 09:15:00+00:00,26080.6078828125,26047.0,26028.05078125,26035.19921875,0,26050,26024.03540392273,26021.63824820253,418310
2025-12-15 09:20:00+00:00,26086.41830859375,26037.0,26028.349609375,26029.5,0,26050,26027.473472406826,26023.227168349087,206053
2025-12-15 09:25:00+00:00,26088.573,26037.75,26028.94921875,26035.400390625,0,26050,26030.482314937883,26024.88627230545,117249
2025-12-15 09:30:00+00:00,26076.3493828125,26037.599609375,26022.0,26035.099609375,0,26000,26028.42180370859,26024.81308592352,204862
2025-12-15 09:35:00+00:00,26084.0131171875,26034.5,26019.55078125,26024.099609375,0,26050,26029.597608722397,26025.70510252683,182908
2025-12-15 09:40:00+00:00,26082.1108828125,26035.80078125,26027.80078125,26032.349609375,0,26050,26029.7486662316,26026.24831236723,337963
2025-12-15 09:45:00+00:00,26075.5978828125,26029.900390625,26021.650390625,26029.849609375,0,26000,26027.682704571067,26025.911120977573,348133
2025-12-15 09:50:00+00:00,26075.7975,26025.5,26018.19921875,26023.44921875,0,26000,26026.37180304738,26025.640980855376,490215
2025-12-15 09:55:00+00:00,26066.028,26031.55078125,26013.349609375,26023.19921875,0,26000,26022.24786869825,26024.185858248453,147816
2025-12-16 03:45:00+00:00,25995.1873828125,25970.0,25923.19921875,25966.75,0,25950,25995.93217288217,26014.075223623648,119749
2025-12-16 03:50:00+00:00,25983.21230859375,25947.650390625,25928.55078125,25938.349609375,0,25950,25974.40465171312,26003.734521842565,477529
2025-12-16 03:55:00+00:00,25974.94580859375,25935.19921875,25920.099609375,25930.849609375,0,25900,25957.302970933742,25993.65515778412,446859
2025-12-16 04:00:00+00:00,25968.5326171875,25925.0,25908.099609375,25922.75,0,25900,25943.7683868725,25984.035665404856,218729
2025-12-16 04:05:00+00:00,25968.834,25917.19921875,25902.30078125,25915.94921875,0,25900,25934.845591248337,25975.656207229247,185594
2025-12-16 04:10:00+00:00,25978.50369140625,25930.80078125,25912.05078125,25916.099609375,0,25950,25932.113857707227,25969.53048015372,263521
2025-12-16 04:15:00+00:00,25988.27319140625,25942.94921875,25920.099609375,25926.0,0,25950,25933.542702013157,25965.389218962628,430916
2025-12-16 04:20:00+00:00,25993.884000000002,25943.75,25930.30078125,25936.349609375,0,25950,25936.361801342104,25962.4655665923,260989
2025-12-16 04:25:00+00:00,25957.91180859375,25942.849609375,25902.599609375,25941.25,0,25900,25926.274404019736,25955.419821940137,147815
2025-12-16 04:30:00+00:00,25942.88180859375,25906.099609375,25879.55078125,25906.05078125,0,25900,25914.54947247149,25947.379795369496,477448
2025-12-16 04:35:00+00:00,25942.63130859375,25900.05078125,25887.099609375,25891.05078125,0,25900,25906.649518106,25940.313522120185,450778
2025-12-16 04:40:00+00:00,25944.63530859375,25893.900390625,25882.150390625,25890.849609375,0,25900,25902.049548529,25934.38053302704,444885
2025-12-16 04:45:00+00:00,25964.2741171875,25914.69921875,25888.150390625,25892.44921875,0,25900,25905.516105269337,25931.63911874241,346185
2025-12-16 04:50:00+00:00,25964.2741171875,25917.900390625,25906.75,25912.75,0,25900,25907.827143096227,25929.24038124336,470400
2025-12-16 04:55:00+00:00,25962.2701171875,25922.69921875,25906.75,25912.55078125,0,25900,25908.701168314157,25926.89148593169,268577
2025-12-16 05:00:00+00:00,25965.0765,25919.349609375,25908.30078125,25909.94921875,0,25900,25910.21744554277,25925.186300190227,483952
2025-12-16 05:05:00+00:00,25956.65930859375,25915.44921875,25899.650390625,25913.599609375,0,25900,25908.42816682018,25922.644213838325,199647
2025-12-16 05:10:00+00:00,25957.1113828125,25908.0,25898.150390625,25905.099609375,0,25900,25907.385704963453,25920.476284764783,136917
2025-12-16 05:15:00+00:00,25953.5026171875,25907.69921875,25898.69921875,25904.849609375,0,25900,25905.49020955897,25918.12915151293,312269
2025-12-16 05:20:00+00:00,25956.8608828125,25906.400390625,25897.400390625,25901.849609375,0,25900,25905.343733455986,25916.49435523007,107595
2025-12-16 05:25:00+00:00,25951.95069140625,25911.5,25890.849609375,25904.69921875,0,25900,25903.612619178988,25914.451359654435,431954
2025-12-16 05:30:00+00:00,25951.89980859375,25903.400390625,25891.30078125,25899.75,0,25900,25902.441615910997,25912.657390869503,211982
2025-12-16 05:35:00+00:00,25955.5575,25910.349609375,25896.599609375,25898.44921875,0,25900,25902.877743940662,25911.543967010817,202069
2025-12-16 05:40:00+00:00,25950.5983828125,25906.30078125,25893.75,25903.05078125,0,25900,25901.51875637711,25909.95106879072,396739
2025-12-16 05:45:00+00:00,25954.254117187502,25903.94921875,25892.599609375,25898.25,0,25900,25901.82891050141,25909.013337535627,409189
2025-12-16 05:50:00+00:00,25950.19719140625,25911.19921875,25896.94921875,25902.44921875,0,25900,25900.686070542608,25907.6867191718,296078
2025-12-16 05:55:00+00:00,25957.2601171875,25907.099609375,25893.349609375,25898.650390625,0,25900,25902.27378661174,25907.407031619077,108245
2025-12-16 06:00:00+00:00,25942.0813828125,25907.650390625,25888.150390625,25905.69921875,0,25900,25898.28278482449,25905.26875032294,115619
2025-12-16 06:05:00+00:00,25937.12030859375,25890.099609375,25877.650390625,25889.75,0,25900,25893.971726341333,25902.77885770445,375324
2025-12-16 06:10:00+00:00,25926.84980859375,25886.150390625,25872.69921875,25884.94921875,0,25900,25887.68102068589,25899.318951663263,488994
2025-12-16 06:15:00+00:00,25930.0065,25881.099609375,25872.599609375,25875.650390625,0,25900,25884.53734712393,25896.68533270536,405553
2025-12-16 06:20:00+00:00,25942.5823828125,25891.0,25876.44921875,25876.44921875,0,25900,25886.62515849929,25895.94976377344,249351
2025-12-16 06:25:00+00:00,25927.8028828125,25890.19921875,25873.0,25890.19921875,0,25900,25883.100366082857,25893.462390958008,379760
2025-12-16 06:30:00+00:00,25927.85180859375,25878.44921875,25870.5,25876.30078125,0,25900,25880.76678051357,25891.29204326013,325663
2025-12-16 06:35:00+00:00,25935.2161171875,25886.0,25875.349609375,25876.44921875,0,25900,25881.660926592383,25890.31169019637,184687
2025-12-16 06:40:00+00:00,25939.275,25890.650390625,25878.25,25883.650390625,0,25900,25883.60728439492,25889.96022892182,377460
2025-12-16 06:45:00+00:00,25945.287,25893.900390625,25882.19921875,25887.05078125,0,25900,25886.90485626328,25890.402700306597,203329
2025-12-16 06:50:00+00:00,25945.2361171875,25897.19921875,25888.80078125,25893.0,0,25900,25889.08631042552,25890.78351511202,235803
2025-12-16 06:55:00+00:00,25957.96269140625,25908.5,25891.150390625,25893.44921875,0,25900,25894.774337158684,25892.704374551144,112757
2025-12-16 07:00:00+00:00,25957.91180859375,25914.44921875,25895.150390625,25905.599609375,0,25900,25898.54942789746,25894.378778904127,476727
2025-12-16 07:05:00+00:00,25941.62930859375,25907.55078125,25883.150390625,25905.900390625,0,25900,25895.64948838997,25893.812632712987,180798
2025-12-16 07:10:00+00:00,25946.13830859375,25897.25,25880.25,25889.55078125,0,25900,25895.216195384983,25893.879754795737,237274
2025-12-16 07:15:00+00:00,25931.259000000002,25894.0,25876.150390625,25893.69921875,0,25900,25889.977463589992,25892.082285446268,312919
2025-12-16 07:20:00+00:00,25934.86580859375,25900.849609375,25877.69921875,25879.55078125,0,25900,25887.684845518328,25890.95945093736,357737
2025-12-16 07:25:00+00:00,25950.5475,25901.0,25876.75,25883.30078125,0,25900,25891.373230345554,25891.93326957019,348956
2025-12-16 07:30:00+00:00,25936.8208828125,25899.19921875,25884.400390625,25898.900390625,0,25900,25889.265747313708,25891.072958530167,203765
2025-12-16 07:35:00+00:00,25934.86580859375,25886.19921875,25875.849609375,25884.849609375,0,25900,25887.210368000808,25890.07628988577,169935
2025-12-16 07:40:00+00:00,25938.62330859375,25893.25,25881.19921875,25883.0,0,25900,25887.09011512554,25889.672954821926,290533
2025-12-16 07:45:00+00:00,25935.5683828125,25896.69921875,25876.30078125,25887.650390625,0,25900,25885.99367050036,25888.938933125435,348247
2025-12-16 07:50:00+00:00,25939.0245,25888.94921875,25883.400390625,25884.44921875,0,25900,25886.412447000243,25888.72781648476,302126
2025-12-16 07:55:00+00:00,25937.0713828125,25889.75,25882.599609375,25887.400390625,0,25900,25886.041891750163,25888.29943708041,269380
2025-12-16 08:00:00+00:00,25947.64130859375,25897.099609375,25884.69921875,25885.599609375,0,25900,25889.31113095844,25889.243208617238,252385
2025-12-16 08:05:00+00:00,25959.8668828125,25909.5,25894.400390625,25896.05078125,0,25900,25895.55768105563,25891.59415519633,167154
2025-12-16 08:10:00+00:00,25956.96069140625,25916.25,25899.80078125,25908.30078125,0,25900,25898.755250912087,25893.288684624917,169133
2025-12-16 08:15:00+00:00,25975.5466171875,25929.150390625,25903.25,25904.94921875,0,25900,25907.069906858054,25897.09000139055,319445
2025-12-16 08:20:00+00:00,25970.838,25928.400390625,25915.650390625,25923.05078125,0,25900,25911.04660457204,25899.82875121673,160087
2025-12-16 08:25:00+00:00,25949.0445,25919.900390625,25894.44921875,25918.44921875,0,25900,25906.447736381364,25899.50640731464,130022
2025-12-16 08:30:00+00:00,25948.3438828125,25899.400390625,25890.0,25897.19921875,0,25900,25903.14875133758,25899.13695405656,246001
2025-12-16 08:35:00+00:00,25938.7231171875,25909.75,25879.80078125,25895.94921875,0,25900,25897.74890714172,25897.61348714324,490373
2025-12-16 08:40:00+00:00,25935.0165,25888.94921875,25875.900390625,25887.349609375,0,25900,25892.915938094484,25895.81805125033,288944
2025-12-16 08:45:00+00:00,25912.12119140625,25884.55078125,25859.599609375,25883.80078125,0,25850,25882.077422271323,25891.390843672165,469504
2025-12-16 08:50:00+00:00,25923.09230859375,25871.44921875,25848.69921875,25860.80078125,0,25850,25878.50148463922,25888.88568938502,498605
2025-12-16 08:55:00+00:00,25920.4875,25873.849609375,25851.150390625,25869.400390625,0,25850,25875.25098975948,25886.36872821189,288402
2025-12-16 09:00:00+00:00,25902.35169140625,25870.349609375,25848.55078125,25868.94921875,0,25850,25867.050790047982,25881.90393601353,378830
2025-12-16 09:05:00+00:00,25913.2738828125,25863.150390625,25848.55078125,25849.75,0,25850,25865.217453781992,25879.35979166809,317283
2025-12-16 09:10:00+00:00,25917.63219140625,25872.19921875,25860.150390625,25861.75,0,25850,25865.44509939633,25877.677366537704,138972
2025-12-16 09:15:00+00:00,25921.38969140625,25879.25,25859.0,25866.44921875,0,25850,25866.84686313922,25876.67399454861,279639
2025-12-16 09:20:00+00:00,25941.9796171875,25891.69921875,25867.05078125,25870.05078125,0,25900,25874.63098167615,25878.364647573788,341732
2025-12-16 09:25:00+00:00,25935.5683828125,25902.05078125,25878.55078125,25889.400390625,0,25900,25877.6875815341,25879.044164283318,462641
2025-12-16 09:30:00+00:00,25926.34880859375,25896.849609375,25870.30078125,25885.0,0,25850,25876.658257481067,25878.48859491977,324050
2025-12-16 09:35:00+00:00,25914.4755,25880.80078125,25860.400390625,25875.75,0,25850,25872.022171654047,25876.521270554804,260554
2025-12-16 09:40:00+00:00,25907.7628828125,25866.05078125,25854.75,25863.0,0,25850,25866.6983748527,25873.962459391703,482100
2025-12-16 09:45:00+00:00,25892.7328828125,25858.75,25841.05078125,25858.75,0,25850,25858.14917698514,25869.84849962399,436488
2025-12-16 09:50:00+00:00,25900.79780859375,25854.349609375,25834.849609375,25842.75,0,25850,25855.132654448425,25867.254888342864,160321
2025-12-16 09:55:00+00:00,25903.05230859375,25857.849609375,25840.599609375,25853.05078125,0,25850,25853.871639423956,25865.26672847188,220602
2025-12-17 03:45:00+00:00,25924.7968828125,25902.400390625,25857.80078125,25902.400390625,0,25850,25860.264686699305,25866.239735069143,142468
2025-12-17 03:50:00+00:00,25972.24119140625,25922.400390625,25867.80078125,25872.599609375,0,25900,25880.30992134121,25873.009817013623,412571
2025-12-17 03:55:00+00:00,25955.1073828125,25924.0,25903.30078125,25919.69921875,0,25900,25887.973541310806,25876.79618754317,111561
2025-12-17 04:00:00+00:00,25973.343,25923.099609375,25894.80078125,25903.5,0,25900,25899.14902754054,25882.38416410028,315890
2025-12-17 04:05:00+00:00,25966.17830859375,25928.650390625,25911.849609375,25921.94921875,0,25900,25904.21588815203,25886.379844759616,103430
2025-12-17 04:10:00+00:00,25932.5623828125,25917.75,25878.099609375,25914.69921875,0,25900,25896.410852518024,25885.682461820918,388546
2025-12-17 04:15:00+00:00,25914.57530859375,25890.0,25860.599609375,25880.19921875,0,25850,25885.22377147035,25882.828355265174,289579
2025-12-17 04:20:00+00:00,25917.281882812502,25865.69921875,25851.80078125,25862.900390625,0,25850,25878.666108063568,25880.66865851328,248478
2025-12-17 04:25:00+00:00,25920.1861171875,25878.44921875,25859.650390625,25865.25,0,25850,25875.26047829238,25879.141228542867,425043
2025-12-17 04:30:00+00:00,25897.79180859375,25871.05078125,25844.900390625,25868.25,0,25850,25865.540188653256,25875.011026146884,377909
2025-12-17 04:35:00+00:00,25889.4255,25846.19921875,25823.94921875,25845.650390625,0,25850,25856.276792435507,25870.353397878524,283742
2025-12-17 04:40:00+00:00,25892.7328828125,25843.25,25829.30078125,25838.400390625,0,25850,25851.201455373677,25866.69057079996,152824
2025-12-17 04:45:00+00:00,25900.647117187502,25851.75,25830.099609375,25840.150390625,0,25850,25850.45070983245,25864.472901793717,128120
2025-12-17 04:50:00+00:00,25878.05319140625,25849.25,25826.400390625,25848.75,0,25850,25842.4339367633,25859.713837897623,212589
2025-12-17 04:55:00+00:00,25864.8256171875,25830.80078125,25810.0,25826.400390625,0,25800,25832.68903075887,25853.89951050417,292342
2025-12-17 05:00:00+00:00,25874.145,25829.900390625,25811.05078125,25813.650390625,0,25800,25829.292687172583,25849.97457169115,300985
2025-12-17 05:05:00+00:00,25866.47930859375,25821.900390625,25811.55078125,25821.849609375,0,25800,25824.478327906727,25845.58395140163,485329
2025-12-17 05:10:00+00:00,25870.6888828125,25825.0,25811.44921875,25815.349609375,0,25800,25822.669145687814,25842.267305132675,172340
2025-12-17 05:15:00+00:00,25879.80669140625,25834.900390625,25815.0,25819.599609375,0,25850,25824.496227333548,25840.502690819216,314499
2025-12-17 05:20:00+00:00,25869.8865,25831.099609375,25817.55078125,25829.25,0,25800,25822.4141515557,25837.72110446681,175188
2025-12-17 05:25:00+00:00,25871.139,25821.69921875,25801.80078125,25818.349609375,0,25800,25821.4427677038,25835.443466408466,278165
2025-12-17 05:30:00+00:00,25873.79469140625,25830.25,25813.05078125,25819.94921875,0,25800,25821.67864201087,25833.78183193553,380145
2025-12-17 05:35:00+00:00,25883.1121171875,25836.69921875,25820.400390625,25822.25,0,25850,25824.935500923915,25833.49025528734,114007
2025-12-17 05:40:00+00:00,25894.4355,25843.599609375,25828.150390625,25831.55078125,0,25850,25830.873667282613,25834.647723376424,363003
2025-12-17 05:45:00+00:00,25891.32969140625,25850.75,25838.099609375,25842.05078125,0,25850,25833.79924173008,25835.27305678249,440548
2025-12-17 05:50:00+00:00,25880.4075,25840.5,25825.30078125,25839.69921875,0,25850,25832.116161153383,25834.457674684683,440171
2025-12-17 05:55:00+00:00,25866.1798828125,25830.900390625,25812.80078125,25828.25,0,25800,25826.261034518924,25831.96931300535,128649
2025-12-17 06:00:00+00:00,25865.52819140625,25822.75,25806.69921875,25815.150390625,0,25800,25822.140819887616,25829.710697707807,476308
2025-12-17 06:05:00+00:00,25872.8925,25822.099609375,25812.349609375,25813.599609375,0,25800,25821.84387992508,25828.65311049433,118524
2025-12-17 06:10:00+00:00,25879.6051171875,25834.400390625,25821.349609375,25821.349609375,0,25850,25823.87899286672,25828.56512402629,322436
2025-12-17 06:15:00+00:00,25896.33969140625,25846.849609375,25824.44921875,25827.94921875,0,25850,25830.80279211948,25830.575782351127,377302
2025-12-17 06:20:00+00:00,25881.30969140625,25851.30078125,25822.849609375,25845.55078125,0,25850,25830.418658287992,25830.46010838536,443049
2025-12-17 06:25:00+00:00,25868.98430859375,25833.400390625,25816.25,25829.69921875,0,25800,25826.06230865033,25828.821296009064,233614
2025-12-17 06:30:00+00:00,25849.2946171875,25818.099609375,25796.599609375,25817.400390625,0,25800,25816.607945350224,25824.93103635168,419627
2025-12-17 06:35:00+00:00,25842.68180859375,25808.5,25789.349609375,25797.599609375,0,25800,25808.105166691817,25820.7021079796,380188
2025-12-17 06:40:00+00:00,25847.99319140625,25808.55078125,25789.94921875,25791.19921875,0,25800,25804.203574669547,25817.66439331027,478999
2025-12-17 06:45:00+00:00,25860.6688828125,25809.150390625,25794.55078125,25796.25,0,25800,25805.81931019637,25816.58769180274,290175
2025-12-17 06:50:00+00:00,25847.49219140625,25808.75,25793.400390625,25808.30078125,0,25800,25802.513003672582,25814.00177915552,230276
2025-12-17 06:55:00+00:00,25837.67180859375,25800.55078125,25784.94921875,25794.599609375,0,25800,25797.041872240057,25810.51400793296,402901
2025-12-17 07:00:00+00:00,25845.2866171875,25795.849609375,25785.69921875,25785.69921875,0,25800,25795.92765441004,25808.41215928509,293371
2025-12-17 07:05:00+00:00,25838.6248828125,25795.69921875,25784.349609375,25794.099609375,0,25800,25792.96869669003,25805.7419870307,341157
2025-12-17 07:10:00+00:00,25845.5371171875,25795.150390625,25784.599609375,25787.5,0,25800,25793.29553737669,25804.26789099561,104817
2025-12-17 07:15:00+00:00,25849.8465,25802.44921875,25791.900390625,25795.30078125,0,25800,25794.9470249178,25803.51565462116,261449
2025-12-17 07:20:00+00:00,25839.1258828125,25812.849609375,25787.55078125,25798.94921875,0,25800,25792.481610361865,25801.520045449768,413906
2025-12-17 07:25:00+00:00,25835.16680859375,25789.25,25780.5,25787.849609375,0,25800,25789.52094336625,25799.27999094042,281015
2025-12-17 07:30:00+00:00,25845.43730859375,25795.150390625,25779.69921875,25783.19921875,0,25800,25790.963832035835,25798.601193244744,353771
2025-12-17 07:35:00+00:00,25845.5371171875,25802.5,25793.94921875,25794.900390625,0,25800,25791.95896094056,25798.0196964329,258143
2025-12-17 07:40:00+00:00,25842.98319140625,25798.75,25785.69921875,25793.94921875,0,25800,25791.772770835378,25797.192283206918,434898
2025-12-17 07:45:00+00:00,25855.45730859375,25804.80078125,25788.650390625,25791.44921875,0,25800,25795.79838368192,25798.024448977925,456508
2025-12-17 07:50:00+00:00,25861.0681171875,25810.19921875,25799.650390625,25803.599609375,0,25800,25800.348662037948,25799.452545199438,401365
2025-12-17 07:55:00+00:00,25863.02319140625,25826.150390625,25808.349609375,25808.650390625,0,25800,25804.032571566968,25800.94602587763,462303
2025-12-17 08:00:00+00:00,25850.8485,25815.5,25796.69921875,25811.44921875,0,25800,25802.43838104465,25800.73402264293,382545
2025-12-17 08:05:00+00:00,25842.73269140625,25800.69921875,25788.94921875,25800.05078125,0,25800,25798.675717571437,25799.53606864069,112058
2025-12-17 08:10:00+00:00,25838.1238828125,25795.150390625,25781.75,25791.099609375,0,25800,25794.63407213096,25797.91290771685,492273
2025-12-17 08:15:00+00:00,25842.1318828125,25796.599609375,25786.5,25786.5,0,25800,25793.272975170643,25796.99264190849,203120
2025-12-17 08:20:00+00:00,25845.18680859375,25794.599609375,25787.19921875,25790.849609375,0,25800,25793.381853238763,25796.568512841808,491812
2025-12-17 08:25:00+00:00,25847.69180859375,25797.5,25780.900390625,25793.599609375,0,25800,25794.287771950847,25796.50989990846,365154
2025-12-17 08:30:00+00:00,25845.3375,25798.400390625,25787.0,25795.44921875,0,25800,25794.108514633903,25796.164912419903,114759
2025-12-17 08:35:00+00:00,25842.43130859375,25798.650390625,25790.849609375,25793.349609375,0,25800,25793.02221288094,25795.50049953929,117039
2025-12-17 08:40:00+00:00,25850.1478828125,25800.25,25787.5,25791.400390625,0,25800,25794.86506900396,25795.881784753128,452094
2025-12-17 08:45:00+00:00,25879.05519140625,25827.80078125,25797.25,25798.5,0,25850,25805.71017621097,25799.821610487117,339159
2025-12-17 08:50:00+00:00,25848.99519140625,25832.650390625,25796.30078125,25827.650390625,0,25800,25802.94024768232,25799.518958004348,314091
2025-12-17 08:55:00+00:00,25843.3335,25799.849609375,25787.69921875,25797.55078125,0,25800,25799.210165121545,25798.54783825381,491836
2025-12-17 09:00:00+00:00,25862.121,25811.849609375,25791.0,25791.650390625,0,25800,25802.973443414365,25800.04185847208,239126
2025-12-17 09:05:00+00:00,25827.40130859375,25819.650390625,25773.05078125,25811.099609375,0,25800,25793.93216540125,25797.017827334945,325858
2025-12-17 09:10:00+00:00,25844.18480859375,25794.349609375,25770.80078125,25776.150390625,0,25800,25793.48798005917,25796.465550089957,477500
2025-12-17 09:15:00+00:00,25858.51419140625,25813.69921875,25790.900390625,25793.25,0,25800,25797.95878358111,25797.769905156834,256493
2025-12-17 09:20:00+00:00,25864.52619140625,25823.69921875,25802.80078125,25807.25,0,25800,25802.93931926241,25799.661215840355,392718
2025-12-17 09:25:00+00:00,25865.3266171875,25815.55078125,25804.75,25812.0,0,25800,25806.52595242494,25801.415966204066,245841
2025-12-17 09:30:00+00:00,25876.24880859375,25831.55078125,25813.80078125,25813.80078125,0,25800,25812.55050474163,25804.313921600427,326474
2025-12-17 09:35:00+00:00,25869.53619140625,25827.650390625,25817.19921875,25825.0,0,25800,25814.33380003609,25806.012230228494,358165
2025-12-17 09:40:00+00:00,25867.98230859375,25820.0,25815.19921875,25817.94921875,0,25800,25815.005736482395,25807.30440262181,152185
2025-12-17 09:45:00+00:00,25865.4283828125,25817.150390625,25809.19921875,25816.25,0,25800,25814.60408473827,25808.116449950336,337698
2025-12-17 09:50:00+00:00,25876.24880859375,25826.900390625,25811.5,25814.099609375,0,25800,25817.935926283848,25810.17684487842,374974
2025-12-17 09:55:00+00:00,25874.29569140625,25835.75,25821.400390625,25825.94921875,0,25800,25819.507414397565,25811.736038096744,273833
2025-12-18 03:45:00+00:00,25829.3055,25792.69921875,25774.19921875,25785.69921875,0,25800,25805.588276265044,25807.48778333465,391872
2025-12-18 03:50:00+00:00,25848.1438828125,25804.05078125,25770.19921875,25777.80078125,0,25800,25802.5757779267,25806.12065807407,469115
2025-12-18 03:55:00+00:00,25831.6108828125,25804.349609375,25780.05078125,25796.30078125,0,25800,25795.067445701134,25802.86192347106,313427
2025-12-18 04:00:00+00:00,25836.8713828125,25795.44921875,25774.900390625,25780.150390625,0,25800,25791.81189088409,25800.666780693427,299729
2025-12-18 04:05:00+00:00,25826.0998828125,25787.599609375,25770.80078125,25785.849609375,0,25750,25786.05818767273,25797.402280763,169039
2025-12-18 04:10:00+00:00,25796.58980859375,25776.849609375,25743.44921875,25776.099609375,0,25750,25772.40532824016,25790.8644468395,227581
2025-12-18 04:15:00+00:00,25792.2315,25747.75,25726.75,25745.099609375,0,25750,25761.853552160108,25784.600140984563,399742
2025-12-18 04:20:00+00:00,25801.7505,25752.599609375,25734.650390625,25741.05078125,0,25750,25757.98570144008,25780.30637336149,351763
2025-12-18 04:25:00+00:00,25800.2475,25756.25,25742.55078125,25750.900390625,0,25750,25754.90713429339,25776.361826691304,288207
2025-12-18 04:30:00+00:00,25797.14169140625,25750.69921875,25736.69921875,25748.69921875,0,25750,25751.821553070597,25772.52289718301,387300
2025-12-18 04:35:00+00:00,25826.0998828125,25775.349609375,25742.099609375,25745.80078125,0,25750,25759.39796246373,25772.776382691387,411164
2025-12-18 04:40:00+00:00,25842.73269140625,25797.5,25768.75,25775.25,0,25800,25769.982105184157,25775.073133683087,479854
2025-12-18 04:45:00+00:00,25875.04719140625,25824.19921875,25785.650390625,25792.30078125,0,25800,25787.788200331102,25781.114040800825,416359
2025-12-18 04:50:00+00:00,25886.1181171875,25841.5,25816.05078125,25824.349609375,0,25850,25803.341873137404,25787.78093804447,200834
2025-12-18 04:55:00+00:00,25881.4095,25835.099609375,25819.849609375,25834.94921875,0,25850,25812.144582091605,25793.02707078891,393758
2025-12-18 05:00:00+00:00,25907.11119140625,25857.150390625,25826.69921875,25830.55078125,0,25850,25826.563184936076,25800.823735768423,464603
2025-12-18 05:05:00+00:00,25895.03630859375,25856.5,25836.75,25855.5,0,25850,25832.158659749053,25806.139469969246,373175
2025-12-18 05:10:00+00:00,25904.105191406252,25863.900390625,25841.599609375,25842.599609375,0,25850,25838.90590337437,25811.922085051214,402831
2025-12-18 05:15:00+00:00,25897.692,25858.849609375,25845.400390625,25852.849609375,0,25850,25841.270602249584,25816.18182441981,380056
2025-12-18 05:20:00+00:00,25896.7408828125,25850.94921875,25836.44921875,25846.599609375,0,25850,25842.53066191639,25819.790444023583,490588
2025-12-18 05:25:00+00:00,25901.7508828125,25851.349609375,25839.19921875,25845.30078125,0,25850,25845.03736836093,25823.572986176885,347089
2025-12-18 05:30:00+00:00,25879.155,25851.099609375,25825.80078125,25849.599609375,0,25850,25839.19157890729,25824.06386290477,227764
2025-12-18 05:35:00+00:00,25887.6211171875,25839.19921875,25826.55078125,25828.900390625,0,25850,25838.110792188192,25825.549532385427,252250
2025-12-18 05:40:00+00:00,25883.3626171875,25837.0,25830.099609375,25835.80078125,0,25850,25835.97360104213,25826.318243181,202120
2025-12-18 05:45:00+00:00,25876.55019140625,25832.05078125,25821.69921875,25831.44921875,0,25800,25832.28253090309,25826.1410116115,106845
2025-12-18 05:50:00+00:00,25901.6491171875,25852.55078125,25823.900390625,25825.19921875,0,25850,25838.17142685206,25829.117037503813,344052
2025-12-18 05:55:00+00:00,25907.06030859375,25856.69921875,25845.94921875,25854.099609375,0,25850,25843.897487693044,25832.396108987712,174836
2025-12-18 06:00:00+00:00,25905.60819140625,25860.5,25851.80078125,25855.400390625,0,25850,25847.231788670364,25835.084144192373,155825
2025-12-18 06:05:00+00:00,25911.4695,25860.44921875,25849.55078125,25854.349609375,0,25850,25851.404525780243,25838.167376168327,270866
2025-12-18 06:10:00+00:00,25903.2538828125,25860.349609375,25848.5,25860.19921875,0,25850,25851.453277603498,25839.84030180353,468461
2025-12-18 06:15:00+00:00,25903.4535,25853.5,25842.150390625,25851.69921875,0,25850,25851.552185069,25841.32901407809,352658
2025-12-18 06:20:00+00:00,25921.74,25875.5,25850.150390625,25852.05078125,0,25850,25857.701456712668,25844.91288731833,467969
2025-12-18 06:25:00+00:00,25918.6831171875,25879.0,25866.5,25870.30078125,0,25850,25860.784044058448,25847.66742874729,246844
2025-12-18 06:30:00+00:00,25915.9276171875,25873.19921875,25860.80078125,25867.150390625,0,25850,25861.9224356223,25849.733902497628,284075
2025-12-18 06:35:00+00:00,25925.247,25875.150390625,25853.80078125,25864.0,0,25850,25865.7816237482,25852.704664685425,169209
2025-12-18 06:40:00+00:00,25930.5583828125,25882.650390625,25868.349609375,25873.75,0,25900,25870.121342915467,25855.966679256,286921
2025-12-18 06:45:00+00:00,25920.4366171875,25884.80078125,25868.0,25878.94921875,0,25850,25869.64730152698,25857.558246692748,279792
2025-12-18 06:50:00+00:00,25919.0353828125,25875.25,25864.44921875,25869.400390625,0,25850,25868.865128101323,25858.776063512403,184741
2025-12-18 06:55:00+00:00,25931.60930859375,25882.349609375,25861.650390625,25867.150390625,0,25900,25872.52662185921,25861.41025674523,346437
2025-12-18 07:00:00+00:00,25939.275,25889.099609375,25877.80078125,25880.150390625,0,25900,25877.517747906146,25864.671474652077,428214
2025-12-18 07:05:00+00:00,25944.5863828125,25898.900390625,25882.44921875,25888.5,0,25900,25882.6120923541,25868.18763797681,465008
2025-12-18 07:10:00+00:00,25945.63730859375,25897.19921875,25888.75,25893.349609375,0,25900,25886.357931361068,25871.39538440159,361224
2025-12-18 07:15:00+00:00,25941.2281171875,25901.30078125,25888.05078125,25894.150390625,0,25900,25887.388360490717,25873.65211369514,262199
2025-12-18 07:20:00+00:00,25932.4606171875,25890.599609375,25875.900390625,25890.05078125,0,25900,25885.158646577143,25874.533001827,149886
2025-12-18 07:25:00+00:00,25933.5643828125,25888.349609375,25874.55078125,25880.5,0,25900,25884.039358134763,25875.44147425488,462405
2025-12-18 07:30:00+00:00,25936.8208828125,25887.5,25878.900390625,25882.75,0,25900,25884.37649917318,25876.642637629266,149172
2025-12-18 07:35:00+00:00,25933.8148828125,25887.05078125,25879.900390625,25884.349609375,0,25900,25883.601259865456,25877.318655581857,294602
2025-12-18 07:40:00+00:00,25931.5603828125,25886.5,25873.099609375,25882.5,0,25900,25882.334433660304,25877.628921290376,120381
2025-12-18 07:45:00+00:00,25919.63619140625,25880.0,25865.80078125,25880.0,0,25850,25877.52308598187,25876.412854957205,388926
2025-12-18 07:50:00+00:00,25922.5423828125,25872.44921875,25861.05078125,25868.80078125,0,25850,25875.28231773792,25875.711345743803,499548
2025-12-18 07:55:00+00:00,25918.88469140625,25879.900390625,25866.099609375,25871.75,0,25850,25872.571675366948,25874.641226353957,450371
2025-12-18 08:00:00+00:00,25900.197,25868.25,25847.44921875,25868.05078125,0,25850,25864.547783577967,25871.37357305971,426746
2025-12-18 08:05:00+00:00,25908.81380859375,25861.69921875,25839.900390625,25848.650390625,0,25850,25862.065058843647,25869.58932759912,270672
2025-12-18 08:10:00+00:00,25896.2398828125,25859.19921875,25844.349609375,25857.349609375,0,25850,25856.22696631243,25866.45950930548,244907
2025-12-18 08:15:00+00:00,25899.8956171875,25853.69921875,25837.849609375,25845.900390625,0,25850,25853.55105045829,25864.17697298605,203249
2025-12-18 08:20:00+00:00,25907.61219140625,25862.849609375,25844.69921875,25848.900390625,0,25850,25854.3341638472,25863.142400190914,358409
2025-12-18 08:25:00+00:00,25895.08719140625,25856.55078125,25839.05078125,25856.55078125,0,25850,25850.68957277313,25860.674648995177,124863
2025-12-18 08:30:00+00:00,25882.1101171875,25843.599609375,25824.650390625,25843.55078125,0,25850,25843.94278809876,25856.89647021453,287773
2025-12-18 08:35:00+00:00,25867.1818828125,25830.94921875,25815.5,25830.599609375,0,25800,25834.47878581584,25851.728259093965,397936
2025-12-18 08:40:00+00:00,25856.8605,25816.55078125,25802.150390625,25816.55078125,0,25800,25824.73585721056,25845.91847670722,123472
2025-12-18 08:45:00+00:00,25860.46730859375,25814.849609375,25796.05078125,25805.30078125,0,25800,25819.44044126537,25841.28486829069,473877
2025-12-18 08:50:00+00:00,25832.8633828125,25812.650390625,25780.94921875,25809.099609375,0,25800,25806.72722126025,25833.786857410603,179099
2025-12-18 08:55:00+00:00,25841.1298828125,25790.400390625,25779.25,25781.05078125,0,25800,25801.001741256838,25828.25734789053,313162
2025-12-18 09:00:00+00:00,25860.51819140625,25833.94921875,25789.30078125,25794.25,0,25800,25803.63462437956,25825.837728232334,296370
2025-12-18 09:05:00+00:00,25843.8345,25810.099609375,25790.099609375,25810.099609375,0,25800,25799.839749586376,25821.63926220329,367097
2025-12-18 09:10:00+00:00,25844.1358828125,25798.0,25781.650390625,25792.0,0,25800,25797.410093474253,25818.00320208413,149739
2025-12-18 09:15:00+00:00,25846.23969140625,25802.400390625,25790.25,25792.5,0,25800,25796.490192524503,25815.08410065174,230289
2025-12-18 09:20:00+00:00,25841.22969140625,25797.650390625,25770.849609375,25795.5,0,25800,25794.210258558003,25811.9048868984,452283
2025-12-18 09:25:00+00:00,25837.6228828125,25806.599609375,25784.349609375,25790.30078125,0,25800,25791.49043278867,25808.673123692348,282657
2025-12-18 09:30:00+00:00,25875.29769140625,25825.30078125,25786.349609375,25786.349609375,0,25800,25802.21041873412,25810.54528205893,335630
2025-12-18 09:35:00+00:00,25867.3306171875,25829.75,25807.25,25824.599609375,0,25800,25806.706685406083,25811.189524145317,133059
2025-12-18 09:40:00+00:00,25872.04119140625,25825.19921875,25813.5,25818.400390625,0,25800,25811.27125381239,25812.340882455275,137721
2025-12-18 09:45:00+00:00,25870.0861171875,25821.25,25810.30078125,25821.25,0,25800,25813.663908791597,25813.104424492118,303081
2025-12-18 09:50:00+00:00,25868.1838828125,25820.25,25812.400390625,25819.400390625,0,25800,25814.626199611062,25813.53521908685,387827
2025-12-18 09:55:00+00:00,25867.28169140625,25826.19921875,25806.69921875,25816.69921875,0,25800,25814.967596615712,25813.79961552912,304155
2025-12-19 03:45:00+00:00,25976.94980859375,25938.25,25884.30078125,25907.849609375,0,25950,25851.67826753548,25827.71211475985,334386
2025-12-19 03:50:00+00:00,25996.1893828125,25945.900390625,25922.44921875,25924.099609375,0,25950,25882.55243877365,25842.28569807112,246398
2025-12-19 03:55:00+00:00,26002.201382812502,25950.55078125,25933.349609375,25944.900390625,0,25950,25905.135219599106,25855.78758346848,492714
2025-12-19 04:00:00+00:00,26015.427,25968.5,25951.150390625,25951.25,0,25950,25924.590146399405,25869.25163553492,196318
2025-12-19 04:05:00+00:00,26018.6835,25968.19921875,25954.599609375,25964.099609375,0,25950,25938.643430932934,25881.438931093056,275633
2025-12-19 04:10:00+00:00,26008.31319140625,25967.599609375,25955.80078125,25967.099609375,0,25950,25944.562417496963,25890.80911353455,229148
2025-12-19 04:15:00+00:00,25995.73730859375,25970.25,25941.30078125,25956.44921875,0,25950,25944.324814789645,25897.43917551461,154198
2025-12-19 04:20:00+00:00,26005.4578828125,25954.900390625,25939.94921875,25942.69921875,0,25950,25947.4001369431,25904.45312623153,348148
2025-12-19 04:25:00+00:00,26010.76730859375,25960.599609375,25947.0,25955.099609375,0,25950,25951.216627753733,25911.252686624463,221105
2025-12-19 04:30:00+00:00,26009.6146171875,25966.55078125,25955.599609375,25957.69921875,0,25950,25953.37749141916,25917.058503140157,146923
2025-12-19 04:35:00+00:00,26003.4538828125,25957.849609375,25929.05078125,25957.599609375,0,25950,25952.76858802944,25921.37003790389,455722
2025-12-19 04:40:00+00:00,25987.47080859375,25953.25,25931.94921875,25951.099609375,0,25950,25947.045595144627,25923.14873433777,218953
2025-12-19 04:45:00+00:00,25998.5926171875,25948.5,25931.349609375,25935.44921875,0,25950,25946.93013634642,25926.092544889303,136716
2025-12-19 04:50:00+00:00,26001.49880859375,25950.94921875,25940.849609375,25946.599609375,0,25950,25947.81996068928,25929.03092795001,220219
2025-12-19 04:55:00+00:00,26011.82019140625,25965.55078125,25946.19921875,25948.75,0,25950,25951.846770667857,25932.889610784387,397705
2025-12-19 05:00:00+00:00,26007.2113828125,25962.44921875,25953.19921875,25959.80078125,0,25950,25952.99810752857,25935.691007092588,485343
2025-12-19 05:05:00+00:00,26014.6755,25963.30078125,25954.349609375,25956.75,0,25950,25956.248738352384,25939.073381206013,234727
2025-12-19 05:10:00+00:00,26026.79930859375,25976.900390625,25958.75,25962.25,0,25950,25962.44902869326,25943.545409727136,437430
2025-12-19 05:15:00+00:00,26018.9848828125,25977.900390625,25964.0,25974.849609375,0,25950,25963.98294621217,25946.483581167493,308636
2025-12-19 05:20:00+00:00,26024.04380859375,25978.69921875,25965.599609375,25965.94921875,0,25950,25966.688500599783,25949.68558469343,469047
2025-12-19 05:25:00+00:00,26014.32519140625,25975.349609375,25960.599609375,25971.349609375,0,25950,25965.25913060819,25951.27493543488,177002
2025-12-19 05:30:00+00:00,26002.9528828125,25968.55078125,25948.80078125,25961.849609375,0,25950,25960.523014155464,25951.24691616177,476559
2025-12-19 05:35:00+00:00,25998.6435,25953.44921875,25939.849609375,25950.69921875,0,25950,25955.932009436976,25950.68480164155,170250
2025-12-19 05:40:00+00:00,26006.6595,25954.75,25946.94921875,25947.94921875,0,25950,25955.53800629132,25951.192951436355,226388
2025-12-19 05:45:00+00:00,26004.7063828125,25959.099609375,25948.0,25953.5,0,25950,25954.62559794421,25951.39393016306,265930
2025-12-19 05:50:00+00:00,25998.5926171875,25960.400390625,25946.599609375,25952.55078125,0,25950,25951.983471546144,25950.807091236427,234134
2025-12-19 05:55:00+00:00,25983.4138828125,25949.69921875,25930.30078125,25947.400390625,0,25950,25945.172574780765,25948.400052488123,225119
2025-12-19 06:00:00+00:00,25981.6095,25934.25,25926.30078125,25932.099609375,0,25950,25940.031716520512,25946.06879592711,270321
2025-12-19 06:05:00+00:00,25986.26919140625,25938.849609375,25926.5,25929.80078125,0,25950,25938.154607888675,25944.610245264343,103184
2025-12-19 06:10:00+00:00,25965.22719140625,25936.099609375,25913.400390625,25935.150390625,0,25900,25929.90320213412,25940.70901343443,463242
2025-12-19 06:15:00+00:00,25969.0336171875,25922.099609375,25905.599609375,25913.400390625,0,25900,25925.66854100608,25937.77028909888,359732
2025-12-19 06:20:00+00:00,25973.19230859375,25927.849609375,25915.349609375,25917.55078125,0,25900,25924.22889712905,25935.717704133396,322230
2025-12-19 06:25:00+00:00,25968.5326171875,25926.69921875,25907.75,25921.25,0,25900,25921.71900433604,25933.34039346047,104942
2025-12-19 06:30:00+00:00,25986.4198828125,25942.599609375,25915.650390625,25916.25,0,25950,25925.99626330736,25933.49169193416,433121
2025-12-19 06:35:00+00:00,26002.9528828125,25955.69921875,25932.30078125,25934.94921875,0,25950,25934.347769288244,25935.68657809864,346665
2025-12-19 06:40:00+00:00,25995.8371171875,25953.19921875,25939.75,25951.400390625,0,25950,25937.548252442168,25936.719408180063,238456
2025-12-19 06:45:00+00:00,25989.77619140625,25950.599609375,25937.349609375,25944.55078125,0,25950,25937.665631836448,25936.86703098568,276419
2025-12-19 06:50:00+00:00,25984.1653828125,25944.55078125,25930.5,25937.44921875,0,25950,25935.87734830764,25936.29624976872,156286
2025-12-19 06:55:00+00:00,25987.5706171875,25945.400390625,25929.55078125,25933.0,0,25950,25935.817971788427,25936.221620891374,179453
2025-12-19 07:00:00+00:00,26003.4538828125,25953.150390625,25933.599609375,25936.400390625,0,25950,25941.062241608957,25938.137765936204,208512
2025-12-19 07:05:00+00:00,26011.56969140625,25959.650390625,25949.19921875,25951.75,0,25950,25947.25829128097,25940.826844022304,279644
2025-12-19 07:10:00+00:00,26005.55769140625,25962.400390625,25952.25,25959.55078125,0,25950,25949.388991062315,25942.42978734764,158103
2025-12-19 07:15:00+00:00,26003.25230859375,25959.30078125,25948.650390625,25954.099609375,0,25950,25950.04253049988,25943.544765101055,237650
2025-12-19 07:20:00+00:00,26000.54769140625,25955.44921875,25946.0,25951.150390625,0,25950,25949.57848387492,25944.182968291552,435562
2025-12-19 07:25:00+00:00,26004.75530859375,25956.650390625,25946.05078125,25948.650390625,0,25950,25950.668859041616,25945.266298426985,413173
2025-12-19 07:30:00+00:00,26003.904,25955.19921875,25948.19921875,25951.19921875,0,25950,25951.112572694416,25946.10801112361,454279
2025-12-19 07:35:00+00:00,25992.5806171875,25955.0,25937.5,25951.349609375,0,25950,25947.641454712943,25945.43191207691,397540
2025-12-19 07:40:00+00:00,25982.0596171875,25945.349609375,25920.80078125,25940.80078125,0,25950,25941.82737605863,25943.527825411045,130039
2025-12-19 07:45:00+00:00,26006.55969140625,25956.650390625,25926.80078125,25930.30078125,0,25950,25946.101714247423,25944.918146062788,330740
2025-12-19 07:50:00+00:00,26009.2153828125,25962.30078125,25950.150390625,25955.30078125,0,25950,25949.83473658162,25946.46597546119,479675
2025-12-19 07:55:00+00:00,26008.1116171875,25960.19921875,25948.349609375,25956.55078125,0,25950,25951.95623063775,25947.68263087229,393011
2025-12-19 08:00:00+00:00,26019.83619140625,25973.599609375,25956.099609375,25956.099609375,0,25950,25957.2709506335,25950.20985084138,259223
2025-12-19 08:05:00+00:00,26021.53880859375,25977.05078125,25965.099609375,25968.30078125,0,25950,25961.380503547334,25952.633570658083,468196
2025-12-19 08:10:00+00:00,26029.60569140625,25978.349609375,25966.80078125,25970.19921875,0,26000,25966.803799239893,25955.76067315395,190484
2025-12-19 08:15:00+00:00,26029.10469140625,25984.69921875,25973.69921875,25976.599609375,0,26000,25970.25266303493,25958.43438783783,330691
2025-12-19 08:20:00+00:00,26025.196500000002,25981.94921875,25972.400390625,25976.650390625,0,25950,25971.251775356624,25960.286339358103,246664
2025-12-19 08:25:00+00:00,26027.80130859375,25979.25,25970.099609375,25974.400390625,0,26000,25972.784386696083,25962.23174811021,146983
2025-12-19 08:30:00+00:00,26020.8871171875,25983.849609375,25963.80078125,25977.650390625,0,25950,25971.50599738073,25963.07143194019,257738
2025-12-19 08:35:00+00:00,26019.1845,25973.5,25961.30078125,25969.849609375,0,25950,25970.087331587158,25963.593752947665,184923
2025-12-19 08:40:00+00:00,26019.435,25975.44921875,25964.05078125,25968.80078125,0,25950,25969.22488772477,25964.082033829207,353887
2025-12-19 08:45:00+00:00,26030.30630859375,25979.0,25965.849609375,25967.94921875,0,26000,25972.266461608186,25965.86548077243,372490
2025-12-19 08:50:00+00:00,26041.0288828125,25991.099609375,25976.05078125,25978.400390625,0,26000,25977.86123482212,25968.763643332128,304013
2025-12-19 08:55:00+00:00,26022.9928828125,25993.099609375,25969.650390625,25989.05078125,0,25950,25975.59108363141,25969.049535571863,258123
2025-12-19 09:00:00+00:00,26019.435,25977.650390625,25966.599609375,25971.349609375,0,25950,25972.89405575428,25968.85584362538,484777
2025-12-19 09:05:00+00:00,26026.6995,25977.19921875,25963.55078125,25967.75,0,25950,25973.512703836182,25969.592613172208,217288
2025-12-19 09:10:00+00:00,26026.1476171875,25976.75,25968.44921875,25975.0,0,25950,25973.741542140797,25970.168438869438,238885
2025-12-19 09:15:00+00:00,26031.30830859375,25983.05078125,25971.19921875,25973.94921875,0,26000,25975.61089788553,25971.31608518263,174986
2025-12-19 09:20:00+00:00,26016.6286171875,25979.0,25963.44921875,25977.400390625,0,25950,25971.97367150702,25970.48897687855,356444
2025-12-19 09:25:00+00:00,26010.6675,25970.30078125,25958.75,25964.69921875,0,25950,25967.565781004683,25969.02160476873,444659
2025-12-19 09:30:00+00:00,26016.6795,25965.55078125,25945.44921875,25959.5,0,25950,25966.62718733646,25968.48765417264,413566
2025-12-19 09:35:00+00:00,26023.79330859375,25973.599609375,25961.80078125,25963.75,0,25950,25968.36799468264,25968.907898572936,406861
2025-12-19 09:40:00+00:00,26021.78930859375,25973.19921875,25964.05078125,25971.69921875,0,25950,25968.861866246763,25969.025612423196,185738
2025-12-19 09:45:00+00:00,26022.29030859375,25972.25,25964.19921875,25968.5,0,25950,25969.35778062285,25969.19111204217,436564
2025-12-19 09:50:00+00:00,26022.09069140625,25974.25,25967.150390625,25970.599609375,0,25950,25969.6219839569,25969.31102186502,304787
2025-12-19 09:55:00+00:00,26013.32319140625,25973.19921875,25955.599609375,25970.150390625,0,25950,25966.881452846268,25968.32219296002,449991
2025-12-22 03:45:00+00:00,26146.08819140625,26103.44921875,26052.0,26055.849609375,0,26100,26009.22109877252,25984.019467668146,287747
2025-12-22 03:50:00+00:00,26173.2928828125,26126.400390625,26092.75,26094.55078125,0,26100,26046.497659598343,26001.148381865874,126363
2025-12-22 03:55:00+00:00,26177.8018828125,26131.5,26112.599609375,26119.349609375,0,26150,26072.848700148897,26016.69868178889,476153
2025-12-22 04:00:00+00:00,26177.5005,26136.849609375,26121.80078125,26125.5,0,26150,26090.31580009927,26030.26759656528,345055
2025-12-22 04:05:00+00:00,26165.37669140625,26130.0,26112.19921875,26125.849609375,0,26100,26097.927330274517,26040.627945822744,384281
2025-12-22 04:10:00+00:00,26176.4476171875,26125.650390625,26111.19921875,26112.650390625,0,26100,26106.68462643301,26051.07435493865,400477
2025-12-22 04:15:00+00:00,26167.32980859375,26136.75,26111.900390625,26124.44921875,0,26100,26109.48962074701,26059.077511743195,280817
2025-12-22 04:20:00+00:00,26171.13819140625,26123.55078125,26112.30078125,26115.44921875,0,26100,26112.626544039675,26066.55537160342,272704
2025-12-22 04:25:00+00:00,26185.0663828125,26136.150390625,26116.150390625,26119.30078125,0,26150,26119.35128977645,26074.836047809244,308007
2025-12-22 04:30:00+00:00,26191.2271171875,26139.0,26130.349609375,26133.400390625,0,26150,26125.88393276764,26082.85019417684,184423
2025-12-22 04:35:00+00:00,26180.2051171875,26141.900390625,26126.30078125,26138.05078125,0,26150,26126.57236142843,26088.487572248483,230993
2025-12-22 04:40:00+00:00,26181.5085,26131.849609375,26120.900390625,26128.05078125,0,26150,26127.46490761896,26093.582875717424,137337
2025-12-22 04:45:00+00:00,26185.16619140625,26134.80078125,26123.55078125,26128.849609375,0,26150,26129.27673528764,26098.49756508087,256804
2025-12-22 04:50:00+00:00,26180.65719140625,26133.55078125,26124.05078125,26131.55078125,0,26150,26128.984620400097,26102.235418273885,104396
2025-12-22 04:55:00+00:00,26177.09930859375,26132.30078125,26121.0,26129.099609375,0,26100,26127.60628339173,26105.062192161524,290593
2025-12-22 05:00:00+00:00,26182.61030859375,26131.19921875,26121.0,26125.55078125,0,26150,26128.52072538616,26108.22311931321,374908
2025-12-22 05:05:00+00:00,26175.0463828125,26133.099609375,26118.30078125,26130.19921875,0,26100,26126.61407734077,26110.045327055308,110643
2025-12-22 05:10:00+00:00,26176.34780859375,26127.05078125,26118.19921875,26122.0,0,26100,26125.775921352182,26111.80211234527,118269
2025-12-22 05:15:00+00:00,26187.0703828125,26136.44921875,26119.80078125,26123.69921875,0,26150,26128.78420798479,26114.676945958363,154612
2025-12-22 05:20:00+00:00,26190.7261171875,26140.900390625,26133.349609375,26136.05078125,0,26150,26132.005878239863,26117.64848005732,197634
2025-12-22 05:25:00+00:00,26194.88480859375,26143.150390625,26136.05078125,26138.5,0,26150,26135.53712195158,26120.767371222028,373054
2025-12-22 05:30:00+00:00,26184.61430859375,26147.25,26130.25,26142.599609375,0,26150,26134.474617759388,26122.21515099115,207172
2025-12-22 05:35:00+00:00,26182.459617187502,26133.650390625,26128.05078125,26131.900390625,0,26150,26133.049484756262,26123.213159461004,464842
2025-12-22 05:40:00+00:00,26176.1971171875,26131.75,26120.599609375,26130.69921875,0,26100,26130.016062754177,26123.305166872127,215122
2025-12-22 05:45:00+00:00,26173.7938828125,26126.55078125,26118.5,26124.099609375,0,26100,26127.19430225279,26123.08586866936,457696
2025-12-22 05:50:00+00:00,26175.7978828125,26125.599609375,26117.400390625,26121.44921875,0,26100,26125.979795251864,26123.14398274194,318573
2025-12-22 05:55:00+00:00,26188.8238828125,26137.349609375,26122.44921875,26123.80078125,0,26150,26129.503457251245,26124.819832555448,383896
2025-12-22 06:00:00+00:00,26185.41669140625,26139.400390625,26130.5,26137.599609375,0,26150,26130.719101709165,26125.86115231414,166573
2025-12-22 06:05:00+00:00,26183.41269140625,26136.400390625,26130.5,26132.94921875,0,26150,26130.862864681112,26126.522307103,104974
2025-12-22 06:10:00+00:00,26186.16819140625,26135.69921875,26129.650390625,26130.75,0,26150,26131.87537332908,26127.444567543247,394202
2025-12-22 06:15:00+00:00,26192.0803828125,26141.05078125,26132.75,26134.0,0,26150,26134.517175969384,26128.98909425659,292909
2025-12-22 06:20:00+00:00,26194.284,26146.75,26139.55078125,26141.0,0,26150,26137.01145064626,26130.61545747452,372461
2025-12-22 06:25:00+00:00,26193.2311171875,26144.30078125,26133.349609375,26142.55078125,0,26150,26138.324040014173,26131.90717763395,134899
2025-12-22 06:30:00+00:00,26193.43269140625,26143.05078125,26137.44921875,26141.30078125,0,26150,26139.26615688445,26133.062579257832,327587
2025-12-22 06:35:00+00:00,26195.18619140625,26148.099609375,26139.30078125,26140.0,0,26150,26140.477568131304,26134.29230567873,348511
2025-12-22 06:40:00+00:00,26186.8198828125,26144.69921875,26132.349609375,26142.75,0,26150,26138.501972504204,26134.324615125137,468044
2025-12-22 06:45:00+00:00,26201.44869140625,26149.150390625,26133.849609375,26134.650390625,0,26150,26142.05144521114,26136.17783706262,489744
2025-12-22 06:50:00+00:00,26197.0395,26153.650390625,26144.349609375,26148.75,0,26150,26142.950963474097,26137.24935742979,370827
2025-12-22 06:55:00+00:00,26194.68519140625,26148.05078125,26139.80078125,26144.80078125,0,26150,26142.76743919107,26137.89323657919,146041
2025-12-22 07:00:00+00:00,26189.8258828125,26146.05078125,26137.05078125,26142.19921875,0,26150,26141.028553210715,26137.85042966304,486507
2025-12-22 07:05:00+00:00,26192.63030859375,26141.55078125,26135.30078125,26137.30078125,0,26150,26140.80223859881,26138.16282712704,428831
2025-12-22 07:10:00+00:00,26174.09330859375,26142.099609375,26121.849609375,26140.5,0,26100,26134.484695524214,26136.123674908034,102050
2025-12-22 07:15:00+00:00,26174.34380859375,26126.80078125,26111.75,26121.80078125,0,26100,26130.35633347448,26134.370666716404,385177
2025-12-22 07:20:00+00:00,26200.0963828125,26149.849609375,26119.80078125,26122.5,0,26150,26136.17114939965,26136.049431033105,332559
2025-12-22 07:25:00+00:00,26191.8298828125,26152.900390625,26134.05078125,26148.80078125,0,26150,26137.29769334977,26136.487099810216,216629
2025-12-22 07:30:00+00:00,26195.38580859375,26144.349609375,26138.650390625,26138.900390625,0,26150,26139.23166535818,26137.31366350581,221832
2025-12-22 07:35:00+00:00,26194.13330859375,26144.099609375,26137.75,26142.400390625,0,26150,26140.104313363787,26137.880656739464,263890
2025-12-22 07:40:00+00:00,26192.2291171875,26143.599609375,26138.599609375,26141.05078125,0,26150,26140.052615159195,26138.13922699078,406657
2025-12-22 07:45:00+00:00,26195.9866171875,26147.55078125,26139.25,26141.44921875,0,26150,26141.268149689466,26138.834225960683,355535
2025-12-22 07:50:00+00:00,26198.14130859375,26148.69921875,26141.150390625,26143.849609375,0,26150,26142.79530291798,26139.711148887476,437980
2025-12-22 07:55:00+00:00,26200.44669140625,26150.94921875,26143.900390625,26146.44921875,0,26150,26144.58033215365,26140.766054104664,429793
2025-12-22 08:00:00+00:00,26208.5116171875,26157.25,26146.349609375,26148.19921875,0,26150,26148.45329435244,26142.69519968533,488049
2025-12-22 08:05:00+00:00,26193.4816171875,26156.650390625,26138.400390625,26155.599609375,0,26150,26146.03526915163,26142.508202068413,394424
2025-12-22 08:10:00+00:00,26196.63830859375,26149.5,26139.19921875,26140.75,0,26150,26145.473382559423,26142.738377981736,252368
2025-12-22 08:15:00+00:00,26200.296,26150.650390625,26143.44921875,26144.0,0,26150,26146.315588372952,26143.39608073402,119961
2025-12-22 08:20:00+00:00,26197.69119140625,26150.849609375,26143.69921875,26148.099609375,0,26150,26146.01052245697,26143.64661947039,452233
2025-12-22 08:25:00+00:00,26197.19019140625,26148.0,26142.94921875,26145.25,0,26150,26145.64047851298,26143.80334086472,376242
2025-12-22 08:30:00+00:00,26200.5465,26152.599609375,26143.650390625,26144.94921875,0,26150,26146.510319008656,26144.359173256627,421133
2025-12-22 08:35:00+00:00,26183.262,26150.849609375,26130.599609375,26148.5,0,26150,26141.34021267244,26142.68927659955,389134
2025-12-22 08:40:00+00:00,26195.787,26145.400390625,26125.849609375,26131.349609375,0,26150,26142.06014178163,26142.79061702461,452309
2025-12-22 08:45:00+00:00,26185.917691406252,26147.099609375,26133.5,26143.849609375,0,26150,26139.25689139609,26141.64808872465,282482
2025-12-22 08:50:00+00:00,26201.4976171875,26150.94921875,26128.55078125,26133.5,0,26150,26142.57100051406,26142.591979977824,256130
2025-12-22 08:55:00+00:00,26209.7641171875,26158.75,26147.349609375,26149.900390625,0,26150,26147.53040659271,26144.449134824343,293950
2025-12-22 09:00:00+00:00,26215.67630859375,26164.099609375,26150.25,26157.900390625,0,26150,26152.803474186807,26146.81169414318,449427
2025-12-22 09:05:00+00:00,26218.23219140625,26178.5,26162.349609375,26163.44921875,0,26150,26157.16911299954,26149.19778120341,131112
2025-12-22 09:10:00+00:00,26211.5685,26167.44921875,26157.150390625,26166.0,0,26150,26157.862741999696,26150.454308552984,217167
2025-12-22 09:15:00+00:00,26209.46469140625,26161.900390625,26154.400390625,26159.349609375,0,26150,26157.625291541463,26151.291318811986,311954
2025-12-22 09:20:00+00:00,26213.47269140625,26163.69921875,26154.650390625,26156.650390625,0,26150,26158.80032456931,26152.52370278861,239497
2025-12-22 09:25:00+00:00,26215.0755,26166.25,26159.099609375,26161.150390625,0,26150,26160.11688304621,26153.801989940035,278952
2025-12-22 09:30:00+00:00,26229.0526171875,26179.349609375,26164.80078125,26164.80078125,0,26200,26165.64432828081,26156.66414354128,147165
2025-12-22 09:35:00+00:00,26225.74719140625,26180.55078125,26171.349609375,26176.44921875,0,26150,26168.229682395544,26158.756174426748,417828
2025-12-22 09:40:00+00:00,26227.1503828125,26176.400390625,26169.150390625,26173.75,0,26150,26170.420048680364,26160.761750279653,204859
2025-12-22 09:45:00+00:00,26220.73719140625,26176.44921875,26164.80078125,26174.94921875,0,26150,26169.74682932858,26161.71658032282,310788
2025-12-22 09:50:00+00:00,26219.7841171875,26172.0,26163.349609375,26168.94921875,0,26150,26168.98095913572,26162.433160126217,349710
2025-12-22 09:55:00+00:00,26215.0755,26173.25,26160.94921875,26167.94921875,0,26150,26166.90397275715,26162.47276511044,324682
2025-12-23 03:45:00+00:00,26217.831,26205.19921875,26145.75,26205.19921875,0,26150,26166.4359818381,26162.85116947164,394972
2025-12-23 03:50:00+00:00,26203.45269140625,26171.44921875,26149.25,26166.69921875,0,26150,26161.340784767068,26161.388572115808,383347
2025-12-23 03:55:00+00:00,26201.94969140625,26154.80078125,26141.75,26151.05078125,0,26150,26157.443986719714,26159.921299429458,390412
2025-12-23 04:00:00+00:00,26195.787,26150.0,26134.44921875,26149.650390625,0,26150,26152.79599114648,26157.86863700077,403469
2025-12-23 04:05:00+00:00,26195.38580859375,26151.69921875,26140.80078125,26143.25,0,26150,26149.56386388932,26156.022508547558,119307
2025-12-23 04:10:00+00:00,26176.5493828125,26144.94921875,26121.0,26144.400390625,0,26100,26141.14283634289,26152.05729263536,445821
2025-12-23 04:15:00+00:00,26190.62630859375,26143.150390625,26120.0,26124.5,0,26150,26140.211760686925,26150.343832227816,154232
2025-12-23 04:20:00+00:00,26200.5465,26150.099609375,26135.099609375,26138.599609375,0,26150,26142.89117379129,26150.08210319934,222017
2025-12-23 04:25:00+00:00,26225.1463828125,26175.599609375,26146.30078125,26147.69921875,0,26150,26152.86104294419,26152.921937955674,181568
2025-12-23 04:30:00+00:00,26233.3111171875,26187.44921875,26172.94921875,26174.0,0,26200,26162.2237682128,26156.425348054967,380659
2025-12-23 04:35:00+00:00,26239.1235,26188.25,26178.69921875,26181.650390625,0,26200,26170.399178808533,26160.215929548096,310125
2025-12-23 04:40:00+00:00,26236.5676171875,26196.599609375,26183.55078125,26186.44921875,0,26200,26174.99919212236,26163.213840698336,164174
2025-12-23 04:45:00+00:00,26221.98969140625,26186.400390625,26168.75,26184.650390625,0,26150,26173.216258289907,26164.01840943917,204862
2025-12-23 04:50:00+00:00,26218.8838828125,26170.5,26163.400390625,26170.0,0,26150,26170.99443260994,26164.334955915525,124173
2025-12-23 04:55:00+00:00,26224.44380859375,26175.44921875,26163.30078125,26167.150390625,0,26150,26171.36282486496,26165.30553759796,103071
2025-12-23 05:00:00+00:00,26219.5845,26176.94921875,26167.150390625,26172.599609375,0,26150,26169.99188324331,26165.548595398213,110990
2025-12-23 05:05:00+00:00,26220.2851171875,26171.25,26162.80078125,26167.75,0,26150,26169.310995078875,26165.84867331719,168566
2025-12-23 05:10:00+00:00,26234.1135,26182.44921875,26165.75,26168.0,0,26200,26173.457330052584,26167.83633915254,106630
2025-12-23 05:15:00+00:00,26231.70830859375,26185.650390625,26177.55078125,26180.94921875,0,26200,26175.421423160056,26169.27549793035,460652
2025-12-23 05:20:00+00:00,26233.71230859375,26188.55078125,26177.69921875,26180.19921875,0,26200,26177.397485231704,26170.78476186093,188436
2025-12-23 05:25:00+00:00,26232.6613828125,26184.80078125,26176.849609375,26180.80078125,0,26200,26178.365250571136,26171.974264284563,304541
2025-12-23 05:30:00+00:00,26228.853,26187.30078125,26171.599609375,26178.55078125,0,26200,26177.74350038076,26172.539981248992,237856
2025-12-23 05:35:00+00:00,26239.6753828125,26188.5,26176.19921875,26176.349609375,0,26200,26180.929260670506,26174.38508124912,250064
2025-12-23 05:40:00+00:00,26242.38,26195.44921875,26186.19921875,26187.650390625,0,26200,26183.952840447007,26176.33694609298,244884
2025-12-23 05:45:00+00:00,26248.1415,26196.94921875,26184.650390625,26189.75,0,26200,26187.885226964678,26178.76357783136,400613
2025-12-23 05:50:00+00:00,26247.39,26196.0,26190.599609375,26195.30078125,0,26200,26190.25681797645,26180.79313060244,379460
2025-12-23 05:55:00+00:00,26244.6853828125,26196.25,26185.80078125,26194.599609375,0,26200,26190.938139067635,26182.231586933383,485792
2025-12-23 06:00:00+00:00,26236.26819140625,26192.30078125,26180.19921875,26191.25,0,26200,26188.59222292009,26182.44018739484,198673
2025-12-23 06:05:00+00:00,26223.5416171875,26184.099609375,26168.349609375,26183.099609375,0,26150,26182.794554863394,26181.03506631423,360614
2025-12-23 06:10:00+00:00,26221.43780859375,26175.05078125,26166.80078125,26171.349609375,0,26150,26178.22957303393,26179.54313419683,137023
2025-12-23 06:15:00+00:00,26212.92080859375,26171.05078125,26157.55078125,26170.25,0,26150,26172.35291848096,26177.1751935941,470746
2025-12-23 06:20:00+00:00,26231.3071171875,26182.650390625,26161.05078125,26161.650390625,0,26200,26174.551685237308,26177.396946738587,143955
2025-12-23 06:25:00+00:00,26230.70630859375,26184.150390625,26174.5,26178.94921875,0,26200,26175.817659949877,26177.516029568134,134654
2025-12-23 06:30:00+00:00,26239.47380859375,26187.849609375,26177.55078125,26177.94921875,0,26200,26179.57830975825,26178.713977044,293620
2025-12-23 06:35:00+00:00,26241.378,26190.0,26182.099609375,26187.0,0,26200,26182.71887317217,26179.9997299135,236439
2025-12-23 06:40:00+00:00,26240.0746171875,26195.44921875,26184.349609375,26188.25,0,26200,26184.378988364784,26180.962166018064,499833
2025-12-23 06:45:00+00:00,26238.02169140625,26190.80078125,26178.80078125,26187.400390625,0,26200,26184.802789118192,26181.54819409393,126643
2025-12-23 06:50:00+00:00,26238.52269140625,26190.75,26181.099609375,26186.05078125,0,26200,26185.251989620465,26182.12346866032,413193
2025-12-23 06:55:00+00:00,26227.25019140625,26188.599609375,26174.69921875,26185.94921875,0,26150,26181.80145662198,26181.220583905902,391672
2025-12-23 07:00:00+00:00,26220.68630859375,26178.150390625,26167.75,26176.349609375,0,26150,26177.31750753965,26179.61171208954,103798
2025-12-23 07:05:00+00:00,26223.99369140625,26180.849609375,26167.099609375,26167.099609375,0,26150,26175.428468568105,26178.616546906476,368236
2025-12-23 07:10:00+00:00,26227.9018828125,26179.5,26170.75,26171.55078125,0,26200,26175.469239462072,26178.233326199414,299905
2025-12-23 07:15:00+00:00,26239.1743828125,26188.150390625,26173.400390625,26175.650390625,0,26200,26179.24642005805,26179.304258080738,132798
2025-12-23 07:20:00+00:00,26239.02369140625,26193.349609375,26183.900390625,26186.55078125,0,26200,26181.714410247037,26180.22252464877,229964
2025-12-23 07:25:00+00:00,26234.46380859375,26191.80078125,26181.150390625,26186.69921875,0,26200,26181.84280995636,26180.45716023955,365655
2025-12-23 07:30:00+00:00,26238.47180859375,26198.94921875,26181.25,26182.80078125,0,26200,26183.261743095907,26181.162466381484,171228
2025-12-23 07:35:00+00:00,26241.4288828125,26189.19921875,26182.650390625,26186.349609375,0,26200,26185.19142248061,26182.14850574005,193000
2025-12-23 07:40:00+00:00,26239.02369140625,26192.80078125,26185.650390625,26189.44921875,0,26200,26185.677745195404,26182.71124135067,132624
2025-12-23 07:45:00+00:00,26243.0806171875,26195.80078125,26181.099609375,26186.650390625,0,26200,26187.351569713603,26183.709738525584,434868
2025-12-23 07:50:00+00:00,26239.3231171875,26191.69921875,26186.349609375,26190.25,0,26200,26187.217452725738,26184.114673553635,476067
2025-12-23 07:55:00+00:00,26244.53469140625,26193.75,26185.19921875,26186.849609375,0,26200,26188.861765358823,26185.119138187554,151338
2025-12-23 08:00:00+00:00,26239.1743828125,26195.25,26185.75,26191.900390625,0,26200,26188.174770655885,26185.32934357036,440559
2025-12-23 08:05:00+00:00,26240.9278828125,26191.19921875,26182.5,26187.650390625,0,26200,26188.30010752059,26185.732023280318,134984
2025-12-23 08:10:00+00:00,26236.066617187502,26193.25,26179.80078125,26187.900390625,0,26200,26186.7664779304,26185.477922714024,213280
2025-12-23 08:15:00+00:00,26241.27819140625,26194.69921875,26181.75,26184.0,0,26200,26187.477782161932,26185.905731202896,496080
2025-12-23 08:20:00+00:00,26243.4328828125,26195.0,26180.44921875,26189.150390625,0,26200,26188.66878185796,26186.548862458785,352478
2025-12-23 08:25:00+00:00,26250.1455,26198.150390625,26188.19921875,26191.150390625,0,26200,26191.69585457197,26187.94900465144,381581
2025-12-23 08:30:00+00:00,26251.8481171875,26202.900390625,26187.55078125,26197.80078125,0,26200,26194.280309297985,26189.38653141376,297333
2025-12-23 08:35:00+00:00,26241.77919140625,26199.80078125,26185.5,26198.900390625,0,26200,26192.653669740324,26189.388263815163,489178
2025-12-23 08:40:00+00:00,26255.75630859375,26206.099609375,26187.80078125,26187.94921875,0,26200,26196.218982951883,26191.13343201014,172506
2025-12-23 08:45:00+00:00,26273.79230859375,26233.55078125,26201.849609375,26203.400390625,0,26200,26204.59585842625,26194.91045418075,199700
2025-12-23 08:50:00+00:00,26274.7453828125,26225.099609375,26207.900390625,26221.099609375,0,26200,26210.497499367502,26198.334245064405,385482
2025-12-23 08:55:00+00:00,26265.57669140625,26229.099609375,26209.349609375,26222.0,0,26200,26211.38179645334,26200.18626325948,375191
2025-12-23 09:00:00+00:00,26249.394,26216.69921875,26194.849609375,26213.55078125,0,26200,26206.58786430223,26199.787980352045,439483
2025-12-23 09:05:00+00:00,26261.919,26211.900390625,26192.099609375,26198.0,0,26200,26207.55857620149,26201.00198280804,210758
2025-12-23 09:10:00+00:00,26219.18330859375,26209.75,26166.849609375,26209.650390625,0,26150,26193.988920592663,26196.73293612891,237602
2025-12-23 09:15:00+00:00,26232.51069140625,26181.80078125,26158.69921875,26167.19921875,0,26200,26189.37607727011,26194.66011794092,233180
2025-12-23 09:20:00+00:00,26235.21530859375,26191.650390625,26166.150390625,26180.44921875,0,26200,26187.20058797174,26193.18380437018,459937
2025-12-23 09:25:00+00:00,26241.02769140625,26191.05078125,26175.19921875,26182.400390625,0,26200,26187.683855522828,26192.617127652036,490987
2025-12-23 09:30:00+00:00,26235.6673828125,26206.650390625,26162.30078125,26189.099609375,0,26200,26186.22283076522,26191.452584351777,493668
2025-12-23 09:35:00+00:00,26224.7941171875,26190.30078125,26165.400390625,26184.30078125,0,26150,26181.631626760147,26189.07716365156,282775
2025-12-23 09:40:00+00:00,26235.867,26185.349609375,26168.849609375,26172.599609375,0,26200,26182.2544178401,26188.380018195112,479925
2025-12-23 09:45:00+00:00,26221.2871171875,26187.650390625,26162.5,26184.0,0,26150,26177.819351476734,26185.951168264477,315424
2025-12-23 09:50:00+00:00,26224.5436171875,26177.30078125,26167.099609375,26169.94921875,0,26150,26175.94597390116,26184.232174575165,247388
2025-12-23 09:55:00+00:00,26216.8798828125,26174.650390625,26158.94921875,26171.650390625,0,26150,26172.147576350773,26181.77200040952,189642
2025-12-24 03:45:00+00:00,26250.6465,26201.55078125,26142.0,26183.75,0,26200,26180.84838423385,26183.83175035833,364540
2025-12-24 03:50:00+00:00,26258.412,26216.44921875,26197.349609375,26200.650390625,0,26200,26189.2322561559,26186.60278156354,488503
2025-12-24 03:55:00+00:00,26269.53380859375,26221.900390625,26203.80078125,26205.599609375,0,26200,26198.521373895604,26190.41488503997,133676
2025-12-24 04:00:00+00:00,26275.09569140625,26229.19921875,26215.400390625,26217.599609375,0,26200,26206.564379472075,26194.4443232381,388921
2025-12-24 04:05:00+00:00,26267.02880859375,26225.94921875,26211.55078125,26223.400390625,0,26200,26209.24278943972,26196.96373400521,384595
2025-12-24 04:10:00+00:00,26268.1306171875,26218.05078125,26202.650390625,26213.30078125,0,26200,26211.39493254315,26199.30566959831,114326
2025-12-24 04:15:00+00:00,26258.9638828125,26222.5,26203.349609375,26217.599609375,0,26200,26209.780215445437,26200.21130855477,248284
2025-12-24 04:20:00+00:00,26272.7413828125,26227.25,26205.599609375,26206.400390625,0,26200,26213.287070713624,26202.722492641675,246418
2025-12-24 04:25:00+00:00,26274.29330859375,26225.099609375,26210.599609375,26219.25,0,26200,26216.141250267417,26205.11338223334,414101
2025-12-24 04:30:00+00:00,26262.1186171875,26225.099609375,26208.19921875,26222.599609375,0,26200,26213.99390642828,26205.686611797923,472480
2025-12-24 04:35:00+00:00,26263.9738828125,26213.94921875,26203.599609375,26211.69921875,0,26200,26213.179531368856,26206.419632979432,204491
2025-12-24 04:40:00+00:00,26279.6536171875,26228.650390625,26209.650390625,26211.44921875,0,26250,26217.852760495905,26209.017081200756,206216
2025-12-24 04:45:00+00:00,26276.6985,26236.30078125,26224.25,26228.5,0,26200,26219.98517366394,26210.92119605066,304071
2025-12-24 04:50:00+00:00,26276.6476171875,26229.69921875,26221.05078125,26225.30078125,0,26200,26221.38985535929,26212.58094888808,430761
2025-12-24 04:55:00+00:00,26283.4111171875,26232.19921875,26221.19921875,26224.900390625,0,26250,26224.576309822864,26214.87698262081,108581
2025-12-24 05:00:00+00:00,26282.9101171875,26235.349609375,26226.94921875,26230.5,0,26250,26226.53394613191,26216.823512136965,413909
2025-12-24 05:05:00+00:00,26279.6536171875,26234.75,26221.0,26230.849609375,0,26250,26226.755703671275,26218.120475463595,107591
2025-12-24 05:10:00+00:00,26270.7373828125,26227.80078125,26218.30078125,26226.349609375,0,26200,26223.93739619752,26218.14301368689,486980
2025-12-24 05:15:00+00:00,26260.26530859375,26223.849609375,26205.400390625,26220.099609375,0,26200,26218.574800590017,26216.856338147907,136928
2025-12-24 05:20:00+00:00,26258.6625,26212.44921875,26203.55078125,26208.94921875,0,26200,26214.46653372668,26215.530545879417,373302
2025-12-24 05:25:00+00:00,26263.2223828125,26215.599609375,26201.05078125,26207.30078125,0,26200,26213.244616234453,26214.93932530074,404366
2025-12-24 05:30:00+00:00,26254.50380859375,26216.849609375,26198.05078125,26211.599609375,0,26200,26209.52961394797,26213.334360810022,188302
2025-12-24 05:35:00+00:00,26257.560691406252,26209.25,26200.900390625,26202.599609375,0,26200,26208.069872840315,26212.31136453689,357115
2025-12-24 05:40:00+00:00,26262.57069140625,26212.19921875,26199.55078125,26204.849609375,0,26200,26208.763378768544,26212.041242797903,334614
2025-12-24 05:45:00+00:00,26260.6665,26212.400390625,26206.80078125,26210.30078125,0,26200,26208.592252512364,26211.567337448167,141755
2025-12-24 05:50:00+00:00,26267.43,26221.0,26208.25,26209.5,0,26200,26210.72816834158,26211.996420267147,112859
2025-12-24 05:55:00+00:00,26265.4768828125,26215.80078125,26205.25,26215.05078125,0,26200,26211.502372644387,26212.128215390003,251125
2025-12-24 06:00:00+00:00,26267.43,26217.44921875,26208.94921875,26214.349609375,0,26200,26212.668248429592,26212.487188466253,232291
2025-12-24 06:05:00+00:00,26260.1146171875,26216.25,26206.599609375,26215.5,0,26200,26211.011905203064,26211.888692251723,363040
2025-12-24 06:10:00+00:00,26237.8201171875,26210.69921875,26184.150390625,26208.44921875,0,26200,26202.49100971871,26208.583758064007,235708
2025-12-24 06:15:00+00:00,26236.76919140625,26189.0,26178.650390625,26186.69921875,0,26200,26196.460803354144,26205.56083713413,175475
2025-12-24 06:20:00+00:00,26238.5716171875,26187.19921875,26181.150390625,26184.69921875,0,26200,26193.040275152765,26203.140634836112,216595
2025-12-24 06:25:00+00:00,26245.23530859375,26197.94921875,26185.80078125,26185.849609375,0,26200,26192.976719893515,26201.854256653474,348529
2025-12-24 06:30:00+00:00,26247.3391171875,26196.400390625,26185.849609375,26193.30078125,0,26200,26193.634219512343,26200.991126915545,435392
2025-12-24 06:35:00+00:00,26240.8261171875,26198.05078125,26186.75,26194.94921875,0,26200,26191.905885924894,26199.423388394847,303945
2025-12-24 06:40:00+00:00,26244.384000000002,26194.400390625,26186.19921875,26188.94921875,0,26200,26191.937257283265,26198.49546484549,442311
2025-12-24 06:45:00+00:00,26249.243308593752,26201.099609375,26190.44921875,26191.849609375,0,26200,26193.57470798051,26198.28973291168,357185
2025-12-24 06:50:00+00:00,26245.98680859375,26201.0,26191.44921875,26196.94921875,0,26200,26193.58300844534,26197.703467469597,262031
2025-12-24 06:55:00+00:00,26254.404,26205.150390625,26190.94921875,26192.75,0,26200,26196.388672296896,26198.240534035893,229989
2025-12-24 07:00:00+00:00,26257.76030859375,26208.099609375,26198.400390625,26201.900390625,0,26200,26199.37565132293,26199.12916845328,134350
2025-12-24 07:05:00+00:00,26248.1415,26209.099609375,26194.80078125,26204.650390625,0,26200,26198.167100881958,26198.70677239662,478319
2025-12-24 07:10:00+00:00,26245.48580859375,26197.75,26187.849609375,26196.30078125,0,26200,26196.477937046304,26198.00587701892,346354
2025-12-24 07:15:00+00:00,26245.1355,26198.150390625,26190.400390625,26192.349609375,0,26200,26195.235291364203,26197.348892391557,269331
2025-12-24 07:20:00+00:00,26243.28219140625,26193.44921875,26186.30078125,26192.25,0,26200,26193.790324451136,26196.542829670736,362199
2025-12-24 07:25:00+00:00,26245.48580859375,26196.650390625,26186.94921875,26190.19921875,0,26200,26193.560086092428,26196.11242713377,398406
2025-12-24 07:30:00+00:00,26240.97680859375,26194.25,26182.19921875,26193.599609375,0,26200,26191.906593853288,26195.17332491392,322890
2025-12-24 07:35:00+00:00,26232.5596171875,26189.80078125,26175.650390625,26189.0,0,26200,26188.004135485528,26193.30156164343,451370
2025-12-24 07:40:00+00:00,26233.4128828125,26183.900390625,26173.19921875,26179.0,0,26200,26185.686350740358,26191.770214094253,350164
2025-12-24 07:45:00+00:00,26229.0526171875,26181.5,26173.55078125,26181.0,0,26200,26182.690640076904,26189.88633967622,362325
2025-12-24 07:50:00+00:00,26222.5396171875,26181.19921875,26167.80078125,26175.849609375,0,26150,26178.52683296794,26187.425449560444,122871
2025-12-24 07:55:00+00:00,26222.74119140625,26176.349609375,26164.75,26169.94921875,0,26150,26175.818018853628,26185.297317193512,123154
2025-12-24 08:00:00+00:00,26211.8698828125,26171.349609375,26151.099609375,26169.599609375,0,26150,26170.395606319085,26182.07900020057,345483
2025-12-24 08:05:00+00:00,26212.821,26163.30078125,26154.0,26159.599609375,0,26150,26167.09707087939,26179.3816251755,230408
2025-12-24 08:10:00+00:00,26212.41980859375,26163.55078125,26152.19921875,26159.5,0,26150,26164.76458371126,26176.97137320044,474199
2025-12-24 08:15:00+00:00,26212.92080859375,26162.099609375,26154.150390625,26159.099609375,0,26150,26163.376258932512,26174.924902722258,429653
2025-12-24 08:20:00+00:00,26218.7821171875,26168.0,26157.69921875,26160.55078125,0,26150,26164.400578871675,26173.865442225724,423673
2025-12-24 08:25:00+00:00,26204.65430859375,26168.650390625,26147.0,26165.900390625,0,26150,26160.38358903945,26171.175963119385,220691
2025-12-24 08:30:00+00:00,26205.0555,26153.69921875,26139.599609375,26151.69921875,0,26150,26157.83905935964,26168.872717729464,462348
2025-12-24 08:35:00+00:00,26216.2771171875,26164.0,26146.0,26151.900390625,0,26150,26159.875779156428,26168.25728035703,394984
2025-12-24 08:40:00+00:00,26210.817,26168.400390625,26154.44921875,26164.55078125,0,26150,26159.41718610429,26167.0376203124,292706
2025-12-24 08:45:00+00:00,26207.2591171875,26162.5,26153.25,26160.599609375,0,26150,26157.92786365286,26165.5265701171,387244
2025-12-24 08:50:00+00:00,26198.0923828125,26156.80078125,26139.5,26155.650390625,0,26150,26153.88550285191,26163.060846508717,389215
2025-12-24 08:55:00+00:00,26190.62630859375,26146.349609375,26124.900390625,26144.80078125,0,26150,26148.706871692943,26159.971941867,103543
2025-12-24 09:00:00+00:00,26188.8238828125,26152.349609375,26134.0,26139.05078125,0,26150,26144.654841545296,26157.044296789874,105704
2025-12-24 09:05:00+00:00,26193.3328828125,26141.05078125,26124.19921875,26136.150390625,0,26150,26143.453488113533,26155.04510734739,314775
2025-12-24 09:10:00+00:00,26191.9786171875,26142.150390625,26129.900390625,26141.05078125,0,26150,26142.20206499236,26153.126871272714,201096
2025-12-24 09:15:00+00:00,26192.68119140625,26149.849609375,26139.349609375,26140.30078125,0,26150,26141.60150686991,26151.53606119175,327531
2025-12-24 09:20:00+00:00,26191.42869140625,26141.599609375,26124.44921875,26140.80078125,0,26150,26140.78446812161,26149.987852370905,412689
2025-12-24 09:25:00+00:00,26200.39580859375,26150.19921875,26139.55078125,26139.55078125,0,26150,26143.222848539408,26149.75182199642,450333
2025-12-24 09:30:00+00:00,26204.805,26156.599609375,26129.05078125,26148.19921875,0,26150,26146.315232359608,26150.095344246867,205319
2025-12-24 09:35:00+00:00,26192.18019140625,26166.55078125,26139.900390625,26154.05078125,0,26150,26144.176951781406,26148.82097504413,114150
2025-12-24 09:40:00+00:00,26207.1103828125,26158.75,26131.599609375,26141.349609375,0,26150,26147.71822827094,26149.56845081987,215941
2025-12-24 09:45:00+00:00,26191.92969140625,26157.650390625,26136.5,26155.900390625,0,26150,26145.028949055628,26148.32869329551,418347
2025-12-24 09:50:00+00:00,26189.4736171875,26145.44921875,26133.5,26140.349609375,0,26150,26142.419038953754,26146.93750897732,266483
2025-12-24 09:55:00+00:00,26193.93369140625,26142.150390625,26129.900390625,26140.55078125,0,26150,26142.16282284417,26146.27661918328,345299
2025-12-26 03:45:00+00:00,26183.3128828125,26139.650390625,26096.55078125,26120.75,0,26150,26138.45880897945,26144.373389441625,388195
2025-12-26 03:50:00+00:00,26184.16419140625,26134.0,26120.44921875,26128.80078125,0,26150,26136.27266952797,26142.814264589542,136034
2025-12-26 03:55:00+00:00,26185.11530859375,26139.849609375,26125.400390625,26134.349609375,0,26150,26135.131649476985,26141.568682687725,260640
2025-12-26 04:00:00+00:00,26161.56830859375,26137.19921875,26105.44921875,26131.849609375,0,26100,26126.537636109657,26137.541298523636,217538
2025-12-26 04:05:00+00:00,26146.8886171875,26112.349609375,26092.44921875,26110.19921875,0,26100,26115.924830323107,26132.18603855193,361070
2025-12-26 04:10:00+00:00,26138.673,26098.400390625,26081.849609375,26093.19921875,0,26100,26106.11655354874,26126.475283732936,340603
2025-12-26 04:15:00+00:00,26144.03330859375,26092.150390625,26082.55078125,26086.849609375,0,26100,26101.36090549083,26122.147074438195,294396
2025-12-26 04:20:00+00:00,26132.16,26095.099609375,26071.69921875,26090.30078125,0,26100,26094.240603660557,26116.87869013342,466166
2025-12-26 04:25:00+00:00,26142.78080859375,26095.150390625,26079.099609375,26079.349609375,0,26100,26093.026938898704,26113.593805038618,286315
2025-12-26 04:30:00+00:00,26147.03930859375,26094.849609375,26080.80078125,26090.150390625,0,26100,26093.634495724134,26111.250780580667,395483
2025-12-26 04:35:00+00:00,26143.08219140625,26102.099609375,26090.80078125,26092.69921875,0,26100,26092.72312735776,26108.706981836207,305345
2025-12-26 04:40:00+00:00,26143.6321171875,26094.55078125,26085.650390625,26090.849609375,0,26100,26092.298491155176,26106.54976145043,138914
2025-12-26 04:45:00+00:00,26141.57919140625,26092.55078125,26084.400390625,26090.349609375,0,26100,26091.33245764512,26104.40609009725,175263
2025-12-26 04:50:00+00:00,26133.7138828125,26090.94921875,26078.44921875,26088.650390625,0,26100,26088.07189884675,26101.549176491342,222313
2025-12-26 04:55:00+00:00,26143.9335,26093.599609375,26078.94921875,26080.150390625,0,26100,26089.297932564503,26100.32427942993,179833
2025-12-26 05:00:00+00:00,26142.9823828125,26096.25,26087.94921875,26091.69921875,0,26100,26089.79888212634,26099.13384215744,384302
2025-12-26 05:05:00+00:00,26145.6361171875,26093.44921875,26083.05078125,26089.900390625,0,26100,26091.015661000896,26098.42326423151,277787
2025-12-26 05:10:00+00:00,26145.28580859375,26097.599609375,26089.80078125,26092.150390625,0,26100,26091.710310458933,26097.757807374448,162627
2025-12-26 05:15:00+00:00,26141.77880859375,26094.099609375,26085.650390625,26093.349609375,0,26100,26091.00674343096,26096.73803262452,238929
2025-12-26 05:20:00+00:00,26142.9315,26094.099609375,26084.900390625,26088.25,0,26100,26090.921162287304,26095.98952854645,256179
2025-12-26 05:25:00+00:00,26141.57919140625,26095.05078125,26081.5,26089.75,0,26100,26090.414238399877,26095.16588630627,197238
2025-12-26 05:30:00+00:00,26139.9255,26094.55078125,26085.650390625,26089.599609375,0,26100,26089.52615893325,26094.238900517987,475794
2025-12-26 05:35:00+00:00,26130.6061171875,26089.44921875,26075.650390625,26087.80078125,0,26100,26085.83384553884,26092.26519029699,170233
2025-12-26 05:40:00+00:00,26124.9463828125,26081.0,26067.650390625,26078.150390625,0,26050,26081.489490775894,26089.83213916612,204036
2025-12-26 05:45:00+00:00,26116.629,26074.44921875,26063.75,26072.30078125,0,26050,26075.82632718393,26086.66562177035,303006
2025-12-26 05:50:00+00:00,26115.3256171875,26068.44921875,26058.55078125,26064.599609375,0,26050,26071.61729103929,26083.732321392807,200587
2025-12-26 05:55:00+00:00,26119.28469140625,26071.80078125,26062.44921875,26062.94921875,0,26050,26070.12832423453,26081.65958004683,242252
2025-12-26 06:00:00+00:00,26110.01619140625,26067.75,26053.900390625,26064.849609375,0,26050,26066.05234636469,26078.689681369106,201123
2025-12-26 06:05:00+00:00,26106.8086171875,26059.650390625,26051.849609375,26057.80078125,0,26050,26062.26797049313,26075.690873541716,357193
2025-12-26 06:10:00+00:00,26105.25669140625,26058.55078125,26050.19921875,26053.400390625,0,26050,26059.228777203756,26072.87331317712,496817
2025-12-26 06:15:00+00:00,26103.603,26055.30078125,26048.69921875,26052.599609375,0,26050,26056.65251813584,26070.201649029983,261169
2025-12-26 06:20:00+00:00,26106.3585,26056.75,26049.599609375,26050.349609375,0,26050,26055.851678757223,26068.20769290124,346377
2025-12-26 06:25:00+00:00,26108.613,26063.349609375,26053.05078125,26053.69921875,0,26050,26056.067785838157,26066.744231288583,315856
2025-12-26 06:30:00+00:00,26106.5581171875,26060.69921875,26052.599609375,26056.650390625,0,26050,26055.52826347544,26065.20735472126,272129
2025-12-26 06:35:00+00:00,26108.9143828125,26059.400390625,26050.099609375,26052.0,0,26050,26055.95243606696,26064.156533037352,183488
2025-12-26 06:40:00+00:00,26114.3745,26064.650390625,26053.150390625,26055.30078125,0,26050,26058.051624044645,26063.918216407685,134857
2025-12-26 06:45:00+00:00,26117.98130859375,26067.099609375,26058.80078125,26062.0,0,26050,26060.650952488097,26064.1596405286,154464
2025-12-26 06:50:00+00:00,26110.3156171875,26066.599609375,26050.650390625,26065.55078125,0,26050,26059.83370790873,26063.414587806277,251831
2025-12-26 06:55:00+00:00,26111.619,26065.25,26056.5,26057.94921875,0,26050,26059.72247193916,26062.92526433049,436764
2025-12-26 07:00:00+00:00,26097.99219140625,26060.80078125,26041.75,26059.19921875,0,26050,26055.115111501105,26060.797155117303,158464
2025-12-26 07:05:00+00:00,26092.98219140625,26046.599609375,26035.150390625,26045.900390625,0,26050,26050.37687120907,26058.310059555766,303070
2025-12-26 07:10:00+00:00,26091.8295,26042.900390625,26034.400390625,26039.80078125,0,26050,26046.834580806048,26055.99005211129,311080
2025-12-26 07:15:00+00:00,26091.2776171875,26042.80078125,26036.400390625,26038.30078125,0,26050,26044.2894601207,26053.89119794113,452933
2025-12-26 07:20:00+00:00,26092.5301171875,26043.25,26034.900390625,26038.19921875,0,26050,26043.009379663803,26052.21095054224,317783
2025-12-26 07:25:00+00:00,26090.3265,26041.849609375,26035.75,26039.25,0,26050,26041.42291977587,26050.46583172446,468589
2025-12-26 07:30:00+00:00,26088.17180859375,26040.599609375,26032.19921875,26038.05078125,0,26050,26039.64848297558,26048.67005393078,363177
2025-12-26 07:35:00+00:00,26087.16980859375,26037.900390625,26031.0,26034.30078125,0,26050,26038.13219177539,26046.973748361303,278415
2025-12-26 07:40:00+00:00,26094.23469140625,26044.099609375,26032.80078125,26035.25,0,26050,26039.471591391928,26046.370828644267,240585
2025-12-26 07:45:00+00:00,26100.74769140625,26052.30078125,26041.75,26041.75,0,26050,26042.531191136288,26046.65577389186,146730
2025-12-26 07:50:00+00:00,26098.1428828125,26052.25,26045.05078125,26047.0,0,26050,26043.70438784086,26046.580149811627,432824
2025-12-26 07:55:00+00:00,26101.5481171875,26053.099609375,26045.5,26045.75,0,26050,26045.61933147724,26046.938783428923,118655
2025-12-26 08:00:00+00:00,26098.69280859375,26053.30078125,26046.150390625,26048.849609375,0,26050,26045.94609077649,26046.896386672182,259826
2025-12-26 08:05:00+00:00,26099.7946171875,26050.05078125,26043.599609375,26046.150390625,0,26050,26046.530466767665,26046.99674068191,384753
2025-12-26 08:10:00+00:00,26100.7966171875,26050.900390625,26042.599609375,26047.44921875,0,26050,26047.25338409511,26047.20955044042,108482
2025-12-26 08:15:00+00:00,26100.998191406252,26054.349609375,26045.69921875,26048.150390625,0,26050,26047.802386271745,26047.42090546349,132919
2025-12-26 08:20:00+00:00,26096.589,26052.5,26041.400390625,26048.5,0,26050,26046.70159084783,26047.05579228056,295491
2025-12-26 08:25:00+00:00,26101.2976171875,26052.599609375,26042.150390625,26042.900390625,0,26050,26047.53413348189,26047.32372058924,279152
2025-12-26 08:30:00+00:00,26102.1,26053.650390625,26045.400390625,26047.650390625,0,26050,26048.35608898793,26047.658255515584,282599
2025-12-26 08:35:00+00:00,26092.8315,26051.849609375,26038.44921875,26048.94921875,0,26050,26045.820725991955,26046.79472357613,163196
2025-12-26 08:40:00+00:00,26096.23869140625,26047.05078125,26032.400390625,26040.69921875,0,26050,26045.263947536303,26046.464181957243,150284
2025-12-26 08:45:00+00:00,26079.054,26046.0,26026.44921875,26042.5,0,26050,26039.1759650242,26044.031159212587,211244
2025-12-26 08:50:00+00:00,26074.545,26029.099609375,26019.349609375,26027.900390625,0,26000,26033.61731001614,26041.33976431101,471897
2025-12-26 08:55:00+00:00,26078.052,26029.55078125,26017.150390625,26022.650390625,0,26050,26031.078206677423,26039.42229377214,404023
2025-12-26 09:00:00+00:00,26069.93619140625,26028.05078125,26014.25,26025.849609375,0,26000,26026.685601326622,26036.732055878747,293289
2025-12-26 09:05:00+00:00,26071.2885,26024.099609375,26013.55078125,26018.05078125,0,26000,26024.207067551084,26034.546798893905,457923
2025-12-26 09:10:00+00:00,26069.38430859375,26025.650390625,26014.400390625,26019.099609375,0,26000,26021.92124815906,26032.397150204044,106322
2025-12-26 09:15:00+00:00,26064.7755,26024.650390625,26011.5,26017.150390625,0,26000,26018.86416543937,26029.941256428538,262758
2025-12-26 09:20:00+00:00,26070.88730859375,26025.30078125,26008.75,26012.099609375,0,26000,26018.85931341792,26028.554800546844,391984
2025-12-26 09:25:00+00:00,26091.0271171875,26039.80078125,26018.30078125,26018.30078125,0,26050,26025.55594852861,26029.85410282224,344674
2025-12-26 09:30:00+00:00,26091.22869140625,26044.80078125,26035.30078125,26039.30078125,0,26050,26030.087429227413,26031.016138797582,330162
2025-12-26 09:35:00+00:00,26098.092,26047.650390625,26036.599609375,26038.150390625,0,26050,26035.391619484944,26032.889121447886,335262
2025-12-26 09:40:00+00:00,26100.3973828125,26051.349609375,26041.599609375,26046.30078125,0,26050,26039.69467340663,26034.81557892315,477383
2025-12-26 09:45:00+00:00,26091.47919140625,26048.25,26031.05078125,26048.25,0,26050,26039.596579146088,26035.38868038588,337035
2025-12-26 09:50:00+00:00,26095.48719140625,26047.650390625,26037.5,26040.75,0,26050,26040.86451630573,26036.39014416577,202793
2025-12-26 09:55:00+00:00,26099.74569140625,26052.44921875,26038.94921875,26042.650390625,0,26050,26043.126474412154,26037.79767497317,172756
2025-12-29 03:45:00+00:00,26102.601,26102.75,26047.25,26065.75,0,26050,26045.584316274773,26039.385465601525,366567
2025-12-29 03:50:00+00:00,26111.8186171875,26064.30078125,26044.900390625,26050.849609375,0,26050,26050.28928376652,26041.924684745085,277597
2025-12-29 03:55:00+00:00,26105.0551171875,26063.25,26051.75,26057.900390625,0,26050,26051.17592876101,26043.3027514957,391344
2025-12-29 04:00:00+00:00,26126.54919140625,26076.69921875,26050.25,26054.05078125,0,26050,26058.91741604901,26047.18995638686,172215
2025-12-29 04:05:00+00:00,26127.451382812502,26079.19921875,26067.80078125,26075.19921875,0,26100,26064.378537782675,26050.703809494757,102930
2025-12-29 04:10:00+00:00,26132.56119140625,26082.30078125,26069.19921875,26076.900390625,0,26100,26069.719155396782,26054.415882136032,294274
2025-12-29 04:15:00+00:00,26129.2048828125,26087.150390625,26076.44921875,26079.75,0,26100,26072.163030681197,26057.24524452528,455048
2025-12-29 04:20:00+00:00,26116.3276171875,26079.44921875,26062.80078125,26077.650390625,0,26050,26069.50842670413,26058.114491303368,288155
2025-12-29 04:25:00+00:00,26089.3245,26064.19921875,26036.099609375,26064.19921875,0,26050,26058.755617802755,26055.506429890447,497605
2025-12-29 04:30:00+00:00,26083.563,26042.69921875,26028.30078125,26036.650390625,0,26050,26049.67041186851,26052.50562615414,293954
2025-12-29 04:35:00+00:00,26086.8195,26034.75,26027.05078125,26030.150390625,0,26050,26044.696941245675,26050.286172884877,260590
2025-12-29 04:40:00+00:00,26086.6198828125,26039.0,26030.80078125,26035.55078125,0,26050,26041.314887913784,26048.319248930515,235027
2025-12-29 04:45:00+00:00,26076.44919140625,26035.599609375,26022.94921875,26035.599609375,0,26000,26035.676722150856,26045.329391642324,458387
2025-12-29 04:50:00+00:00,26089.67480859375,26037.599609375,26018.150390625,26024.599609375,0,26050,26036.317684558904,26044.36316885891,339073
2025-12-29 04:55:00+00:00,26080.1068828125,26037.75,26025.69921875,26036.94921875,0,26050,26033.562050122604,26042.324120407797,393689
2025-12-29 05:00:00+00:00,26071.43919140625,26028.5,26013.75,26028.5,0,26000,26028.84149695674,26039.458654184946,424556
2025-12-29 05:05:00+00:00,26070.38630859375,26022.05078125,26016.400390625,26019.849609375,0,26000,26025.344201096163,26036.8200235837,189394
2025-12-29 05:10:00+00:00,26055.40719140625,26019.599609375,26000.80078125,26018.75,0,26000,26018.02959760577,26032.64256946386,101011
2025-12-29 05:15:00+00:00,26054.7046171875,26006.400390625,25997.80078125,26003.650390625,0,26000,26012.91947132052,26028.899650624626,168668
2025-12-29 05:20:00+00:00,26059.16469140625,26011.80078125,25998.099609375,26002.75,0,26000,26010.996444422013,26026.18099312467,480126
2025-12-29 05:25:00+00:00,26057.01,26010.349609375,26003.400390625,26008.349609375,0,26000,26008.99762961468,26023.533368984088,349880
2025-12-29 05:30:00+00:00,26041.88019140625,26007.150390625,25986.80078125,26004.349609375,0,26000,26002.631883284783,26019.3292466892,392913
2025-12-29 05:35:00+00:00,26036.61969140625,25991.44921875,25979.0,25990.650390625,0,26000,25996.638052398197,26014.99438968117,343380
2025-12-29 05:40:00+00:00,26035.6666171875,25987.30078125,25979.75,25986.05078125,0,26000,25992.3251078488,26011.082493314774,462426
2025-12-29 05:45:00+00:00,26026.8991171875,25984.25,25973.44921875,25983.900390625,0,25950,25986.533144815865,26006.56583399418,371799
2025-12-29 05:50:00+00:00,26021.6895,25976.25,25965.25,25976.25,0,25950,25980.93876321058,26001.963854744907,120283
2025-12-29 05:55:00+00:00,26026.8991171875,25978.05078125,25965.75,25970.849609375,0,25950,25978.942248390387,25998.587025245542,290685
2025-12-29 06:00:00+00:00,26026.4998828125,25978.099609375,25969.44921875,25975.849609375,0,25950,25977.47842601026,25995.5824947461,168331
2025-12-29 06:05:00+00:00,26024.946,25976.849609375,25969.849609375,25976.44921875,0,25950,25975.98561734018,25992.75968290284,366634
2025-12-29 06:10:00+00:00,26027.952,25977.400390625,25969.75,25973.05078125,0,26000,25975.990411560124,25990.664722539983,269159
2025-12-29 06:15:00+00:00,26039.7255,25990.0,25973.150390625,25976.5,0,26000,25979.91027437342,25990.300382222485,180024
2025-12-29 06:20:00+00:00,26034.11469140625,25990.099609375,25979.44921875,25988.150390625,0,26000,25980.656979790616,25989.2816332728,214247
2025-12-29 06:25:00+00:00,26029.60569140625,25984.900390625,25976.05078125,25982.099609375,0,26000,25979.65478340208,25987.827727941825,480225
2025-12-29 06:30:00+00:00,26023.84419140625,25982.650390625,25969.150390625,25979.25,0,25950,25977.06998580972,25985.836810777226,245875
2025-12-29 06:35:00+00:00,26031.80930859375,25981.75,25969.05078125,25973.150390625,0,26000,25977.996526998148,25985.088410601944,444527
2025-12-29 06:40:00+00:00,26031.86019140625,25988.099609375,25976.599609375,25980.05078125,0,26000,25978.6311482071,25984.439908104825,436485
2025-12-29 06:45:00+00:00,26029.55480859375,25982.05078125,25975.05078125,25979.900390625,0,26000,25978.287301929733,25983.5848707636,168617
2025-12-29 06:50:00+00:00,26016.52880859375,25978.05078125,25961.80078125,25978.05078125,0,25950,25973.724737744826,25981.211713090022,112903
2025-12-29 06:55:00+00:00,26023.09269140625,25972.849609375,25960.849609375,25965.0,0,25950,25972.86662203821,25979.954047781892,443786
2025-12-29 07:00:00+00:00,26011.1685,25973.849609375,25958.44921875,25972.30078125,0,25950,25968.32774802548,25977.36604180916,372123
2025-12-29 07:05:00+00:00,26013.6735,25966.44921875,25957.80078125,25959.75,0,25950,25966.13516535032,25975.414036583017,274687
2025-12-29 07:10:00+00:00,26011.6186171875,25963.30078125,25956.19921875,25963.30078125,0,25950,25963.989849816884,25973.44968435389,194488
2025-12-29 07:15:00+00:00,26010.01580859375,25963.80078125,25955.25,25960.55078125,0,25950,25962.02643633626,25971.53092498153,253711
2025-12-29 07:20:00+00:00,26010.417,25961.05078125,25952.80078125,25959.44921875,0,25950,25960.850957557508,25969.90205935884,329868
2025-12-29 07:25:00+00:00,26013.3721171875,25964.55078125,25955.19921875,25959.599609375,0,25950,25961.05037795501,25968.84545428273,260873
2025-12-29 07:30:00+00:00,26020.6875,25970.25,25958.599609375,25961.94921875,0,25950,25963.616918636675,25968.833522497396,490814
2025-12-29 07:35:00+00:00,26019.936,25971.849609375,25965.599609375,25969.19921875,0,25950,25965.077945757785,25968.72933218522,413132
2025-12-29 07:40:00+00:00,26006.25830859375,25972.0,25952.349609375,25968.150390625,0,25950,25961.501833630195,25966.93186683394,249098
2025-12-29 07:45:00+00:00,26000.4478828125,25956.900390625,25939.099609375,25954.69921875,0,25950,25957.18481617013,25964.634231135948,228800
2025-12-29 07:50:00+00:00,25996.0876171875,25949.900390625,25941.69921875,25948.400390625,0,25950,25952.85628369676,25962.079854587704,273178
2025-12-29 07:55:00+00:00,25999.99580859375,25951.19921875,25942.75,25944.849609375,0,25950,25951.270725589507,25960.33232393612,489438
2025-12-29 08:00:00+00:00,25997.79219140625,25950.599609375,25944.0,25948.69921875,0,25950,25949.48061393468,25958.528332272228,123324
2025-12-29 08:05:00+00:00,25983.864,25947.599609375,25931.19921875,25946.650390625,0,25950,25943.65374262312,25955.2122907382,137298
2025-12-29 08:10:00+00:00,25992.28119140625,25943.0,25931.099609375,25932.05078125,0,25950,25942.56929195708,25953.36080322405,108905
2025-12-29 08:15:00+00:00,26001.1993828125,25951.19921875,25937.150390625,25940.849609375,0,25950,25944.81312172139,25952.85330047729,414704
2025-12-29 08:20:00+00:00,26007.00980859375,25958.30078125,25946.849609375,25950.75,0,25950,25948.241950939264,25953.134089089508,155885
2025-12-29 08:25:00+00:00,26002.3501171875,25956.5,25944.80078125,25956.25,0,25950,25948.977706876176,25952.798480297068,374132
2025-12-29 08:30:00+00:00,26003.80419140625,25957.05078125,25946.650390625,25950.75,0,25950,25949.95193479245,25952.68621908806,464649
2025-12-29 08:35:00+00:00,26010.26630859375,25959.599609375,25949.099609375,25951.900390625,0,25950,25952.751159653304,25953.394142873927,384865
2025-12-29 08:40:00+00:00,25995.23630859375,25961.05078125,25943.0,25958.099609375,0,25950,25949.617309560537,25952.13857618656,165855
2025-12-29 08:45:00+00:00,25979.1553828125,25946.69921875,25924.94921875,25942.94921875,0,25950,25942.17846679036,25949.03385181949,137642
2025-12-29 08:50:00+00:00,26008.7143828125,25956.849609375,25927.05078125,25928.30078125,0,25950,25947.05257161024,25950.004717998305,210720
2025-12-29 08:55:00+00:00,26006.75930859375,25972.44921875,25953.099609375,25956.94921875,0,25950,25949.65158419849,25950.610329420397,137166
2025-12-29 09:00:00+00:00,26007.9628828125,25958.0,25948.25,25955.099609375,0,25950,25951.78464988233,25951.29038589909,275058
2025-12-29 09:05:00+00:00,25999.896,25957.05078125,25943.900390625,25956.900390625,0,25950,25950.52309992156,25950.879087661702,377364
2025-12-29 09:10:00+00:00,25987.97180859375,25949.75,25933.25,25947.94921875,0,25950,25945.71526973937,25949.031652875867,321328
2025-12-29 09:15:00+00:00,25992.9328828125,25942.30078125,25929.099609375,25936.900390625,0,25950,25944.160440242915,25948.034043922635,278329
2025-12-29 09:20:00+00:00,25983.21230859375,25943.30078125,25931.349609375,25941.25,0,25950,25939.890163286946,25945.94848960418,213439
2025-12-29 09:25:00+00:00,25986.0676171875,25942.400390625,25922.25,25930.44921875,0,25950,25937.993181774636,25944.47983074741,463281
2025-12-29 09:30:00+00:00,25989.47480859375,25948.5,25923.650390625,25933.44921875,0,25950,25937.86199097476,25943.619803075857,429345
2025-12-29 09:35:00+00:00,25995.387,25951.05078125,25935.55078125,25937.849609375,0,25950,25939.741327316508,25943.60482769137,206347
2025-12-29 09:40:00+00:00,25995.9388828125,25949.80078125,25941.69921875,25942.05078125,0,25950,25941.177811961006,25943.660571886205,292298
2025-12-29 09:45:00+00:00,25993.03269140625,25944.55078125,25936.0,25943.349609375,0,25950,25941.168671515672,25943.346799228555,196420
2025-12-29 09:50:00+00:00,26002.80219140625,25953.0,25938.30078125,25938.75,0,25950,25944.41257788545,25944.290998153112,453548
2025-12-29 09:55:00+00:00,26001.7003828125,25953.349609375,25942.849609375,25950.599609375,0,25950,25946.20864567364,25944.979721040225,425419
2025-12-30 03:45:00+00:00,25959.8668828125,25951.0,25894.599609375,25951.0,0,25900,25933.489357532424,25940.36360356645,171775
2025-12-30 03:50:00+00:00,25936.5703828125,25908.80078125,25881.150390625,25908.650390625,0,25900,25917.25983210495,25933.41825077689,391261
2025-12-30 03:55:00+00:00,25936.3198828125,25890.400390625,25878.0,25886.0,0,25900,25906.356815153304,25927.30981708603,396765
2025-12-30 04:00:00+00:00,25957.16030859375,25905.349609375,25881.25,25884.75,0,25900,25906.02107989387,25924.56479112215,489266
2025-12-30 04:05:00+00:00,25975.99869140625,25925.099609375,25903.599609375,25905.849609375,0,25900,25912.06418347092,25924.512991060004,458712
2025-12-30 04:10:00+00:00,25991.6295,25942.5,25917.80078125,25923.55078125,0,25950,25921.29278898061,25926.417617177503,356843
2025-12-30 04:15:00+00:00,25960.0665,25941.80078125,25906.650390625,25939.94921875,0,25900,25916.945192653744,25924.146665030315,364792
2025-12-30 04:20:00+00:00,25985.21630859375,25938.400390625,25906.30078125,25907.900390625,0,25950,25922.413331560834,25925.2970330734,295790
2025-12-30 04:25:00+00:00,25987.5706171875,25954.69921875,25932.19921875,25933.849609375,0,25950,25926.84196062389,25926.597306282976,312817
2025-12-30 04:30:00+00:00,25984.21430859375,25938.349609375,25923.400390625,25935.55078125,0,25950,25928.67784354093,25927.31634416948,369725
2025-12-30 04:35:00+00:00,25977.6523828125,25932.599609375,25922.099609375,25932.150390625,0,25950,25927.71882277729,25927.12689880454,270577
2025-12-30 04:40:00+00:00,25995.1365,25949.25,25924.0,25925.44921875,0,25950,25932.895881851528,25929.14228645397,172974
2025-12-30 04:45:00+00:00,26007.56169140625,25957.0,25943.400390625,25943.75,0,25950,25940.48071810936,25932.455799475352,189668
2025-12-30 04:50:00+00:00,26020.6366171875,25968.80078125,25955.400390625,25955.400390625,0,25950,25949.886884989573,25936.986226884685,250835
2025-12-30 04:55:00+00:00,26017.02980859375,25970.599609375,25962.599609375,25967.349609375,0,25950,25954.95779311805,25940.50039969597,303928
2025-12-30 05:00:00+00:00,26025.6466171875,25975.80078125,25964.650390625,25965.94921875,0,25950,25961.204934995367,25944.65025207773,444406
2025-12-30 05:05:00+00:00,26004.4558828125,25974.05078125,25950.900390625,25973.0,0,25950,25958.320217080247,25945.637818224262,405052
2025-12-30 05:10:00+00:00,26001.1993828125,25956.349609375,25947.5,25953.900390625,0,25950,25955.31373847017,25946.09568860248,235540
2025-12-30 05:15:00+00:00,25996.28919140625,25949.94921875,25937.150390625,25949.099609375,0,25950,25951.675955855117,25945.88377635529,494664
2025-12-30 05:20:00+00:00,25983.21230859375,25948.75,25928.80078125,25943.05078125,0,25950,25944.90050702841,25944.06700548276,103632
2025-12-30 05:25:00+00:00,25979.3041171875,25932.849609375,25923.849609375,25930.900390625,0,25950,25939.083410935607,25941.98978214116,179693
2025-12-30 05:30:00+00:00,25978.1025,25934.80078125,25925.44921875,25927.599609375,0,25950,25934.805607290407,25940.022309373515,282105
2025-12-30 05:35:00+00:00,25980.6583828125,25933.900390625,25923.650390625,25926.69921875,0,25950,25932.803998610278,25938.61961835808,304104
2025-12-30 05:40:00+00:00,25973.2921171875,25929.30078125,25910.349609375,25928.30078125,0,25900,25929.019071990188,25936.473318407065,479543
2025-12-30 05:45:00+00:00,25974.2941171875,25927.05078125,25918.599609375,25921.69921875,0,25900,25926.829120910126,25934.72030594993,295023
2025-12-30 05:50:00+00:00,25969.43480859375,25928.05078125,25912.900390625,25922.75,0,25900,25923.75261706509,25932.580218878065,368178
2025-12-30 05:55:00+00:00,25966.7791171875,25920.5,25912.400390625,25917.900390625,0,25900,25920.81815096006,25930.37634386206,357888
2025-12-30 06:00:00+00:00,25948.19319140625,25915.400390625,25894.30078125,25915.400390625,0,25900,25912.67889751504,25926.129349707426,382605
2025-12-30 06:05:00+00:00,25949.3458828125,25901.55078125,25892.5,25897.599609375,0,25900,25907.636192093363,25922.557028650248,212223
2025-12-30 06:10:00+00:00,25959.7651171875,25910.19921875,25894.44921875,25898.19921875,0,25900,25907.740534312245,25920.73105241272,389499
2025-12-30 06:15:00+00:00,25963.92380859375,25917.44921875,25906.650390625,25907.94921875,0,25900,25909.193559333165,25919.652122033003,298674
2025-12-30 06:20:00+00:00,25955.65730859375,25913.599609375,25902.400390625,25910.599609375,0,25900,25907.41224268045,25917.676807950756,327543
2025-12-30 06:25:00+00:00,25950.5983828125,25904.25,25892.099609375,25903.849609375,0,25900,25904.541755536968,25915.31730461316,457776
2025-12-30 06:30:00+00:00,25943.63330859375,25903.599609375,25891.650390625,25899.94921875,0,25900,25900.311040149645,25912.38384270839,109493
2025-12-30 06:35:00+00:00,25953.1033828125,25904.849609375,25890.849609375,25892.55078125,0,25900,25900.640953849765,25910.99846002609,168812
2025-12-30 06:40:00+00:00,25936.5703828125,25905.30078125,25883.0,25902.44921875,0,25900,25895.36089631651,25907.72375017908,476075
2025-12-30 06:45:00+00:00,25942.7311171875,25893.80078125,25883.44921875,25885.44921875,0,25900,25893.89033712768,25905.626933750445,143256
2025-12-30 06:50:00+00:00,25940.67819140625,25894.599609375,25885.44921875,25891.69921875,0,25900,25892.227021626783,25903.53611585977,353299
2025-12-30 06:55:00+00:00,25937.67219140625,25895.599609375,25881.80078125,25889.150390625,0,25900,25890.11814462619,25901.331650205422,328344
2025-12-30 07:00:00+00:00,25946.0893828125,25899.650390625,25884.44921875,25886.0,0,25900,25891.51235683413,25900.452791585994,480768
2025-12-30 07:05:00+00:00,25952.65130859375,25903.400390625,25889.5,25893.599609375,0,25900,25894.624774347754,25900.50239380962,389350
2025-12-30 07:10:00+00:00,25951.5495,25906.650390625,25897.400390625,25901.30078125,0,25900,25896.333182898503,25900.40834458342,418417
2025-12-30 07:15:00+00:00,25963.42280859375,25913.30078125,25894.94921875,25900.25,0,25900,25901.421991724004,25901.807252682367,177482
2025-12-30 07:20:00+00:00,25952.65130859375,25913.650390625,25893.900390625,25912.80078125,0,25900,25901.23119760767,25901.687547268943,169108
2025-12-30 07:25:00+00:00,25943.9836171875,25904.349609375,25890.25,25900.19921875,0,25900,25898.220537988447,25900.50150620408,102936
2025-12-30 07:30:00+00:00,25940.3278828125,25896.650390625,25884.94921875,25892.80078125,0,25900,25894.997285742294,25899.007665584817,331227
2025-12-30 07:35:00+00:00,25939.17519140625,25893.30078125,25884.44921875,25889.75,0,25900,25892.464987369865,25897.55675621484,351132
2025-12-30 07:40:00+00:00,25942.13030859375,25894.900390625,25879.900390625,25886.94921875,0,25900,25891.759861371575,25896.655862859858,149971
2025-12-30 07:45:00+00:00,25949.39480859375,25900.25,25887.94921875,25891.19921875,0,25900,25893.706444039388,25896.77383117425,456326
2025-12-30 07:50:00+00:00,25943.3338828125,25901.900390625,25890.19921875,25898.55078125,0,25900,25892.98788977626,25896.12094993372,331531
2025-12-30 07:55:00+00:00,25950.5983828125,25902.900390625,25887.80078125,25891.80078125,0,25900,25894.92552026751,25896.455928848256,275305
2025-12-30 08:00:00+00:00,25965.92780859375,25914.099609375,25898.19921875,25898.55078125,0,25900,25901.31688330334,25898.6613889141,120073
2025-12-30 08:05:00+00:00,25970.1373828125,25923.30078125,25912.30078125,25914.0,0,25900,25906.978182618896,25901.11631295609,402757
2025-12-30 08:10:00+00:00,25987.22030859375,25940.849609375,25917.349609375,25920.150390625,0,25950,25916.43532487093,25905.39547500845,289987
2025-12-30 08:15:00+00:00,26006.30919140625,25960.349609375,25933.44921875,25935.5,0,25950,25929.090346788955,25911.52108946052,420825
2025-12-30 08:20:00+00:00,25989.6255,25956.55078125,25934.900390625,25953.349609375,0,25950,25931.976897859306,25914.799703277957,208881
2025-12-30 08:25:00+00:00,25990.1265,25943.44921875,25933.19921875,25938.400390625,0,25950,25934.067931906204,25917.73099036821,354882
2025-12-30 08:30:00+00:00,25996.03869140625,25951.30078125,25935.900390625,25938.0,0,25950,25937.428751479136,25921.03341540031,142399
2025-12-30 08:35:00+00:00,25989.52569140625,25944.849609375,25932.150390625,25944.349609375,0,25950,25937.502631194424,25923.1105373034,103115
2025-12-30 08:40:00+00:00,25995.48680859375,25946.94921875,25936.099609375,25937.849609375,0,25950,25939.53495725462,25925.671671312342,245198
2025-12-30 08:45:00+00:00,25994.78619140625,25958.349609375,25941.849609375,25942.25,0,25950,25940.65676837808,25927.825261226422,388584
2025-12-30 08:50:00+00:00,25989.47480859375,25947.69921875,25931.75,25943.19921875,0,25950,25939.63771537705,25929.047054745,264971
2025-12-30 08:55:00+00:00,25968.43280859375,25938.0,25915.849609375,25936.650390625,0,25900,25931.958346709704,25927.49112407375,251301
2025-12-30 09:00:00+00:00,25989.0736171875,25939.69921875,25915.44921875,25916.650390625,0,25950,25933.70530405647,25928.70463590828,122656
2025-12-30 09:05:00+00:00,25986.6703828125,25937.400390625,25922.5,25937.400390625,0,25950,25934.070463120985,25929.466654076,256028
2025-12-30 09:10:00+00:00,25994.6863828125,25946.349609375,25924.849609375,25934.099609375,0,25950,25936.980569163992,25931.133419972743,411790
2025-12-30 09:15:00+00:00,26002.1505,25951.650390625,25930.80078125,25942.599609375,0,25950,25941.403712775995,25933.52299247615,485051
2025-12-30 09:20:00+00:00,25998.3421171875,25954.849609375,25942.599609375,25951.69921875,0,25950,25943.085548100666,25935.138770760383,430357
2025-12-30 09:25:00+00:00,25990.0756171875,25951.349609375,25933.75,25945.69921875,0,25950,25941.45677165045,25935.521326759084,145211
2025-12-30 09:30:00+00:00,25988.3221171875,25942.05078125,25915.44921875,25937.05078125,0,25950,25939.7875873503,25935.63731325795,191581
2025-12-30 09:35:00+00:00,25992.3301171875,25957.349609375,25923.650390625,25935.599609375,0,25950,25940.008131150204,25936.23880144445,146867
2025-12-30 09:40:00+00:00,25993.884000000002,25944.0,25928.44921875,25936.44921875,0,25950,25940.67208743347,25936.9589512639,234733
2025-12-30 09:45:00+00:00,25992.03069140625,25946.900390625,25936.75,25940.44921875,0,25950,25940.49818849732,25937.35788118404,175457
2025-12-30 09:50:00+00:00,25999.79619140625,25948.94921875,25936.599609375,25940.19921875,0,25950,25942.965589206546,25938.67569486416,298611
2025-12-30 09:55:00+00:00,26022.4918828125,25976.75,25943.05078125,25945.849609375,0,25950,25952.160653221035,25942.66008066239,316323
2025-12-31 03:45:00+00:00,26065.67769140625,26026.849609375,25975.44921875,25975.44921875,0,26000,25972.65723235569,25951.533869407715,407655
2025-12-31 03:50:00+00:00,26055.90819140625,26013.30078125,26000.150390625,26012.55078125,0,26000,25983.071618445465,25958.079684559874,211371
2025-12-31 03:55:00+00:00,26068.3333828125,26021.80078125,25977.44921875,26003.650390625,0,26000,25994.148006046977,25965.35732164614,242318
2025-12-31 04:00:00+00:00,26056.8103828125,26023.900390625,26004.30078125,26013.099609375,0,26000,25997.698931114654,25970.287754096626,209125
2025-12-31 04:05:00+00:00,26058.91419140625,26013.400390625,25993.69921875,26001.94921875,0,26000,26000.766084284773,25974.86433366267,240155
2025-12-31 04:10:00+00:00,26025.196500000002,26009.0,25972.05078125,26006.05078125,0,25950,25991.59405618985,25974.66254195484,498907
2025-12-31 04:15:00+00:00,26034.7663828125,25987.75,25969.349609375,25973.650390625,0,26000,25988.66296454324,25975.67982186673,468845
2025-12-31 04:20:00+00:00,26036.11869140625,25989.5,25980.150390625,25982.5,0,26000,25987.158773237163,25976.738642961514,233998
2025-12-31 04:25:00+00:00,26037.06980859375,25996.19921875,25976.400390625,25982.849609375,0,26000,25986.47238528311,25977.7837637632,345740
2025-12-31 04:30:00+00:00,26029.55480859375,25993.55078125,25977.599609375,25984.69921875,0,26000,25983.51479331374,25977.760744464675,356636
2025-12-31 04:35:00+00:00,26045.2873828125,25995.099609375,25971.75,25977.5,0,26000,25986.776789292497,25979.70324906284,129665
2025-12-31 04:40:00+00:00,26048.994,26000.94921875,25990.75,25994.349609375,0,26000,25990.184526195,25981.865342929985,459299
2025-12-31 04:45:00+00:00,26059.4641171875,26010.349609375,25998.349609375,25998.349609375,0,26000,25995.93942371333,25985.063327407486,482552
2025-12-31 04:50:00+00:00,26062.92219140625,26014.75,26006.5,26009.849609375,0,26000,26000.92641268389,25988.292960309675,204126
2025-12-31 04:55:00+00:00,26070.13580859375,26020.19921875,26008.80078125,26010.55078125,0,26000,26006.650811580927,25992.01879144284,256584
2025-12-31 05:00:00+00:00,26083.0111171875,26035.30078125,26015.599609375,26016.44921875,0,26050,26014.750280637287,25996.885094856232,262563
2025-12-31 05:05:00+00:00,26077.05,26031.25,26023.349609375,26029.349609375,0,26000,26018.166853758197,26000.399457999203,330215
2025-12-31 05:10:00+00:00,26093.0311171875,26047.150390625,26022.349609375,26026.19921875,0,26050,26025.76097542213,26005.46817809305,479118
2025-12-31 05:15:00+00:00,26086.46919140625,26047.19921875,26030.849609375,26042.400390625,0,26050,26028.640780489757,26009.084704659545,219739
2025-12-31 05:20:00+00:00,26093.23269140625,26043.349609375,26029.900390625,26036.849609375,0,26050,26032.81065053484,26013.09291540523,282039
2025-12-31 05:25:00+00:00,26096.73969140625,26046.599609375,26037.349609375,26040.349609375,0,26050,26036.757230564894,26017.0375998077,116359
2025-12-31 05:30:00+00:00,26104.25469140625,26054.30078125,26043.150390625,26043.69921875,0,26050,26041.888283918262,26021.426698659863,117375
2025-12-31 05:35:00+00:00,26100.2956171875,26056.75,26045.75,26051.849609375,0,26050,26043.99192886217,26024.77326367113,156806
2025-12-31 05:40:00+00:00,26107.9123828125,26057.5,26046.44921875,26048.19921875,0,26050,26047.92821299145,26028.651703368487,393364
2025-12-31 05:45:00+00:00,26111.8186171875,26063.75,26053.55078125,26055.44921875,0,26050,26051.85188157764,26032.53264279117,182983
2025-12-31 05:50:00+00:00,26096.5381171875,26060.349609375,26043.5,26058.650390625,0,26050,26049.384327301763,26034.02221478603,187493
2025-12-31 05:55:00+00:00,26096.6398828125,26052.0,26043.5,26043.69921875,0,26050,26047.77314528451,26035.338285594025,384076
2025-12-31 06:00:00+00:00,26100.5461171875,26049.55078125,26040.349609375,26044.5,0,26050,26047.998503106344,26036.977152238524,227587
2025-12-31 06:05:00+00:00,26114.3236171875,26063.30078125,26046.75,26049.05078125,0,26050,26052.732074987565,26040.12991055246,425769
2025-12-31 06:10:00+00:00,26120.6878828125,26070.900390625,26060.650390625,26062.44921875,0,26050,26058.004977075045,26043.68251938965,385411
2025-12-31 06:15:00+00:00,26125.79769140625,26074.44921875,26058.75,26068.69921875,0,26050,26063.220114925032,26047.428503294068,479324
2025-12-31 06:20:00+00:00,26128.8526171875,26080.349609375,26070.55078125,26072.0,0,26100,26067.71314953336,26051.08734272606,375670
2025-12-31 06:25:00+00:00,26122.74080859375,26077.69921875,26065.80078125,26075.94921875,0,26050,26068.675302813903,26053.526376057176,283241
2025-12-31 06:30:00+00:00,26124.49430859375,26076.94921875,26067.69921875,26070.599609375,0,26050,26069.90007166761,26055.879280221903,356668
2025-12-31 06:35:00+00:00,26136.1171171875,26085.900390625,26069.30078125,26072.900390625,0,26100,26074.58312069507,26059.388022537914,209878
2025-12-31 06:40:00+00:00,26141.7298828125,26091.55078125,26079.900390625,26083.849609375,0,26100,26079.572340880048,26063.158367376924,308759
2025-12-31 06:45:00+00:00,26139.4753828125,26091.400390625,26083.55078125,26089.900390625,0,26100,26082.148487670034,26066.17616911106,214609
2025-12-31 06:50:00+00:00,26148.8926171875,26099.05078125,26086.349609375,26087.349609375,0,26100,26086.99873136336,26069.991550315928,274946
2025-12-31 06:55:00+00:00,26147.7418828125,26097.69921875,26089.19921875,26096.0,0,26100,26089.849414658907,26073.186454182687,292769
2025-12-31 07:00:00+00:00,26161.31780859375,26110.900390625,26092.05078125,26095.599609375,0,26100,26096.26614623094,26077.675598581725,259368
2025-12-31 07:05:00+00:00,26166.4785,26114.900390625,26106.75,26109.25,0,26100,26102.26076415396,26082.24739875901,159147
2025-12-31 07:10:00+00:00,26174.84480859375,26123.05078125,26113.900390625,26114.0,0,26100,26109.040379227645,26087.29142508601,319395
2025-12-31 07:15:00+00:00,26188.5225,26137.900390625,26120.900390625,26121.400390625,0,26150,26118.11025281843,26093.411246950254,335254
2025-12-31 07:20:00+00:00,26196.5893828125,26146.19921875,26131.349609375,26134.55078125,0,26150,26126.84042896229,26099.772438737724,375338
2025-12-31 07:25:00+00:00,26199.5445,26153.900390625,26142.69921875,26142.69921875,0,26150,26133.643619308197,26105.707133895507,112697
2025-12-31 07:30:00+00:00,26198.4916171875,26155.80078125,26145.099609375,26147.30078125,0,26150,26137.82881912213,26110.76864450232,446587
2025-12-31 07:35:00+00:00,26201.19819140625,26150.849609375,26142.400390625,26145.650390625,0,26150,26141.51934295642,26115.53511276765,401683
2025-12-31 07:40:00+00:00,26207.66030859375,26156.099609375,26146.0,26148.900390625,0,26150,26146.129431762616,26120.51192484357,379791
2025-12-31 07:45:00+00:00,26199.5445,26156.69921875,26143.25,26154.5,0,26150,26146.50295450841,26123.854184238124,394042
2025-12-31 07:50:00+00:00,26206.308,26158.599609375,26146.55078125,26146.55078125,0,26150,26149.00196967228,26127.62241120836,326110
2025-12-31 07:55:00+00:00,26208.5116171875,26160.25,26149.94921875,26151.94921875,0,26150,26151.401052698187,26131.194512151065,447827
2025-12-31 08:00:00+00:00,26203.40180859375,26164.19921875,26149.650390625,26156.599609375,0,26150,26151.300571590466,26133.682649304057,101006
2025-12-31 08:05:00+00:00,26195.3368828125,26151.55078125,26135.900390625,26150.75,0,26150,26148.550641476977,26134.8536657973,251643
2025-12-31 08:10:00+00:00,26201.298,26151.5,26141.30078125,26142.44921875,0,26150,26148.70042765132,26136.62195757264,126582
2025-12-31 08:15:00+00:00,26208.46269140625,26158.80078125,26146.5,26146.5,0,26150,26151.183748642547,26139.063011704184,242555
2025-12-31 08:20:00+00:00,26210.817,26162.94921875,26154.94921875,26154.94921875,0,26150,26153.622499095032,26141.49263524116,446872
2025-12-31 08:25:00+00:00,26220.23619140625,26179.25,26156.099609375,26158.19921875,0,26150,26158.381796271693,26144.79360466414,115093
2025-12-31 08:30:00+00:00,26216.2771171875,26169.44921875,26154.150390625,26168.94921875,0,26150,26160.237603764464,26147.18805642487,359136
2025-12-31 08:35:00+00:00,26221.6393828125,26170.900390625,26161.55078125,26162.55078125,0,26150,26163.25866292631,26149.95214702801,445805
2025-12-31 08:40:00+00:00,26219.334,26173.650390625,26163.30078125,26169.19921875,0,26150,26164.505775284208,26152.083128649512,283145
2025-12-31 08:45:00+00:00,26213.2711171875,26167.849609375,26158.349609375,26166.0,0,26150,26163.320256439478,26153.191389912077,274477
2025-12-31 08:50:00+00:00,26201.44869140625,26165.599609375,26144.400390625,26160.75,0,26150,26158.59696783465,26152.68626500119,395320
2025-12-31 08:55:00+00:00,26212.5705,26165.349609375,26149.5,26150.150390625,0,26150,26159.14797855644,26153.63173187604,360121
2025-12-31 09:00:00+00:00,26211.0166171875,26168.19921875,26156.25,26160.0,0,26150,26158.998391954294,26154.265167735284,365310
2025-12-31 09:05:00+00:00,26225.99769140625,26173.650390625,26155.099609375,26156.599609375,0,26150,26163.8823915112,26156.6883205965,170601
2025-12-31 09:10:00+00:00,26236.368,26184.75,26166.94921875,26172.849609375,0,26200,26170.588261007462,26160.102280521936,303756
2025-12-31 09:15:00+00:00,26233.76319140625,26187.0,26175.55078125,26184.150390625,0,26200,26174.192304213317,26162.76454428482,224319
2025-12-31 09:20:00+00:00,26231.1583828125,26185.349609375,26170.30078125,26181.650390625,0,26200,26175.728463225543,26164.769073905467,148283
2025-12-31 09:25:00+00:00,26228.25219140625,26185.19921875,26170.25,26179.05078125,0,26200,26175.785772358697,26166.160488495407,272562
2025-12-31 09:30:00+00:00,26186.5185,26174.55078125,26132.0,26174.55078125,0,26150,26161.9405149058,26162.17167743348,126322
2025-12-31 09:35:00+00:00,26182.7101171875,26136.55078125,26126.5,26134.849609375,0,26150,26151.4434161872,26158.206370098047,466827
2025-12-31 09:40:00+00:00,26175.1951171875,26130.849609375,26115.05078125,26130.30078125,0,26100,26141.9453503748,26153.79922617954,306003
2025-12-31 09:45:00+00:00,26182.5105,26134.900390625,26121.55078125,26124.19921875,0,26150,26138.04690024987,26150.855572907098,255430
2025-12-31 09:50:00+00:00,26179.8058828125,26132.099609375,26121.55078125,26132.099609375,0,26150,26134.54819391658,26147.94247394996,168885
2025-12-31 09:55:00+00:00,26194.13330859375,26141.849609375,26125.19921875,26128.30078125,0,26150,26136.981999069387,26147.18086587809,395809
2026-01-01 03:45:00+00:00,26220.1363828125,26195.150390625,26165.44921875,26175.05078125,0,26150,26147.254926462927,26149.75835529958,290299
2026-01-01 03:50:00+00:00,26213.42180859375,26177.55078125,26157.94921875,26166.44921875,0,26150,26151.86982076695,26151.176012059004,147495
2026-01-01 03:55:00+00:00,26239.5736171875,26189.599609375,26149.55078125,26160.349609375,0,26200,26163.646286761305,26155.67891289538,308504
2026-01-01 04:00:00+00:00,26232.45980859375,26188.900390625,26166.099609375,26184.0,0,26200,26169.13072763254,26158.73149995533,479617
2026-01-01 04:05:00+00:00,26219.98569140625,26188.94921875,26162.75,26179.5,0,26150,26168.63728196336,26159.84636128904,216351
2026-01-01 04:10:00+00:00,26233.9138828125,26187.94921875,26163.75,26167.94921875,0,26200,26172.941781725574,26162.55941378416,229631
2026-01-01 04:15:00+00:00,26240.9278828125,26189.650390625,26163.25,26178.25,0,26200,26178.14478156705,26165.808334717392,198301
2026-01-01 04:20:00+00:00,26241.47780859375,26197.0,26184.30078125,26189.0,0,26200,26181.79639083637,26168.719744049595,428174
2026-01-01 04:25:00+00:00,26209.5136171875,26192.900390625,26153.5,26189.80078125,0,26150,26173.59733347425,26167.279678387145,472665
2026-01-01 04:30:00+00:00,26224.0426171875,26172.25,26155.349609375,26157.44921875,0,26150,26172.96462856617,26167.8321209325,260485
2026-01-01 04:35:00+00:00,26218.18130859375,26179.099609375,26164.849609375,26170.400390625,0,26150,26170.59295550245,26167.584306987814,338384
2026-01-01 04:40:00+00:00,26203.45269140625,26166.25,26147.349609375,26166.150390625,0,26150,26164.1121005433,26165.53006744246,122989
2026-01-01 04:45:00+00:00,26184.41469140625,26152.150390625,26128.55078125,26151.650390625,0,26150,26153.458197237203,26161.35760784028,337962
2026-01-01 04:50:00+00:00,26188.62230859375,26137.19921875,26118.400390625,26131.69921875,0,26150,26147.75533461647,26158.23160803212,147996
2026-01-01 04:55:00+00:00,26209.66430859375,26159.75,26134.099609375,26135.94921875,0,26150,26150.95342620265,26158.12135819998,330702
2026-01-01 05:00:00+00:00,26218.332,26167.099609375,26147.599609375,26158.69921875,0,26150,26155.96895080177,26159.106188424983,389428
2026-01-01 05:05:00+00:00,26214.42380859375,26173.5,26159.0,26165.80078125,0,26150,26158.012503659516,26159.480366043736,457793
2026-01-01 05:10:00+00:00,26213.67230859375,26163.44921875,26149.400390625,26162.25,0,26150,26159.124872231347,26159.714021460142,146877
2026-01-01 05:15:00+00:00,26234.6145,26182.900390625,26160.94921875,26161.099609375,0,26200,26166.83324815423,26162.531018777623,463247
2026-01-01 05:20:00+00:00,26231.859,26185.599609375,26177.400390625,26181.94921875,0,26200,26171.05549876949,26164.65214143042,106343
2026-01-01 05:25:00+00:00,26223.2911171875,26180.69921875,26168.099609375,26180.0,0,26150,26171.02007209633,26165.439276095367,337516
2026-01-01 05:30:00+00:00,26217.17930859375,26180.650390625,26161.400390625,26171.05078125,0,26150,26168.96325118922,26165.36556775532,255941
2026-01-01 05:35:00+00:00,26216.92880859375,26173.099609375,26161.25,26164.55078125,0,26150,26167.50870391781,26165.26982295778,211108
2026-01-01 05:40:00+00:00,26222.841,26174.30078125,26157.44921875,26164.099609375,0,26150,26168.50580261188,26165.923595088057,144870
2026-01-01 05:45:00+00:00,26222.34,26171.55078125,26158.5,26170.5,0,26150,26169.00386840792,26166.43314570205,270137
2026-01-01 05:50:00+00:00,26222.2891171875,26175.05078125,26163.69921875,26169.94921875,0,26150,26169.318985188616,26166.87265483304,329307
2026-01-01 05:55:00+00:00,26218.1323828125,26177.75,26161.94921875,26169.0,0,26150,26168.146250542413,26166.73867063516,329853
2026-01-01 06:00:00+00:00,26213.17130859375,26173.849609375,26157.349609375,26165.75,0,26150,26165.714036819943,26166.00253797764,194136
2026-01-01 06:05:00+00:00,26213.322,26167.94921875,26156.55078125,26160.650390625,0,26150,26164.142691213296,26165.37722073044,221678
2026-01-01 06:10:00+00:00,26197.13930859375,26164.900390625,26142.599609375,26160.55078125,0,26150,26157.711663933864,26162.811269311005,321980
2026-01-01 06:15:00+00:00,26191.5285,26146.25,26137.30078125,26144.099609375,0,26150,26151.55777595591,26159.86611064713,459470
2026-01-01 06:20:00+00:00,26200.5465,26149.94921875,26133.400390625,26138.94921875,0,26150,26150.455183970607,26158.41409681624,370944
2026-01-01 06:25:00+00:00,26203.6033828125,26154.099609375,26141.650390625,26147.849609375,0,26150,26150.737049730407,26157.52493237046,129481
2026-01-01 06:30:00+00:00,26194.0843828125,26158.19921875,26139.349609375,26151.150390625,0,26150,26147.758293570278,26155.5594134804,124680
2026-01-01 06:35:00+00:00,26183.11130859375,26144.5,26124.30078125,26141.75,0,26150,26142.122065505184,26152.470687967227,342860
2026-01-01 06:40:00+00:00,26177.25,26136.599609375,26123.94921875,26130.0,0,26100,26136.41471033679,26149.036851971323,262275
2026-01-01 06:45:00+00:00,26187.4696171875,26135.19921875,26114.19921875,26124.349609375,0,26150,26136.00954647453,26147.307147818658,215353
2026-01-01 06:50:00+00:00,26193.5833828125,26141.30078125,26128.19921875,26135.400390625,0,26150,26137.773291399688,26146.556351997577,448398
2026-01-01 06:55:00+00:00,26202.90080859375,26155.900390625,26137.44921875,26140.650390625,0,26150,26142.048730724797,26147.06175916976,299591
2026-01-01 07:00:00+00:00,26206.7581171875,26154.44921875,26139.05078125,26150.150390625,0,26150,26146.182226733195,26147.985191617285,383324
2026-01-01 07:05:00+00:00,26182.2091171875,26155.349609375,26127.25,26153.05078125,0,26150,26140.77122407213,26145.730695008875,290163
2026-01-01 07:10:00+00:00,26194.5853828125,26142.5,26126.849609375,26129.55078125,0,26150,26141.28107646476,26145.30195578901,414935
2026-01-01 07:15:00+00:00,26208.71319140625,26162.55078125,26140.5,26141.599609375,0,26150,26146.320847851508,26146.689260143517,395895
2026-01-01 07:20:00+00:00,26202.5505,26158.25,26147.099609375,26156.80078125,0,26150,26147.63056523434,26147.134352625573,440126
2026-01-01 07:25:00+00:00,26203.90280859375,26158.05078125,26147.25,26150.349609375,0,26150,26148.953579947894,26147.69250971925,270872
2026-01-01 07:30:00+00:00,26204.1043828125,26155.599609375,26147.55078125,26152.44921875,0,26150,26149.9026470486,26148.206043660597,371526
2026-01-01 07:35:00+00:00,26208.2611171875,26157.0,26150.099609375,26151.599609375,0,26150,26151.918170949062,26149.17394054677,475782
2026-01-01 07:40:00+00:00,26203.7521171875,26158.69921875,26144.349609375,26155.80078125,0,26150,26151.76185354938,26149.458350322173,413134
2026-01-01 07:45:00+00:00,26217.7801171875,26167.94921875,26149.900390625,26150.80078125,0,26150,26156.32430861625,26151.45720887565,437362
2026-01-01 07:50:00+00:00,26182.8118828125,26166.19921875,26129.69921875,26164.94921875,0,26150,26147.733132827507,26148.843905422444,293090
2026-01-01 07:55:00+00:00,26206.7581171875,26157.349609375,26130.349609375,26130.5,0,26150,26149.971828135007,26149.54456958839,488226
2026-01-01 08:00:00+00:00,26198.89280859375,26161.349609375,26145.19921875,26155.349609375,0,26150,26148.847755215007,26149.17644956172,137333
2026-01-01 08:05:00+00:00,26198.3428828125,26154.650390625,26141.099609375,26146.849609375,0,26150,26147.91543056001,26148.78574102275,431168
2026-01-01 08:10:00+00:00,26199.094382812502,26148.30078125,26137.94921875,26146.349609375,0,26150,26147.543880790006,26148.53762105116,342053
2026-01-01 08:15:00+00:00,26199.14330859375,26149.55078125,26139.25,26146.099609375,0,26150,26147.312456985004,26148.32661959164,441871
2026-01-01 08:20:00+00:00,26210.71719140625,26161.900390625,26145.849609375,26146.30078125,0,26150,26151.008434865005,26149.58584097081,164567
2026-01-01 08:25:00+00:00,26209.71519140625,26163.19921875,26153.94921875,26159.150390625,0,26150,26153.13908678501,26150.562659677584,271438
2026-01-01 08:30:00+00:00,26220.336,26172.05078125,26153.19921875,26157.099609375,0,26150,26158.09272452334,26152.74232721789,339222
2026-01-01 08:35:00+00:00,26215.3768828125,26176.19921875,26162.599609375,26169.05078125,0,26150,26159.74541009889,26154.0308839719,277750
2026-01-01 08:40:00+00:00,26220.336,26170.150390625,26160.80078125,26162.599609375,0,26150,26162.49694006593,26155.777023475413,158588
2026-01-01 08:45:00+00:00,26223.5416171875,26175.099609375,26161.599609375,26166.849609375,0,26150,26165.39769962729,26157.704797884737,420974
2026-01-01 08:50:00+00:00,26213.2711171875,26178.0,26154.69921875,26171.05078125,0,26150,26163.9148726682,26158.11035049289,237413
2026-01-01 08:55:00+00:00,26204.70519140625,26162.599609375,26151.900390625,26160.55078125,0,26150,26160.07671198713,26157.39660550941,209255
2026-01-01 09:00:00+00:00,26214.825,26164.30078125,26149.30078125,26152.150390625,0,26150,26160.88447465809,26158.03452982073,212089
2026-01-01 09:05:00+00:00,26216.6293828125,26166.25,26159.30078125,26162.55078125,0,26150,26162.023243522064,26158.81781124939,344739
2026-01-01 09:10:00+00:00,26211.96969140625,26166.349609375,26157.900390625,26164.650390625,0,26150,26161.23229255638,26158.92188367134,381218
2026-01-01 09:15:00+00:00,26206.70919140625,26163.849609375,26152.69921875,26160.349609375,0,26150,26158.954991912586,26158.356697040548,232229
2026-01-01 09:20:00+00:00,26207.71119140625,26164.0,26150.900390625,26154.0,0,26150,26157.770124816725,26157.987158738604,120309
2026-01-01 09:25:00+00:00,26212.72119140625,26165.80078125,26155.94921875,26156.05078125,0,26150,26158.646880086155,26158.288812724404,174910
2026-01-01 09:30:00+00:00,26214.1243828125,26166.0,26137.650390625,26163.19921875,0,26150,26159.698180474108,26158.727808790103,455479
2026-01-01 09:35:00+00:00,26204.0026171875,26168.599609375,26151.05078125,26162.94921875,0,26150,26157.031859899405,26157.84923503509,423777
2026-01-01 09:40:00+00:00,26195.13530859375,26154.150390625,26135.94921875,26152.650390625,0,26150,26152.30444305794,26155.974281827577,161514
2026-01-01 09:45:00+00:00,26195.88680859375,26146.19921875,26126.80078125,26142.55078125,0,26150,26149.40283183029,26154.42744777101,324535
2026-01-01 09:50:00+00:00,26190.3268828125,26145.44921875,26134.650390625,26144.599609375,0,26150,26145.6188149702,26152.38036445588,416204
2026-01-01 09:55:00+00:00,26192.5305,26145.150390625,26129.099609375,26139.55078125,0,26150,26143.829209980133,26150.864068898896,339222
2026-01-02 03:45:00+00:00,26234.01369140625,26181.650390625,26125.099609375,26150.25,0,26200,26156.43627019509,26154.71235911466,398870
2026-01-02 03:50:00+00:00,26244.8341171875,26202.150390625,26178.5,26181.75,0,26200,26168.440586380064,26159.42946656908,391609
2026-01-02 03:55:00+00:00,26260.51580859375,26210.05078125,26181.150390625,26192.599609375,0,26200,26181.660260711717,26165.513234419817,494505
2026-01-02 04:00:00+00:00,26250.04569140625,26215.900390625,26196.150390625,26207.0,0,26200,26186.990304016144,26169.530378945467,122817
2026-01-02 04:05:00+00:00,26264.07369140625,26212.75,26195.900390625,26199.30078125,0,26200,26195.210332885767,26174.79538040541,194030
2026-01-02 04:10:00+00:00,26300.5468828125,26248.099609375,26210.69921875,26211.75,0,26250,26212.823815673844,26183.952305510986,489734
2026-01-02 04:15:00+00:00,26306.3083828125,26257.099609375,26243.650390625,26248.349609375,0,26250,26226.48280419923,26192.68336497836,108934
2026-01-02 04:20:00+00:00,26320.536,26270.80078125,26253.75,26253.94921875,0,26250,26240.321869466155,26202.097944356065,106604
2026-01-02 04:25:00+00:00,26307.10880859375,26268.75,26253.55078125,26268.30078125,0,26250,26245.08111610244,26208.66065248343,309028
2026-01-02 04:30:00+00:00,26304.4531171875,26261.0,26246.5,26254.099609375,0,26250,26247.370483651623,26214.071723266752,478378
2026-01-02 04:35:00+00:00,26292.1786171875,26254.80078125,26239.44921875,26252.599609375,0,26250,26244.813395351088,26217.27516020216,307616
2026-01-02 04:40:00+00:00,26307.15969140625,26255.849609375,26238.650390625,26240.25,0,26250,26248.092393775725,26221.947064005013,242486
2026-01-02 04:45:00+00:00,26303.90319140625,26266.19921875,26248.30078125,26254.900390625,0,26250,26249.195059392157,26225.62872983251,247499
2026-01-02 04:50:00+00:00,26304.504,26256.69921875,26246.650390625,26251.650390625,0,26250,26250.13003959477,26228.92513860345,296394
2026-01-02 04:55:00+00:00,26299.59380859375,26253.849609375,26243.900390625,26252.25,0,26250,26249.119896188186,26231.19694744989,489126
2026-01-02 05:00:00+00:00,26292.7305,26247.44921875,26235.05078125,26246.80078125,0,26250,26246.16326412546,26232.328579018656,117312
2026-01-02 05:05:00+00:00,26306.007,26255.900390625,26239.0,26239.900390625,0,26250,26248.608842750305,26234.975006641325,377803
2026-01-02 05:10:00+00:00,26306.15769140625,26259.94921875,26248.75,26254.650390625,0,26250,26250.28935870854,26237.309429639285,298701
2026-01-02 05:15:00+00:00,26313.9721171875,26264.30078125,26252.05078125,26253.69921875,0,26250,26254.009312055696,26240.326903278125,490641
2026-01-02 05:20:00+00:00,26310.8173828125,26267.849609375,26256.150390625,26261.349609375,0,26250,26255.43980178713,26242.57363802461,107088
2026-01-02 05:25:00+00:00,26315.87630859375,26264.19921875,26252.69921875,26258.19921875,0,26250,26258.076404316424,26245.17063444341,254975
2026-01-02 05:30:00+00:00,26309.514,26265.05078125,26253.75,26262.69921875,0,26250,26257.717602877616,26246.64930513798,284308
2026-01-02 05:35:00+00:00,26304.504,26260.099609375,26248.05078125,26256.55078125,0,26250,26255.811735251744,26247.318141995733,377573
2026-01-02 05:40:00+00:00,26306.5588828125,26257.69921875,26243.30078125,26251.849609375,0,26250,26255.2247505845,26248.15972190252,389444
2026-01-02 05:45:00+00:00,26314.62380859375,26265.5,26252.75,26253.30078125,0,26250,26257.516370181336,26249.902207836574,378514
2026-01-02 05:50:00+00:00,26318.13080859375,26269.650390625,26259.69921875,26261.55078125,0,26250,26260.210783245893,26251.86438302888,157684
2026-01-02 05:55:00+00:00,26325.7965,26274.69921875,26262.69921875,26265.900390625,0,26250,26264.5571888306,26254.537585150272,190470
2026-01-02 06:00:00+00:00,26337.1198828125,26285.69921875,26270.69921875,26273.349609375,0,26300,26271.221719637066,26258.289234662738,159330
2026-01-02 06:05:00+00:00,26336.568,26286.099609375,26279.349609375,26284.80078125,0,26300,26275.48114642471,26261.50308032989,310126
2026-01-02 06:10:00+00:00,26338.071,26288.75,26276.69921875,26283.849609375,0,26300,26278.82076428314,26264.50269528866,134589
2026-01-02 06:15:00+00:00,26342.7796171875,26291.05078125,26280.55078125,26285.599609375,0,26300,26282.61358243876,26267.714760721326,328514
2026-01-02 06:20:00+00:00,26347.18880859375,26297.099609375,26286.94921875,26289.849609375,0,26300,26286.608924750843,26271.07536680304,119459
2026-01-02 06:25:00+00:00,26332.56,26294.80078125,26278.099609375,26294.650390625,0,26300,26284.405949833897,26272.190945952658,242479
2026-01-02 06:30:00+00:00,26339.67380859375,26288.5,26275.05078125,26280.69921875,0,26300,26285.3038363476,26274.05452888045,484762
2026-01-02 06:35:00+00:00,26338.92230859375,26291.19921875,26283.75,26287.099609375,0,26300,26285.65242735673,26275.591413942268,145739
2026-01-02 06:40:00+00:00,26340.17480859375,26290.099609375,26282.94921875,26286.55078125,0,26300,26286.30148802949,26277.09243837136,127249
2026-01-02 06:45:00+00:00,26332.059,26290.94921875,26277.0,26287.099609375,0,26300,26284.034325352997,26277.393383574938,167220
2026-01-02 06:50:00+00:00,26347.94030859375,26296.650390625,26279.94921875,26280.349609375,0,26300,26287.806086693665,26279.637911799942,432366
2026-01-02 06:55:00+00:00,26350.44530859375,26301.0,26291.900390625,26295.0,0,26300,26291.15392758745,26281.914373996828,316350
2026-01-02 07:00:00+00:00,26362.21880859375,26310.599609375,26296.5,26297.44921875,0,26300,26297.302488183297,26285.375028419097,164663
2026-01-02 07:05:00+00:00,26356.4083828125,26312.25,26302.349609375,26309.75,0,26300,26299.4685858722,26287.67824752296,306798
2026-01-02 07:10:00+00:00,26355.656882812502,26309.05078125,26302.75,26303.94921875,0,26300,26300.662650998136,26289.59981423884,224772
2026-01-02 07:15:00+00:00,26341.97919140625,26304.25,26286.69921875,26301.650390625,0,26300,26296.908564207093,26289.574886287108,369872
2026-01-02 07:20:00+00:00,26345.085,26295.30078125,26288.30078125,26291.05078125,0,26300,26295.439042804734,26289.94052550122,172415
2026-01-02 07:25:00+00:00,26348.2906171875,26298.55078125,26289.099609375,26291.900390625,0,26300,26295.525768119827,26290.66036215732,271106
2026-01-02 07:30:00+00:00,26349.3435,26297.849609375,26290.19921875,26294.94921875,0,26300,26295.93384541322,26291.421566887653,123281
2026-01-02 07:35:00+00:00,26349.74469140625,26301.5,26294.94921875,26295.75,0,26300,26296.339360483817,26292.137669854823,323933
2026-01-02 07:40:00+00:00,26355.3555,26305.900390625,26295.25,26297.150390625,0,26300,26298.476240322547,26293.46421112297,447076
2026-01-02 07:45:00+00:00,26358.46130859375,26306.400390625,26301.05078125,26302.75,0,26300,26300.934030006694,26295.012385904472,490733
2026-01-02 07:50:00+00:00,26362.71980859375,26314.5,26302.75,26305.849609375,0,26300,26303.98922312947,26296.89828883829,474653
2026-01-02 07:55:00+00:00,26355.105,26311.69921875,26300.19921875,26310.69921875,0,26300,26303.49281541965,26297.598502733505,287652
2026-01-02 08:00:00+00:00,26357.0581171875,26307.400390625,26298.94921875,26302.099609375,0,26300,26303.81161652977,26298.45484223557,185676
2026-01-02 08:05:00+00:00,26357.25969140625,26310.05078125,26302.099609375,26306.25,0,26300,26304.09120789485,26299.229285784244,412333
2026-01-02 08:10:00+00:00,26357.20880859375,26307.94921875,26299.80078125,26304.5,0,26300,26304.260675054906,26299.90057623309,327702
2026-01-02 08:15:00+00:00,26356.25769140625,26309.75,26298.099609375,26304.69921875,0,26300,26304.0572469116,26300.36930303208,153023
2026-01-02 08:20:00+00:00,26357.96030859375,26310.94921875,26299.849609375,26303.400390625,0,26300,26304.4880343994,26300.991841324943,333913
2026-01-02 08:25:00+00:00,26350.69580859375,26307.05078125,26296.349609375,26305.19921875,0,26300,26302.35855939127,26300.6303123312,385078
2026-01-02 08:30:00+00:00,26350.596,26304.19921875,26295.94921875,26298.599609375,0,26300,26300.905706260848,26300.3015232898,335873
2026-01-02 08:35:00+00:00,26356.5571171875,26304.5,26295.80078125,26297.849609375,0,26300,26301.9202104239,26300.75748522233,262163
2026-01-02 08:40:00+00:00,26355.4063828125,26306.599609375,26299.400390625,26304.150390625,0,26300,26302.2137340326,26301.012897225784,225835
2026-01-02 08:45:00+00:00,26358.4123828125,26308.80078125,26301.75,26302.599609375,0,26300,26303.4094164384,26301.61138272881,321622
2026-01-02 08:50:00+00:00,26366.27769140625,26314.55078125,26302.30078125,26307.599609375,0,26300,26306.823074500604,26303.116258715832,110575
2026-01-02 08:55:00+00:00,26359.9153828125,26313.44921875,26303.650390625,26313.44921875,0,26300,26306.98231008374,26303.639324032603,243479
2026-01-02 09:00:00+00:00,26338.22169140625,26307.0,26278.19921875,26307.0,0,26300,26299.87167026416,26301.39070735665,111368
2026-01-02 09:05:00+00:00,26326.19769140625,26285.349609375,26272.849609375,26285.150390625,0,26250,26291.131243717777,26297.923167765195,107394
2026-01-02 09:10:00+00:00,26324.344382812502,26277.900390625,26267.19921875,26273.25,0,26250,26284.68775622852,26294.657869450795,324456
2026-01-02 09:15:00+00:00,26324.0938828125,26273.55078125,26265.849609375,26272.099609375,0,26250,26280.30876456901,26291.76948342569,118497
2026-01-02 09:20:00+00:00,26338.3723828125,26288.599609375,26270.849609375,26272.25,0,26300,26282.139436796013,26291.02339565373,295681
2026-01-02 09:25:00+00:00,26346.8385,26296.5,26283.80078125,26286.849609375,0,26300,26286.176291197346,26291.42672119702,226056
2026-01-02 09:30:00+00:00,26365.72580859375,26315.30078125,26297.05078125,26297.05078125,0,26300,26295.1507305899,26294.135832219265,128222
2026-01-02 09:35:00+00:00,26375.24480859375,26322.599609375,26308.849609375,26309.599609375,0,26300,26304.3003568516,26297.69380436373,298732
2026-01-02 09:40:00+00:00,26377.3995,26331.80078125,26320.80078125,26320.80078125,0,26300,26311.116904567734,26301.075828818262,100479
2026-01-02 09:45:00+00:00,26378.9025,26326.80078125,26319.5,26322.69921875,0,26350,26316.161269711825,26304.222600215984,275611
2026-01-02 09:50:00+00:00,26386.1161171875,26336.30078125,26321.75,26324.44921875,0,26350,26321.923919391214,26307.875927532736,186348
2026-01-02 09:55:00+00:00,26388.3706171875,26339.099609375,26329.44921875,26332.19921875,0,26350,26326.515685844148,26311.35383893489,177493
2026-01-05 03:45:00+00:00,26392.9305,26350.400390625,26306.650390625,26341.900390625,0,26350,26331.093790562765,26314.965859068037,239785
2026-01-05 03:50:00+00:00,26350.1458828125,26340.94921875,26293.900390625,26340.94921875,0,26300,26319.91278745851,26312.78897434078,419573
2026-01-05 03:55:00+00:00,26354.20280859375,26323.25,26288.30078125,26300.19921875,0,26300,26313.80839476401,26311.390303720054,136276
2026-01-05 04:00:00+00:00,26324.89430859375,26301.650390625,26269.75,26301.19921875,0,26250,26299.988799634342,26306.510216926927,486748
2026-01-05 04:05:00+00:00,26330.70669140625,26282.650390625,26263.80078125,26272.599609375,0,26300,26292.709329964564,26302.965238639183,177754
2026-01-05 04:10:00+00:00,26331.8085,26296.94921875,26272.19921875,26278.349609375,0,26300,26288.222886643045,26300.00083380929,283589
2026-01-05 04:15:00+00:00,26351.5471171875,26298.94921875,26274.0,26280.099609375,0,26300,26291.7983306787,26299.86938192688,129780
2026-01-05 04:20:00+00:00,26357.61,26311.650390625,26285.5,26299.099609375,0,26300,26296.19888711913,26300.51070918602,317070
2026-01-05 04:25:00+00:00,26369.53419140625,26326.5,26303.75,26305.099609375,0,26300,26303.09938828776,26302.55941936589,443510
2026-01-05 04:30:00+00:00,26344.584,26324.30078125,26291.599609375,26317.0,0,26300,26299.399592191843,26301.239491945154,125501
2026-01-05 04:35:00+00:00,26388.02030859375,26336.400390625,26285.099609375,26292.0,0,26350,26311.382931252894,26305.503256623884,380770
2026-01-05 04:40:00+00:00,26391.82869140625,26342.30078125,26331.75,26334.80078125,0,26350,26320.6387510436,26309.709148374022,379919
2026-01-05 04:45:00+00:00,26410.0153828125,26360.44921875,26337.0,26339.099609375,0,26350,26332.85942777907,26315.65810248352,417228
2026-01-05 04:50:00+00:00,26420.4346171875,26369.099609375,26351.44921875,26356.150390625,0,26350,26344.47269143605,26322.163242016828,167940
2026-01-05 04:55:00+00:00,26407.2598828125,26372.849609375,26353.0,26366.849609375,0,26350,26347.832054707367,26326.21168442097,274651
2026-01-05 05:00:00+00:00,26405.30480859375,26358.25,26349.55078125,26354.849609375,0,26350,26349.42123959658,26329.51017504023,419531
2026-01-05 05:05:00+00:00,26415.726,26363.0,26349.80078125,26352.599609375,0,26350,26353.947493064392,26333.6964031602,382712
2026-01-05 05:10:00+00:00,26401.09719140625,26363.349609375,26333.94921875,26362.900390625,0,26350,26352.098458917928,26335.5344015933,102044
2026-01-05 05:15:00+00:00,26404.85469140625,26357.5,26343.400390625,26348.5,0,26350,26352.115769486954,26337.611400222264,284717
2026-01-05 05:20:00+00:00,26409.1621171875,26361.349609375,26350.94921875,26351.25,0,26350,26353.56025257464,26339.96612753823,407149
2026-01-05 05:25:00+00:00,26402.29880859375,26362.05078125,26348.94921875,26356.05078125,0,26350,26352.24003817476,26341.170312767827,231996
2026-01-05 05:30:00+00:00,26414.57330859375,26365.0,26346.650390625,26348.0,0,26350,26355.44322857484,26343.755224843724,396594
2026-01-05 05:35:00+00:00,26405.805808593752,26363.55078125,26349.94921875,26362.5,0,26350,26354.662022174896,26344.92327291013,314993
2026-01-05 05:40:00+00:00,26411.9685,26360.900390625,26348.0,26352.30078125,0,26350,26356.1913481166,26346.71411379637,229376
2026-01-05 05:45:00+00:00,26396.787808593752,26361.349609375,26341.55078125,26358.94921875,0,26350,26352.160768536065,26346.3873007437,362832
2026-01-05 05:50:00+00:00,26373.3915,26346.80078125,26320.400390625,26343.75,0,26300,26341.690512357374,26343.182638150734,208078
2026-01-05 05:55:00+00:00,26379.30369140625,26329.599609375,26313.849609375,26320.30078125,0,26350,26336.677138446583,26341.116107210026,299944
2026-01-05 06:00:00+00:00,26371.78869140625,26335.30078125,26316.80078125,26327.400390625,0,26300,26330.83488917273,26338.37039263689,274700
2026-01-05 06:05:00+00:00,26377.951382812502,26326.150390625,26315.5,26317.55078125,0,26350,26328.990186531817,26336.736691213533,123598
2026-01-05 06:10:00+00:00,26391.3766171875,26341.599609375,26324.0,26325.849609375,0,26350,26332.22653060455,26336.98200715559,162612
2026-01-05 06:15:00+00:00,26389.6231171875,26341.150390625,26329.900390625,26338.69921875,0,26350,26333.80075998637,26336.97790860489,469846
2026-01-05 06:20:00+00:00,26378.4015,26340.25,26322.25,26337.650390625,0,26350,26331.117173324248,26335.57442002928,413130
2026-01-05 06:25:00+00:00,26384.7148828125,26337.30078125,26317.650390625,26325.30078125,0,26350,26331.42837596617,26335.13396518187,201562
2026-01-05 06:30:00+00:00,26372.3895,26334.099609375,26311.5,26331.5,0,26300,26327.53558397745,26333.21096953413,314208
2026-01-05 06:35:00+00:00,26375.79669140625,26327.05078125,26313.75,26319.5,0,26300,26326.07385285997,26331.95339717049,208931
2026-01-05 06:40:00+00:00,26385.8656171875,26334.849609375,26319.05078125,26322.900390625,0,26350,26328.44897482332,26332.109124867933,435085
2026-01-05 06:45:00+00:00,26389.32369140625,26339.94921875,26331.349609375,26334.19921875,0,26350,26331.182780090545,26332.676783087565,329662
2026-01-05 06:50:00+00:00,26390.07519140625,26343.349609375,26329.5,26336.0,0,26350,26333.255316935363,26333.267234029743,434851
2026-01-05 06:55:00+00:00,26386.06719140625,26337.80078125,26329.80078125,26336.849609375,0,26350,26333.30367483191,26333.28387860415,362597
2026-01-05 07:00:00+00:00,26386.6171171875,26341.69921875,26331.900390625,26333.099609375,0,26350,26333.51885613794,26333.36704612238,259218
2026-01-05 07:05:00+00:00,26388.3706171875,26341.94921875,26332.599609375,26333.099609375,0,26350,26334.24564367529,26333.658567700837,230917
2026-01-05 07:10:00+00:00,26385.7168828125,26338.900390625,26330.44921875,26336.349609375,0,26350,26333.8473562002,26333.58259439448,301669
2026-01-05 07:15:00+00:00,26386.31769140625,26333.650390625,26326.400390625,26332.849609375,0,26350,26333.78170100847,26333.59106892329,107834
2026-01-05 07:20:00+00:00,26395.686,26349.349609375,26333.349609375,26333.80078125,0,26350,26336.85446733898,26334.767185307883,214807
2026-01-05 07:25:00+00:00,26386.06719140625,26346.5,26330.5,26342.900390625,0,26350,26335.70310843432,26334.59633597252,419364
2026-01-05 07:30:00+00:00,26382.2098828125,26334.900390625,26328.650390625,26333.150390625,0,26350,26333.652332706217,26333.965641632207,212488
2026-01-05 07:35:00+00:00,26373.0901171875,26330.25,26319.44921875,26329.94921875,0,26300,26329.251294720816,26332.27608877193,210252
2026-01-05 07:40:00+00:00,26361.3675,26322.0,26307.80078125,26320.349609375,0,26300,26322.41752981388,26329.33532767544,483561
2026-01-05 07:45:00+00:00,26356.70780859375,26308.400390625,26293.69921875,26308.150390625,0,26300,26316.31155633425,26326.180862887883,278717
2026-01-05 07:50:00+00:00,26361.46730859375,26312.25,26295.44921875,26303.75,0,26300,26313.82424068117,26324.014456198773,182094
2026-01-05 07:55:00+00:00,26347.23969140625,26312.900390625,26292.849609375,26309.44921875,0,26300,26307.43295732912,26320.34394800205,428288
2026-01-05 08:00:00+00:00,26340.8773828125,26295.75,26282.650390625,26295.150390625,0,26300,26301.055565302748,26316.33855215804,272730
2026-01-05 08:05:00+00:00,26335.6168828125,26290.0,26280.400390625,26287.150390625,0,26300,26295.0539706185,26312.177580794538,495503
2026-01-05 08:10:00+00:00,26348.8933828125,26298.30078125,26279.849609375,26283.400390625,0,26300,26295.469574162336,26310.19298085147,299619
2026-01-05 08:15:00+00:00,26322.4891171875,26296.099609375,26269.94921875,26296.099609375,0,26250,26286.96278902489,26305.162510588787,308574
2026-01-05 08:20:00+00:00,26314.023,26270.150390625,26257.30078125,26270.0,0,26250,26278.47519268326,26299.704696765188,461442
2026-01-05 08:25:00+00:00,26305.10480859375,26270.150390625,26252.599609375,26262.150390625,0,26250,26269.849998247177,26293.816560841413,362127
2026-01-05 08:30:00+00:00,26276.397117187502,26253.25,26222.150390625,26252.19921875,0,26200,26254.549738414786,26285.083143079988,422121
2026-01-05 08:35:00+00:00,26271.3871171875,26228.650390625,26210.349609375,26224.19921875,0,26200,26242.682898526524,26276.816402538738,396568
2026-01-05 08:40:00+00:00,26279.2035,26231.099609375,26218.599609375,26218.599609375,0,26250,26237.37193235102,26270.5581022214,497185
2026-01-05 08:45:00+00:00,26278.60269140625,26236.05078125,26223.900390625,26226.80078125,0,26250,26233.631418442343,26265.007138271845,493596
2026-01-05 08:50:00+00:00,26286.56780859375,26235.94921875,26210.80078125,26226.0,0,26250,26233.78748208657,26261.14369715974,334161
2026-01-05 08:55:00+00:00,26279.7045,26239.30078125,26226.25,26234.349609375,0,26250,26231.60832139105,26256.90698501477,357897
2026-01-05 09:00:00+00:00,26298.993,26248.599609375,26227.0,26227.0,0,26250,26236.572214260697,26255.60611188793,342857
2026-01-05 09:05:00+00:00,26287.9201171875,26250.69921875,26233.80078125,26246.80078125,0,26250,26236.1978824238,26253.086500245685,402812
2026-01-05 09:10:00+00:00,26309.66469140625,26258.69921875,26233.900390625,26233.900390625,0,26250,26243.1820518242,26253.5944865431,276368
2026-01-05 09:15:00+00:00,26312.92119140625,26261.099609375,26252.44921875,26257.150390625,0,26250,26248.92149809114,26254.44522455334,364123
2026-01-05 09:20:00+00:00,26326.047,26282.849609375,26257.5,26261.150390625,0,26250,26257.11433206076,26256.82707148417,283068
2026-01-05 09:25:00+00:00,26332.65980859375,26281.44921875,26268.44921875,26273.25,0,26300,26264.77609116551,26259.736138720524,258196
2026-01-05 09:30:00+00:00,26321.7885,26282.900390625,26263.0,26279.400390625,0,26250,26266.267394110346,26260.925371380457,328767
2026-01-05 09:35:00+00:00,26308.011,26269.650390625,26251.30078125,26269.650390625,0,26250,26262.678262740228,26260.2471999579,277515
2026-01-05 09:40:00+00:00,26301.7485,26257.900390625,26243.30078125,26256.30078125,0,26250,26258.202175160157,26258.87254996316,119223
2026-01-05 09:45:00+00:00,26296.0378828125,26250.55078125,26240.599609375,26249.849609375,0,26250,26253.318377190102,26256.957328874018,425643
2026-01-05 09:50:00+00:00,26290.9261171875,26244.349609375,26236.05078125,26243.5,0,26250,26248.361991043403,26254.64381510852,239365
2026-01-05 09:55:00+00:00,26297.13969140625,26247.94921875,26232.599609375,26240.150390625,0,26250,26247.124790903938,26253.39463704808,411836
2026-01-06 03:45:00+00:00,26248.1923828125,26237.30078125,26158.349609375,26183.900390625,0,26200,26230.01678768596,26246.19540507332,180829
2026-01-06 03:50:00+00:00,26245.8361171875,26203.599609375,26184.5,26194.94921875,0,26200,26217.82759804064,26239.602131782904,211023
2026-01-06 03:55:00+00:00,26226.19730859375,26195.5,26168.25,26193.650390625,0,26150,26203.168268485428,26231.383066481914,269114
2026-01-06 04:00:00+00:00,26267.4808828125,26224.650390625,26171.849609375,26171.849609375,0,26200,26207.12910607362,26229.341530827925,186912
2026-01-06 04:05:00+00:00,26252.4,26229.30078125,26193.400390625,26217.349609375,0,26200,26204.75273738241,26225.673839474435,196919
2026-01-06 04:10:00+00:00,26251.74830859375,26205.400390625,26190.650390625,26199.099609375,0,26200,26202.95169471328,26222.383310712004,394111
2026-01-06 04:15:00+00:00,26279.55380859375,26229.30078125,26197.80078125,26199.30078125,0,26250,26211.00099960052,26222.97284804488,485710
2026-01-06 04:20:00+00:00,26280.957,26235.05078125,26224.0,26227.650390625,0,26250,26216.83399973368,26223.66374203927,245016
2026-01-06 04:25:00+00:00,26309.3143828125,26259.0,26227.650390625,26227.650390625,0,26250,26230.15626023912,26227.80587194061,436182
2026-01-06 04:30:00+00:00,26311.9681171875,26273.150390625,26256.900390625,26258.349609375,0,26250,26239.92057974275,26231.761290291783,182066
2026-01-06 04:35:00+00:00,26298.39219140625,26258.650390625,26241.30078125,26256.55078125,0,26250,26241.913850036835,26233.528677833438,494733
2026-01-06 04:40:00+00:00,26295.7365,26251.0,26237.150390625,26244.900390625,0,26250,26242.359233357893,26234.743843104254,165404
2026-01-06 04:45:00+00:00,26283.963,26252.900390625,26230.349609375,26242.19921875,0,26250,26238.739488905263,26234.338362716226,155866
2026-01-06 04:50:00+00:00,26273.29130859375,26236.150390625,26218.099609375,26231.05078125,0,26200,26232.77619572851,26232.65226854857,432674
2026-01-06 04:55:00+00:00,26276.54780859375,26230.80078125,26219.94921875,26219.94921875,0,26200,26229.884000277343,26231.583186151875,492709
2026-01-06 05:00:00+00:00,26283.7633828125,26238.5,26222.150390625,26223.099609375,0,26250,26230.35626060156,26231.54788553914,467076
2026-01-06 05:05:00+00:00,26262.1695,26232.599609375,26205.5,26230.900390625,0,26200,26223.487507067708,26228.82314984675,473181
2026-01-06 05:10:00+00:00,26264.52380859375,26216.599609375,26201.349609375,26208.099609375,0,26200,26219.69154117014,26226.73270728778,216675
2026-01-06 05:15:00+00:00,26261.3671171875,26220.19921875,26207.150390625,26211.75,0,26200,26216.11076703009,26224.50977122056,185233
2026-01-06 05:20:00+00:00,26269.03280859375,26218.05078125,26206.650390625,26209.0,0,26200,26216.2737144784,26223.521000989866,122191
2026-01-06 05:25:00+00:00,26253.75230859375,26221.0,26201.349609375,26216.55078125,0,26200,26211.29901277727,26220.74957703801,137909
2026-01-06 05:30:00+00:00,26265.8761171875,26216.0,26198.099609375,26201.69921875,0,26200,26212.01574810152,26219.83703225201,298331
2026-01-06 05:35:00+00:00,26271.438,26222.150390625,26211.94921875,26211.94921875,0,26200,26214.34383206768,26219.732403220507,344180
2026-01-06 05:40:00+00:00,26246.8381171875,26220.25,26192.650390625,26218.849609375,0,26200,26207.712294295125,26216.57200516169,252239
2026-01-06 05:45:00+00:00,26208.912808593752,26195.650390625,26152.0,26194.80078125,0,26150,26190.674732655083,26209.07545568836,351261
2026-01-06 05:50:00+00:00,26207.15930859375,26157.30078125,26141.05078125,26156.099609375,0,26150,26178.733024895057,26202.29722489919,106371
2026-01-06 05:55:00+00:00,26225.3968828125,26173.25,26147.19921875,26154.55078125,0,26150,26176.838943680043,26198.64141944304,128918
2026-01-06 06:00:00+00:00,26223.0915,26176.599609375,26165.900390625,26172.150390625,0,26150,26174.809295786697,26195.15499201266,181497
2026-01-06 06:05:00+00:00,26229.6553828125,26181.150390625,26166.099609375,26170.099609375,0,26200,26175.63979094113,26192.923215667328,152620
2026-01-06 06:10:00+00:00,26245.98680859375,26196.599609375,26175.30078125,26176.69921875,0,26200,26181.626397085754,26193.007764880786,464740
2026-01-06 06:15:00+00:00,26248.79319140625,26197.349609375,26181.19921875,26193.0,0,26200,26186.55106159884,26193.431843098813,210931
2026-01-06 06:20:00+00:00,26244.6853828125,26200.19921875,26187.44921875,26195.400390625,0,26200,26188.467634815894,26193.290460367716,345401
2026-01-06 06:25:00+00:00,26226.849,26194.55078125,26171.650390625,26192.5,0,26150,26183.81175654393,26190.941652821748,160465
2026-01-06 06:30:00+00:00,26228.3011171875,26179.400390625,26162.30078125,26173.099609375,0,26200,26181.190910612622,26189.06759856278,498933
2026-01-06 06:35:00+00:00,26211.1183828125,26176.849609375,26153.0,26175.80078125,0,26150,26173.727534158417,26185.28424639868,165504
2026-01-06 06:40:00+00:00,26219.98569140625,26170.75,26157.0,26157.44921875,0,26150,26171.70181964728,26183.08001442697,148970
2026-01-06 06:45:00+00:00,26215.97769140625,26169.80078125,26160.599609375,26167.5,0,26150,26169.018009973188,26180.65131145173,401431
2026-01-06 06:50:00+00:00,26205.0046171875,26165.94921875,26150.69921875,26163.849609375,0,26150,26163.578412898794,26177.15729986401,238495
2026-01-06 06:55:00+00:00,26214.17330859375,26166.599609375,26150.150390625,26152.400390625,0,26150,26163.00214505753,26175.243838552884,350295
2026-01-06 07:00:00+00:00,26215.326,26165.5,26155.25,26161.599609375,0,26150,26163.001430038355,26173.71335873377,172236
2026-01-06 07:05:00+00:00,26213.47269140625,26167.19921875,26159.650390625,26162.849609375,0,26150,26162.38441690057,26172.142987720177,208426
2026-01-06 07:10:00+00:00,26216.0266171875,26169.80078125,26159.94921875,26160.80078125,0,26150,26162.82268418372,26171.087516598905,188030
2026-01-06 07:15:00+00:00,26210.817,26167.30078125,26156.19921875,26163.75,0,26150,26161.38178945581,26169.514077024043,139374
2026-01-06 07:20:00+00:00,26221.0875,26170.94921875,26156.400390625,26158.349609375,0,26150,26163.837859637213,26169.41856739604,220861
2026-01-06 07:25:00+00:00,26231.25819140625,26180.099609375,26169.05078125,26169.30078125,0,26200,26168.85870329981,26170.60379529966,213857
2026-01-06 07:30:00+00:00,26229.5536171875,26186.80078125,26171.80078125,26178.75,0,26200,26171.638875116543,26171.428223230952,364952
2026-01-06 07:35:00+00:00,26238.9238828125,26195.0,26174.900390625,26176.05078125,0,26200,26176.609510494367,26173.31854298333,286856
2026-01-06 07:40:00+00:00,26227.0486171875,26190.19921875,26172.5,26186.44921875,0,26150,26175.97274657958,26173.491127454166,327917
2026-01-06 07:45:00+00:00,26218.73319140625,26174.69921875,26161.19921875,26173.94921875,0,26150,26172.78196126139,26172.60478535052,464062
2026-01-06 07:50:00+00:00,26215.5256171875,26169.5,26160.30078125,26167.05078125,0,26150,26169.587713757595,26171.429089525456,392944
2026-01-06 07:55:00+00:00,26214.5745,26165.5,26152.0,26162.650390625,0,26150,26167.14180917173,26170.28170333477,497401
2026-01-06 08:00:00+00:00,26208.5625,26163.099609375,26147.150390625,26161.75,0,26150,26163.51120611449,26168.52774041793,442084
2026-01-06 08:05:00+00:00,26207.96169140625,26160.80078125,26152.55078125,26156.349609375,0,26150,26160.89093428466,26166.918071693814,416348
2026-01-06 08:10:00+00:00,26216.42780859375,26164.349609375,26152.19921875,26155.44921875,0,26150,26161.960492648108,26166.565763903964,397259
2026-01-06 08:15:00+00:00,26222.94080859375,26171.349609375,26156.900390625,26163.650390625,0,26150,26164.84019822374,26167.069994587844,163557
2026-01-06 08:20:00+00:00,26206.8598828125,26179.69921875,26150.150390625,26169.900390625,0,26150,26161.41039256583,26165.50509292061,415969
2026-01-06 08:25:00+00:00,26205.5565,26160.30078125,26149.75,26153.650390625,0,26150,26158.690261710555,26163.97320630553,101646
2026-01-06 08:30:00+00:00,26205.20619140625,26172.30078125,26151.900390625,26151.94921875,0,26150,26156.76030468204,26162.58910434547,397965
2026-01-06 08:35:00+00:00,26191.42869140625,26162.650390625,26136.349609375,26153.150390625,0,26150,26150.89033332969,26159.65926513041,319060
2026-01-06 08:40:00+00:00,26185.41669140625,26140.75,26126.099609375,26138.150390625,0,26150,26144.9770190948,26156.345655817237,251683
2026-01-06 08:45:00+00:00,26187.0195,26139.5,26131.19921875,26133.25,0,26150,26141.568012729866,26153.64619884008,371426
2026-01-06 08:50:00+00:00,26193.38180859375,26142.400390625,26125.55078125,26134.900390625,0,26150,26141.41187827825,26152.07787515694,475719
2026-01-06 08:55:00+00:00,26200.3468828125,26148.05078125,26137.25,26140.30078125,0,26150,26143.624845935497,26151.574488418573,474987
2026-01-06 09:00:00+00:00,26196.789,26150.94921875,26139.599609375,26147.75,0,26150,26143.916563957,26150.69017736625,467136
2026-01-06 09:05:00+00:00,26195.5365,26149.349609375,26125.80078125,26144.599609375,0,26150,26143.69437597133,26149.76015519547,192032
2026-01-06 09:10:00+00:00,26201.9986171875,26153.849609375,26142.44921875,26142.44921875,0,26150,26145.69599023089,26149.752538139783,283820
2026-01-06 09:15:00+00:00,26217.48069140625,26165.5,26147.650390625,26149.80078125,0,26150,26152.180790362265,26151.67726970044,151273
2026-01-06 09:20:00+00:00,26209.0635,26169.80078125,26155.5,26164.150390625,0,26150,26153.703860241512,26152.31136098788,424215
2026-01-06 09:25:00+00:00,26216.328,26164.55078125,26155.150390625,26157.150390625,0,26150,26157.13590682768,26153.772440864395,281037
2026-01-06 09:30:00+00:00,26230.857,26182.849609375,26165.05078125,26165.05078125,0,26200,26164.257271218456,26156.863385756347,407340
2026-01-06 09:35:00+00:00,26231.1075,26187.69921875,26169.80078125,26177.80078125,0,26200,26169.088180812305,26159.599212536803,364357
2026-01-06 09:40:00+00:00,26228.3011171875,26183.599609375,26166.44921875,26177.75,0,26200,26171.375193458207,26161.64296331345,341712
2026-01-06 09:45:00+00:00,26233.6125,26182.94921875,26172.099609375,26175.0,0,26200,26174.666795638805,26164.093842899278,357416
2026-01-06 09:50:00+00:00,26235.5656171875,26186.099609375,26179.5,26181.349609375,0,26200,26177.51093667587,26166.48201488061,348362
2026-01-06 09:55:00+00:00,26226.99969140625,26186.5,26170.849609375,26184.900390625,0,26150,26176.557421325582,26167.503061848663,153745
2026-01-07 03:45:00+00:00,26177.90169140625,26157.94921875,26106.349609375,26149.900390625,0,26150,26159.588411092056,26162.271477945706,491173
2026-01-07 03:50:00+00:00,26206.90880859375,26160.55078125,26125.400390625,26128.5,0,26150,26157.92547718637,26161.312494374368,331191
2026-01-07 03:55:00+00:00,26172.59030859375,26155.650390625,26113.94921875,26155.650390625,0,26100,26145.400187915915,26156.19213374945,330193
2026-01-07 04:00:00+00:00,26185.5673828125,26141.849609375,26119.05078125,26121.75,0,26150,26141.36705236061,26153.33071468701,114623
2026-01-07 04:05:00+00:00,26196.4876171875,26149.650390625,26130.900390625,26133.30078125,0,26150,26142.31110782374,26152.189277694888,464736
2026-01-07 04:10:00+00:00,26160.4156171875,26150.94921875,26106.150390625,26145.25,0,26100,26130.9404781325,26146.690520326774,293806
2026-01-07 04:15:00+00:00,26167.1791171875,26125.55078125,26102.650390625,26108.099609375,0,26100,26125.610058338338,26142.72285762968,231298
2026-01-07 04:20:00+00:00,26160.2668828125,26118.19921875,26097.25,26115.25,0,26100,26119.75696597556,26138.38884808222,136503
2026-01-07 04:25:00+00:00,26191.0783828125,26139.05078125,26107.099609375,26108.650390625,0,26150,26126.104904400378,26138.440339728197,132002
2026-01-07 04:30:00+00:00,26198.44269140625,26153.30078125,26132.900390625,26138.94921875,0,26150,26132.78673314192,26139.404096090293,299280
2026-01-07 04:35:00+00:00,26215.22619140625,26163.55078125,26139.30078125,26146.25,0,26150,26142.82461896961,26142.34113290713,334738
2026-01-07 04:40:00+00:00,26219.5845,26168.150390625,26155.900390625,26163.599609375,0,26150,26150.96641264641,26145.45474129374,145867
2026-01-07 04:45:00+00:00,26212.0695,26186.94921875,26156.05078125,26167.75,0,26150,26153.894275097613,26147.24164863202,306270
2026-01-07 04:50:00+00:00,26203.803,26171.30078125,26150.150390625,26159.650390625,0,26150,26153.09618339841,26147.77394255302,442170
2026-01-07 04:55:00+00:00,26186.268,26155.44921875,26129.75,26152.25,0,26150,26146.73078893228,26146.05219973389,307170
2026-01-07 05:00:00+00:00,26183.7121171875,26143.69921875,26129.599609375,26135.599609375,0,26150,26141.636932204856,26144.226827110902,147732
2026-01-07 05:05:00+00:00,26188.67319140625,26137.55078125,26125.19921875,26131.5,0,26150,26139.89141834491,26143.24852255017,189457
2026-01-07 05:10:00+00:00,26194.18419140625,26145.25,26134.900390625,26136.55078125,0,26150,26140.56107577161,26143.08000605952,182691
2026-01-07 05:15:00+00:00,26193.63230859375,26149.150390625,26133.80078125,26142.400390625,0,26150,26140.82392030608,26142.86370647396,463499
2026-01-07 05:20:00+00:00,26218.18130859375,26167.94921875,26139.19921875,26142.150390625,0,26150,26149.16581666239,26145.736944336582,384450
2026-01-07 05:25:00+00:00,26215.67630859375,26175.69921875,26155.599609375,26166.349609375,0,26150,26153.893747566595,26147.938527466387,495026
2026-01-07 05:30:00+00:00,26231.4088828125,26179.75,26159.349609375,26164.5,0,26200,26162.279425461064,26151.82755918934,132034
2026-01-07 05:35:00+00:00,26223.99369140625,26184.75,26171.55078125,26179.69921875,0,26150,26165.40308051571,26154.3054131188,205040
2026-01-07 05:40:00+00:00,26203.90280859375,26172.349609375,26150.55078125,26172.349609375,0,26150,26160.80192346881,26153.967187650826,238815
2026-01-07 05:45:00+00:00,26205.15530859375,26153.69921875,26140.19921875,26151.69921875,0,26150,26158.15115210421,26153.827490366344,178399
2026-01-07 05:50:00+00:00,26191.12730859375,26155.5,26131.80078125,26153.05078125,0,26150,26151.71730452781,26151.955255242425,485521
2026-01-07 05:55:00+00:00,26194.68519140625,26156.80078125,26138.349609375,26139.099609375,0,26150,26148.61166656021,26150.760897165248,267453
2026-01-07 06:00:00+00:00,26210.46669140625,26162.150390625,26142.650390625,26143.25,0,26150,26151.791241248477,26151.68458384772,484320
2026-01-07 06:05:00+00:00,26198.44269140625,26166.44921875,26140.80078125,26159.55078125,0,26150,26149.91095770732,26150.99280969488,274883
2026-01-07 06:10:00+00:00,26195.4856171875,26150.80078125,26142.05078125,26146.599609375,0,26150,26147.67371138821,26150.01861082677,382345
2026-01-07 06:15:00+00:00,26187.92169140625,26144.349609375,26128.849609375,26143.80078125,0,26150,26143.66593780048,26148.222583301547,194993
2026-01-07 06:20:00+00:00,26173.6921171875,26140.650390625,26121.44921875,26135.5,0,26100,26136.26036478365,26144.875912732605,231290
2026-01-07 06:25:00+00:00,26172.89169140625,26130.599609375,26118.94921875,26122.55078125,0,26100,26131.0570400641,26141.847722469152,201136
2026-01-07 06:30:00+00:00,26167.4296171875,26123.30078125,26112.150390625,26121.55078125,0,26100,26125.77109962607,26138.516659504257,129324
2026-01-07 06:35:00+00:00,26164.224,26118.150390625,26106.19921875,26115.69921875,0,26100,26121.18073308405,26135.202077066224,334953
2026-01-07 06:40:00+00:00,26164.32380859375,26115.80078125,26108.25,26112.099609375,0,26100,26118.153691847703,26132.31426860482,127348
2026-01-07 06:45:00+00:00,26154.9555,26115.55078125,26102.75,26112.55078125,0,26100,26113.01912789847,26128.618735029217,258463
2026-01-07 06:50:00+00:00,26155.80680859375,26110.55078125,26099.30078125,26103.55078125,0,26100,26109.87928839065,26125.49134432244,318465
2026-01-07 06:55:00+00:00,26150.2468828125,26112.099609375,26096.94921875,26104.0,0,26100,26105.936452677102,26122.061273938383,192022
2026-01-07 07:00:00+00:00,26158.4625,26110.30078125,26097.75,26098.900390625,0,26100,26106.0409684514,26120.084864696084,436045
2026-01-07 07:05:00+00:00,26158.9126171875,26108.44921875,26097.25,26106.55078125,0,26100,26106.260385217603,26118.411658952824,113563
2026-01-07 07:10:00+00:00,26135.4165,26108.25,26078.55078125,26107.5,0,26100,26098.590256811734,26114.01645158372,245422
2026-01-07 07:15:00+00:00,26133.3616171875,26088.19921875,26077.5,26083.44921875,0,26100,26092.79324412449,26109.914297479507,364854
2026-01-07 07:20:00+00:00,26138.57319140625,26089.80078125,26080.69921875,26081.400390625,0,26100,26090.662292958,26106.97505912269,468212
2026-01-07 07:25:00+00:00,26150.196,26099.44921875,26086.849609375,26087.55078125,0,26100,26093.108195305333,26105.85317673236,469957
2026-01-07 07:30:00+00:00,26159.214,26109.05078125,26096.80078125,26098.599609375,0,26100,26097.738796870224,26105.99652964081,350505
2026-01-07 07:35:00+00:00,26158.36269140625,26109.55078125,26100.650390625,26107.44921875,0,26100,26100.54266145515,26106.01576226384,238613
2026-01-07 07:40:00+00:00,26155.10619140625,26114.0,26102.650390625,26106.30078125,0,26100,26101.32857117844,26105.62634080898,104982
2026-01-07 07:45:00+00:00,26150.8966171875,26104.849609375,26094.75,26103.25,0,26100,26100.45212036896,26104.760450551606,258374
2026-01-07 07:50:00+00:00,26141.9803828125,26099.55078125,26089.80078125,26098.900390625,0,26100,26096.901673995977,26102.890491888906,355137
2026-01-07 07:55:00+00:00,26125.146,26091.650390625,26069.900390625,26090.25,0,26050,26088.934449330653,26099.15418040279,266357
2026-01-07 08:00:00+00:00,26123.24180859375,26078.349609375,26069.30078125,26073.25,0,26050,26082.98950267877,26095.64735902432,192780
2026-01-07 08:05:00+00:00,26133.4125,26084.94921875,26070.05078125,26071.75,0,26100,26082.40966845252,26093.84768914628,140929
2026-01-07 08:10:00+00:00,26128.25180859375,26082.05078125,26068.30078125,26081.69921875,0,26100,26080.30631542668,26091.629179174863,460940
2026-01-07 08:15:00+00:00,26135.06619140625,26084.150390625,26071.150390625,26076.599609375,0,26100,26081.171007159457,26090.538080606133,369403
2026-01-07 08:20:00+00:00,26133.3616171875,26086.19921875,26070.69921875,26083.349609375,0,26100,26081.18041102297,26089.370722874115,356428
2026-01-07 08:25:00+00:00,26144.685,26093.400390625,26078.05078125,26081.80078125,0,26100,26084.95360734865,26089.76188251485,191534
2026-01-07 08:30:00+00:00,26151.34869140625,26100.0,26082.19921875,26093.44921875,0,26100,26089.685868440767,26090.93544602862,197331
2026-01-07 08:35:00+00:00,26152.10019140625,26103.0,26093.25,26099.44921875,0,26100,26093.09070916885,26092.05606410317,318322
2026-01-07 08:40:00+00:00,26151.04730859375,26106.150390625,26098.19921875,26100.099609375,0,26100,26095.0103425709,26092.905257262144,109411
2026-01-07 08:45:00+00:00,26143.4833828125,26099.55078125,26087.650390625,26099.25,0,26100,26093.7738221306,26092.704697760622,380174
2026-01-07 08:50:00+00:00,26140.32669140625,26098.25,26084.0,26092.650390625,0,26100,26091.89934496207,26092.13540936867,256902
2026-01-07 08:55:00+00:00,26148.3916171875,26097.75,26085.349609375,26088.75,0,26100,26093.33263622472,26092.643385541334,239984
2026-01-07 09:00:00+00:00,26139.3736171875,26099.849609375,26083.19921875,26096.44921875,0,26100,26091.288163733145,26091.96286469242,397039
2026-01-07 09:05:00+00:00,26151.4993828125,26100.55078125,26086.75,26089.599609375,0,26100,26093.959036238764,26092.88010426212,290713
2026-01-07 09:10:00+00:00,26161.218,26111.44921875,26095.5,26099.25,0,26100,26098.972690825845,26094.895091229355,221266
2026-01-07 09:15:00+00:00,26149.4445,26109.80078125,26094.099609375,26109.349609375,0,26100,26098.398460550565,26095.18945482569,100042
2026-01-07 09:20:00+00:00,26171.4885,26121.30078125,26095.400390625,26097.30078125,0,26100,26105.348973700377,26098.19702297248,484281
2026-01-07 09:25:00+00:00,26169.58430859375,26120.75,26111.650390625,26119.19921875,0,26100,26109.34918559192,26100.59109627279,131771
2026-01-07 09:30:00+00:00,26180.65719140625,26135.349609375,26119.599609375,26122.25,0,26150,26115.699587269617,26104.067258066814,313160
2026-01-07 09:35:00+00:00,26197.791,26146.80078125,26128.900390625,26129.849609375,0,26150,26125.633058179745,26109.246350808466,486042
2026-01-07 09:40:00+00:00,26204.1043828125,26152.94921875,26140.75,26146.05078125,0,26150,26134.3556325365,26114.565654613656,343567
2026-01-07 09:45:00+00:00,26192.781,26153.599609375,26136.30078125,26153.400390625,0,26150,26136.403755024334,26117.80744778695,426137
2026-01-07 09:50:00+00:00,26189.7241171875,26141.400390625,26133.75,26141.400390625,0,26150,26136.75224293289,26120.26266915733,162255
2026-01-07 09:55:00+00:00,26195.18619140625,26149.150390625,26136.05078125,26138.099609375,0,26150,26138.80162549693,26123.09238434079,210568
2026-01-08 03:45:00+00:00,26175.4965,26132.900390625,26080.44921875,26102.650390625,0,26100,26133.617750331287,26123.11208629819,403119
2026-01-08 03:50:00+00:00,26148.9435,26119.849609375,26090.900390625,26119.849609375,0,26100,26121.328500220858,26119.81682551092,484446
2026-01-08 03:55:00+00:00,26116.629,26097.0,26064.099609375,26096.599609375,0,26050,26102.385666813905,26112.902222322053,475215
2026-01-08 04:00:00+00:00,26112.8206171875,26070.05078125,26050.150390625,26065.0,0,26050,26088.490184125934,26106.376846875544,159505
2026-01-08 04:05:00+00:00,26144.6341171875,26095.900390625,26053.25,26060.80078125,0,26100,26089.80986233396,26104.635893359853,421571
2026-01-08 04:10:00+00:00,26142.8806171875,26103.349609375,26087.30078125,26092.849609375,0,26100,26090.106314472643,26102.893809033623,183358
2026-01-08 04:15:00+00:00,26134.3636171875,26091.30078125,26068.44921875,26090.650390625,0,26100,26087.47061589843,26100.30698524817,103384
2026-01-08 04:20:00+00:00,26148.9435,26099.099609375,26066.19921875,26081.75,0,26100,26090.56374393229,26099.86236209215,217525
2026-01-08 04:25:00+00:00,26143.8826171875,26098.650390625,26084.55078125,26096.650390625,0,26100,26090.9422355382,26098.84196917438,240205
2026-01-08 04:30:00+00:00,26118.1828828125,26091.650390625,26064.75,26091.05078125,0,26050,26082.6450841088,26094.74307068383,423576
2026-01-08 04:35:00+00:00,26107.51119140625,26072.05078125,26053.150390625,26065.900390625,0,26050,26073.563519614203,26089.82523567648,183919
2026-01-08 04:40:00+00:00,26113.27269140625,26065.099609375,26048.44921875,26055.55078125,0,26050,26069.42580995113,26086.240880045043,343639
2026-01-08 04:45:00+00:00,26089.22469140625,26062.0,26037.150390625,26061.80078125,0,26050,26058.667336842424,26080.104568867537,493760
2026-01-08 04:50:00+00:00,26086.8703828125,26041.849609375,26026.55078125,26038.349609375,0,26050,26050.711818311614,26074.441595415345,460572
2026-01-08 04:55:00+00:00,26092.0291171875,26041.849609375,26030.75,26035.5,0,26050,26047.124285124417,26070.130048332176,385057
2026-01-08 05:00:00+00:00,26089.8763828125,26041.80078125,26029.150390625,26040.150390625,0,26050,26044.016450499614,26066.088889946903,448390
2026-01-08 05:05:00+00:00,26083.21269140625,26042.55078125,26026.599609375,26038.5,0,26050,26039.727763874744,26061.721577531665,250216
2026-01-08 05:10:00+00:00,26083.662808593752,26037.30078125,26025.599609375,26030.849609375,0,26050,26037.018379041496,26057.956331512083,360791
2026-01-08 05:15:00+00:00,26079.054,26035.75,26027.0,26031.849609375,0,26050,26033.678919361,26054.086790073077,480576
2026-01-08 05:20:00+00:00,26073.5938828125,26031.30078125,26013.900390625,26026.55078125,0,26000,26029.63620665733,26050.01978897019,220077
2026-01-08 05:25:00+00:00,26068.93419140625,26024.5,26013.30078125,26021.75,0,26000,26025.39093464656,26045.87986417704,232616
2026-01-08 05:30:00+00:00,26068.8343828125,26017.75,26008.150390625,26017.099609375,0,26000,26022.52755018104,26042.244978811163,360274
2026-01-08 05:35:00+00:00,26066.529,26016.650390625,26008.25,26016.30078125,0,26000,26019.851700120696,26038.776856459768,415863
2026-01-08 05:40:00+00:00,26055.8083828125,26013.75,26001.0,26013.44921875,0,26000,26014.501393830466,26034.404847058548,380717
2026-01-08 05:45:00+00:00,26050.998,26008.19921875,25994.0,26002.69921875,0,26000,26009.33426255365,26029.97924117623,211647
2026-01-08 05:50:00+00:00,26020.938,25998.30078125,25968.25,25997.80078125,0,25950,25995.8895083691,26022.3568360292,391417
2026-01-08 05:55:00+00:00,26027.55080859375,25976.150390625,25963.650390625,25970.099609375,0,26000,25989.1262087044,26016.512182697425,333540
2026-01-08 06:00:00+00:00,26020.3861171875,25975.349609375,25962.55078125,25975.19921875,0,25950,25982.2338787196,26010.504312204,243050
2026-01-08 06:05:00+00:00,26034.36519140625,25985.0,25968.150390625,25968.599609375,0,26000,25982.289382688068,26006.991322006623,443045
2026-01-08 06:10:00+00:00,26026.09869140625,25988.599609375,25973.19921875,25982.400390625,0,25950,25979.576385333712,26002.88620558392,309066
2026-01-08 06:15:00+00:00,26010.8671171875,25978.5,25958.19921875,25974.19921875,0,25950,25972.70066313914,25997.39408222968,157004
2026-01-08 06:20:00+00:00,26012.27030859375,25967.400390625,25954.55078125,25958.75,0,25950,25968.58364521776,25992.763523122845,108268
2026-01-08 06:25:00+00:00,25990.1773828125,25962.099609375,25936.55078125,25960.900390625,0,25950,25958.489357228507,25985.95568038874,282430
2026-01-08 06:30:00+00:00,25969.2841171875,25943.099609375,25916.5,25938.099609375,0,25900,25944.80931106901,25977.3923726839,135640
2026-01-08 06:35:00+00:00,25973.24319140625,25922.849609375,25884.75,25916.5,0,25900,25937.006337587674,25970.39337492653,435773
2026-01-08 06:40:00+00:00,25985.6175,25935.75,25916.150390625,25921.349609375,0,25950,25935.92089172512,25965.81295306072,124545
2026-01-08 06:45:00+00:00,25982.71130859375,25945.400390625,25928.5,25934.0,0,25950,25934.23046427508,25961.442535100003,364193
2026-01-08 06:50:00+00:00,25975.1473828125,25933.5,25919.900390625,25930.25,0,25900,25930.58723660005,25956.67481586875,107985
2026-01-08 06:55:00+00:00,25987.6723828125,25941.5,25922.69921875,25922.69921875,0,25950,25932.325084816704,25954.065561541407,108303
2026-01-08 07:00:00+00:00,25969.73619140625,25938.150390625,25916.150390625,25935.69921875,0,25900,25927.51685341947,25949.54491517685,492216
2026-01-08 07:05:00+00:00,25977.1005,25929.94921875,25912.25,25917.5,0,25950,25926.761235612983,25946.508050779747,228254
2026-01-08 07:10:00+00:00,25976.2981171875,25928.349609375,25916.30078125,25924.5,0,25900,25925.99056332532,25943.750696776027,449062
2026-01-08 07:15:00+00:00,25965.7771171875,25926.0,25909.5,25924.75,0,25900,25921.97678180021,25940.02551202277,391189
2026-01-08 07:20:00+00:00,25966.5795,25920.900390625,25903.150390625,25913.69921875,0,25900,25919.56785453348,25936.866073019926,396641
2026-01-08 07:25:00+00:00,25963.5226171875,25919.150390625,25910.0,25915.25,0,25900,25916.94497593899,25933.720216236183,346833
2026-01-08 07:30:00+00:00,25975.5975,25924.0,25900.75,25912.05078125,0,25900,25919.213317292662,25932.473939206666,225027
2026-01-08 07:35:00+00:00,25974.44480859375,25928.5,25912.75,25923.650390625,0,25900,25920.34208132011,25931.239647977705,411977
2026-01-08 07:40:00+00:00,25977.95180859375,25928.19921875,25919.19921875,25922.80078125,0,25950,25922.261257338407,25930.59714315237,213905
2026-01-08 07:45:00+00:00,25967.0805,25928.19921875,25910.400390625,25925.25,0,25900,25919.924171558938,25928.67875025832,259442
2026-01-08 07:50:00+00:00,25961.5695,25917.099609375,25906.650390625,25915.19921875,0,25900,25916.53278103929,25926.31265647603,436939
2026-01-08 07:55:00+00:00,25945.287,25913.150390625,25893.5,25910.05078125,0,25900,25908.855187359528,25922.21107441653,361252
2026-01-08 08:00:00+00:00,25954.0545,25907.19921875,25886.400390625,25894.150390625,0,25900,25906.653458239685,25919.71594011446,339627
2026-01-08 08:05:00+00:00,25957.16030859375,25911.19921875,25902.05078125,25902.5,0,25900,25906.218841951457,25917.920148772027,226248
2026-01-08 08:10:00+00:00,25959.41480859375,25909.5,25898.19921875,25904.19921875,0,25900,25906.679097759305,25916.6300813474,420083
2026-01-08 08:15:00+00:00,25971.0376171875,25928.599609375,25905.19921875,25907.30078125,0,25900,25910.85247142287,25916.951223522727,165690
2026-01-08 08:20:00+00:00,25972.842,25924.849609375,25910.05078125,25919.150390625,0,25900,25914.234980948582,25917.457320582387,351892
2026-01-08 08:25:00+00:00,25981.20830859375,25939.0,25920.30078125,25921.400390625,0,25950,25919.273190424057,25918.943856681464,311888
2026-01-08 08:30:00+00:00,25979.95580859375,25941.69921875,25921.25,25929.0,0,25950,25922.21533007437,25920.08832576816,178582
2026-01-08 08:35:00+00:00,25971.0376171875,25942.19921875,25917.25,25928.150390625,0,25900,25921.20995963292,25919.977187390887,127613
2026-01-08 08:40:00+00:00,25978.8031171875,25930.0,25915.400390625,25920.69921875,0,25950,25923.123046005283,25920.848691310777,280227
2026-01-08 08:45:00+00:00,25987.5706171875,25939.75,25925.400390625,25926.30078125,0,25950,25927.315103586858,25922.70500724068,489235
2026-01-08 08:50:00+00:00,25979.1553828125,25946.19921875,25925.69921875,25935.849609375,0,25950,25927.31032947457,25923.279478991844,415014
2026-01-08 08:55:00+00:00,25957.2601171875,25931.19921875,25900.44921875,25927.19921875,0,25900,25920.023292566384,25921.05069646161,364276
2026-01-08 09:00:00+00:00,25984.365,25936.849609375,25902.099609375,25906.900390625,0,25950,25924.18219504426,25922.481859403917,231409
2026-01-08 09:05:00+00:00,25982.1613828125,25940.94921875,25927.650390625,25932.94921875,0,25950,25926.22172377951,25923.459224634677,371273
2026-01-08 09:10:00+00:00,25980.0556171875,25932.5,25919.900390625,25929.349609375,0,25950,25926.880888769672,25924.051723899087,329928
2026-01-08 09:15:00+00:00,25982.8111171875,25940.19921875,25922.849609375,25928.55078125,0,25950,25928.23699876312,25924.91391075545,301511
2026-01-08 09:20:00+00:00,25972.341,25933.400390625,25916.80078125,25930.55078125,0,25900,25925.65799917541,25924.36217191102,197095
2026-01-08 09:25:00+00:00,25962.97269140625,25923.599609375,25910.25,25919.94921875,0,25900,25920.82212965861,25922.710699250267,457470
2026-01-08 09:30:00+00:00,25920.1861171875,25917.69921875,25868.44921875,25912.099609375,0,25850,25903.364492689077,25915.92801418773,484466
2026-01-08 09:35:00+00:00,25923.59330859375,25879.349609375,25860.650390625,25868.94921875,0,25850,25892.859531584385,25910.41821358614,340749
2026-01-08 09:40:00+00:00,25929.8068828125,25884.349609375,25870.30078125,25870.30078125,0,25900,25887.92328147293,25906.372284544123,207654
2026-01-08 09:45:00+00:00,25925.84780859375,25880.599609375,25863.599609375,25878.05078125,0,25850,25883.31539077362,25902.338200147984,105837
2026-01-08 09:50:00+00:00,25927.5523828125,25882.150390625,25872.05078125,25872.05078125,0,25900,25880.810520932413,25899.02102278573,177533
2026-01-08 09:55:00+00:00,25920.63819140625,25877.55078125,25858.75,25873.94921875,0,25850,25876.84047749661,25895.25594376564,358703
2026-01-09 03:45:00+00:00,25990.6783828125,25940.25,25871.75,25871.75,0,25950,25897.493912081078,25900.699048451188,178166
2026-01-09 03:50:00+00:00,25914.07430859375,25938.849609375,25861.25,25938.849609375,0,25850,25885.779144512384,25895.905368566662,151544
2026-01-09 03:55:00+00:00,25892.58219140625,25872.25,25839.44921875,25862.30078125,0,25850,25870.81955988326,25889.02974632396,224457
2026-01-09 04:00:00+00:00,25888.82469140625,25873.099609375,25821.55078125,25841.099609375,0,25850,25859.596503463843,25882.544826861587,233532
2026-01-09 04:05:00+00:00,25881.75980859375,25848.599609375,25818.349609375,25836.05078125,0,25850,25849.764205434232,25875.989174675764,262831
2026-01-09 04:10:00+00:00,25928.4526171875,25876.69921875,25819.599609375,25830.900390625,0,25900,25858.74254320616,25876.07793018504,187656
2026-01-09 04:15:00+00:00,25939.4746171875,25897.650390625,25849.650390625,25876.849609375,0,25900,25868.394768387443,25877.53059125566,323643
2026-01-09 04:20:00+00:00,25929.0553828125,25889.75,25852.44921875,25889.55078125,0,25900,25871.36343934163,25877.501865004957,196193
2026-01-09 04:25:00+00:00,25945.8388828125,25897.0,25876.69921875,25877.80078125,0,25900,25878.92588664442,25879.570479535585,417146
2026-01-09 04:30:00+00:00,25924.2958828125,25901.94921875,25861.55078125,25894.19921875,0,25850,25876.80085151295,25878.693017249887,326871
2026-01-09 04:35:00+00:00,25925.1961171875,25886.05078125,25860.80078125,25875.05078125,0,25850,25875.683640591968,25878.0375424374,305821
2026-01-09 04:40:00+00:00,25908.31280859375,25878.44921875,25850.349609375,25875.05078125,0,25850,25869.32229685298,25875.3578008046,144600
2026-01-09 04:45:00+00:00,25914.4246171875,25867.349609375,25854.30078125,25858.0,0,25850,25867.11460415199,25873.775478047774,351041
2026-01-09 04:50:00+00:00,25922.1901171875,25881.349609375,25854.099609375,25861.5,0,25850,25868.226142351326,25873.35969563555,342083
2026-01-09 04:55:00+00:00,25939.62530859375,25896.849609375,25858.05078125,25871.900390625,0,25900,25874.767298025887,25875.17093485298,451869
2026-01-09 05:00:00+00:00,25904.805808593752,25890.75,25852.25,25888.44921875,0,25850,25867.544735142263,25872.412019168238,134860
2026-01-09 05:05:00+00:00,25902.702,25858.19921875,25838.55078125,25853.150390625,0,25850,25862.029823428176,25869.735516772205,443234
2026-01-09 05:10:00+00:00,25908.1621171875,25864.150390625,25843.900390625,25852.55078125,0,25850,25860.169621868787,25868.07472951943,322306
2026-01-09 05:15:00+00:00,25907.11119140625,25868.400390625,25853.30078125,25856.849609375,0,25850,25858.57987812086,25866.490437157627,479442
2026-01-09 05:20:00+00:00,25883.6131171875,25861.599609375,25827.25,25856.0,0,25850,25849.702991663908,25862.172784856677,374095
2026-01-09 05:25:00+00:00,25873.29369140625,25834.19921875,25807.19921875,25831.19921875,0,25800,25840.35212465094,25857.107485577715,236129
2026-01-09 05:30:00+00:00,25862.27169140625,25822.05078125,25806.650390625,25821.94921875,0,25800,25830.451546642296,25851.300348708624,444644
2026-01-09 05:35:00+00:00,25868.73380859375,25819.0,25806.80078125,25811.0,0,25800,25826.00090088653,25847.02525629192,336058
2026-01-09 05:40:00+00:00,25850.598,25824.30078125,25799.0,25817.25,0,25800,25817.000600591025,25841.02209925543,258264
2026-01-09 05:45:00+00:00,25847.6428828125,25807.55078125,25793.75,25800.150390625,0,25800,25810.01732747735,25835.40068450475,341401
2026-01-09 05:50:00+00:00,25844.3355,25800.94921875,25791.25,25797.05078125,0,25800,25804.26155165157,25830.06934894166,343951
2026-01-09 05:55:00+00:00,25856.109,25806.69921875,25792.44921875,25793.150390625,0,25800,25804.341034434383,25826.87318032395,455915
2026-01-09 06:00:00+00:00,25843.3335,25821.650390625,25791.650390625,25805.19921875,0,25800,25800.144022956258,25822.482782783456,242753
2026-01-09 06:05:00+00:00,25811.4691171875,25791.55078125,25754.05078125,25791.55078125,0,25750,25786.745754887503,25814.666087279275,161398
2026-01-09 06:10:00+00:00,25806.86030859375,25766.75,25754.0,25761.44921875,0,25750,25776.280373050005,25807.25152754124,128692
2026-01-09 06:15:00+00:00,25798.2435,25761.69921875,25744.25,25754.94921875,0,25750,25766.436915366678,25799.688836598587,100983
2026-01-09 06:20:00+00:00,25793.2335,25751.599609375,25735.19921875,25747.849609375,0,25750,25758.207943577785,25792.446482023763,170401
2026-01-09 06:25:00+00:00,25794.7365,25751.30078125,25737.80078125,25742.599609375,0,25750,25753.221962385192,25786.296921770798,313226
2026-01-09 06:30:00+00:00,25807.5628828125,25757.19921875,25737.30078125,25743.900390625,0,25750,25754.1649020068,25782.516154205696,408124
2026-01-09 06:35:00+00:00,25801.34930859375,25761.75,25749.849609375,25756.75,0,25750,25752.726471129536,25778.43283610186,137591
2026-01-09 06:40:00+00:00,25790.82830859375,25753.349609375,25734.94921875,25750.25,0,25750,25748.26751721136,25773.547432761003,206313
2026-01-09 06:45:00+00:00,25796.64069140625,25756.650390625,25740.19921875,25740.44921875,0,25750,25747.22847501591,25769.997802494003,266392
2026-01-09 06:50:00+00:00,25782.56180859375,25746.650390625,25731.099609375,25746.30078125,0,25750,25741.852186468943,25765.135528354127,425278
2026-01-09 06:55:00+00:00,25768.1835,25738.55078125,25715.650390625,25731.75,0,25700,25733.4847909793,25759.087337309866,233955
2026-01-09 07:00:00+00:00,25770.08769140625,25729.0,25714.150390625,25717.0,0,25700,25728.5399908612,25754.032718974253,404578
2026-01-09 07:05:00+00:00,25746.5896171875,25718.0,25681.400390625,25718.0,0,25700,25717.42640015747,25746.67853144622,228126
2026-01-09 07:10:00+00:00,25740.52869140625,25695.19921875,25674.69921875,25695.19921875,0,25700,25708.001063646647,25739.487513843567,161250
2026-01-09 07:15:00+00:00,25724.7961171875,25690.099609375,25665.25,25688.94921875,0,25650,25696.483782014435,25731.23272695687,381848
2026-01-09 07:20:00+00:00,25744.28619140625,25698.80078125,25672.849609375,25673.80078125,0,25700,25695.28931821796,25726.441184915388,335024
2026-01-09 07:25:00+00:00,25741.0786171875,25699.44921875,25683.30078125,25691.900390625,0,25700,25693.42595172864,25721.848439144716,247044
2026-01-09 07:30:00+00:00,25740.6285,25697.849609375,25680.650390625,25691.30078125,0,25700,25692.03396781909,25717.773634251625,210119
2026-01-09 07:35:00+00:00,25739.72630859375,25695.650390625,25683.25,25688.55078125,0,25700,25690.80584833773,25714.095631142045,353359
2026-01-09 07:40:00+00:00,25742.4328828125,25698.30078125,25686.349609375,25689.19921875,0,25700,25690.887492641825,25711.21502490554,194983
2026-01-09 07:45:00+00:00,25753.905,25703.150390625,25685.25,25691.05078125,0,25700,25694.758328427884,25710.12564679235,247203
2026-01-09 07:50:00+00:00,25753.75430859375,25716.349609375,25700.900390625,25703.099609375,0,25700,25697.288755410256,25709.15364211518,211045
2026-01-09 07:55:00+00:00,25760.56869140625,25710.0,25699.0,25702.44921875,0,25700,25701.24263381517,25709.153235678907,163742
2026-01-09 08:00:00+00:00,25746.0886171875,25710.80078125,25688.099609375,25708.599609375,0,25700,25699.06149546012,25707.346483562796,444959
2026-01-09 08:05:00+00:00,25767.53180859375,25730.400390625,25695.849609375,25695.849609375,0,25700,25704.74086676508,25708.44062428932,223570
2026-01-09 08:10:00+00:00,25735.1683828125,25716.349609375,25681.30078125,25716.349609375,0,25700,25697.760838260056,25705.360643909404,363423
2026-01-09 08:15:00+00:00,25732.863,25691.94921875,25670.650390625,25684.900390625,0,25700,25692.34055884004,25702.37806342073,436073
2026-01-09 08:20:00+00:00,25722.99369140625,25687.599609375,25666.400390625,25681.599609375,0,25650,25685.44383610169,25698.53710432126,494799
2026-01-09 08:25:00+00:00,25735.21730859375,25687.650390625,25665.25,25671.69921875,0,25700,25684.9124271928,25696.70116745298,465351
2026-01-09 08:30:00+00:00,25733.96480859375,25692.94921875,25671.5,25683.900390625,0,25700,25684.1414879202,25694.938472693237,199836
2026-01-09 08:35:00+00:00,25731.76119140625,25689.25,25671.75,25683.099609375,0,25700,25682.894455488466,25693.121212434704,143752
2026-01-09 08:40:00+00:00,25711.47069140625,25682.650390625,25659.599609375,25681.900390625,0,25650,25675.313100533986,25688.99985970849,376319
2026-01-09 08:45:00+00:00,25712.67230859375,25675.849609375,25654.650390625,25662.849609375,0,25650,25670.65860348099,25685.543578416808,340284
2026-01-09 08:50:00+00:00,25711.41980859375,25669.900390625,25655.900390625,25663.349609375,0,25650,25667.138938779,25682.36308228658,386909
2026-01-09 08:55:00+00:00,25703.3548828125,25673.75,25651.900390625,25662.099609375,0,25650,25662.109552936,25678.57404465701,428491
2026-01-09 09:00:00+00:00,25712.5725,25662.30078125,25648.44921875,25653.80078125,0,25650,25661.82303529067,25676.408539074884,166683
2026-01-09 09:05:00+00:00,25704.20619140625,25670.650390625,25652.099609375,25662.150390625,0,25650,25658.84882040212,25673.47002051865,443684
2026-01-09 09:10:00+00:00,25708.6153828125,25662.25,25623.5,25653.0,0,25650,25658.332807351413,25671.44886561007,239098
2026-01-09 09:15:00+00:00,25721.2891171875,25671.19921875,25657.25,25658.75,0,25650,25662.20494448428,25671.26140975256,144852
2026-01-09 09:20:00+00:00,25721.089500000002,25673.150390625,25658.349609375,25671.30078125,0,25650,25664.71996298952,25671.07248353349,120885
2026-01-09 09:25:00+00:00,25726.0486171875,25684.349609375,25668.849609375,25672.05078125,0,25650,25668.04638157635,25671.525825435558,112355
2026-01-09 09:30:00+00:00,25730.8081171875,25684.599609375,25661.05078125,25679.900390625,0,25700,25671.847327300904,25672.51624959986,477398
2026-01-09 09:35:00+00:00,25740.1275,25696.80078125,25676.900390625,25681.349609375,0,25700,25677.481551533936,25674.54546839988,204101
2026-01-09 09:40:00+00:00,25746.4408828125,25703.0,25685.900390625,25688.75,0,25700,25683.33796143929,25677.10863250614,368229
2026-01-09 09:45:00+00:00,25729.356,25694.150390625,25677.05078125,25694.150390625,0,25700,25681.558640959527,25677.220053442878,111466
2026-01-09 09:50:00+00:00,25737.22130859375,25697.349609375,25678.849609375,25679.94921875,0,25700,25682.988963764685,25678.29874793439,120022
2026-01-09 09:55:00+00:00,25755.1066171875,25703.69921875,25681.5,25686.05078125,0,25700,25689.892382093123,25681.47380678634,223584
2026-01-12 03:45:00+00:00,25662.2728828125,25699.55078125,25611.05078125,25671.94921875,0,25600,25663.61184847875,25672.670928594296,259020
2026-01-12 03:50:00+00:00,25610.9203828125,25610.650390625,25556.099609375,25610.650390625,0,25550,25629.008159402503,25658.562160176258,454482
2026-01-12 03:55:00+00:00,25583.5141171875,25566.05078125,25529.400390625,25558.849609375,0,25550,25596.82184585167,25642.798042497976,209411
2026-01-12 04:00:00+00:00,25619.8875,25579.150390625,25530.19921875,25532.349609375,0,25550,25587.464563901118,25633.54203718573,292457
2026-01-12 04:05:00+00:00,25635.01730859375,25597.099609375,25560.599609375,25569.099609375,0,25600,25586.25957905908,25627.33048370939,134546
2026-01-12 04:10:00+00:00,25608.71480859375,25582.05078125,25543.650390625,25582.05078125,0,25550,25576.706255831057,25618.61412441759,269983
2026-01-12 04:15:00+00:00,25646.6401171875,25595.55078125,25546.0,25558.400390625,0,25600,25582.95391013737,25615.71851120914,463898
2026-01-12 04:20:00+00:00,25641.08019140625,25608.55078125,25575.599609375,25596.25,0,25600,25585.26940363325,25612.491246136124,101112
2026-01-12 04:25:00+00:00,25608.6658828125,25601.150390625,25557.55078125,25590.099609375,0,25550,25576.02986283884,25605.62368802536,282799
2026-01-12 04:30:00+00:00,25640.8786171875,25591.80078125,25557.44921875,25557.900390625,0,25600,25580.586314809225,25603.63312936594,254921
2026-01-12 04:35:00+00:00,25631.4613828125,25596.25,25575.05078125,25588.94921875,0,25600,25580.491136956152,25600.716585851445,203524
2026-01-12 04:40:00+00:00,25608.01419140625,25580.30078125,25556.400390625,25580.30078125,0,25550,25572.62755484577,25595.23956144814,164296
2026-01-12 04:45:00+00:00,25634.76680859375,25587.05078125,25545.94921875,25556.900390625,0,25600,25576.284906355515,25593.784567439,131687
2026-01-12 04:50:00+00:00,25636.6201171875,25591.650390625,25574.849609375,25583.30078125,0,25600,25579.33967715368,25592.742648852876,396255
2026-01-12 04:55:00+00:00,25634.31669140625,25598.19921875,25571.5,25585.150390625,0,25600,25580.609914977456,25591.54361657439,409711
2026-01-12 05:00:00+00:00,25622.0911171875,25593.0,25566.400390625,25582.849609375,0,25550,25577.38968290164,25588.969316846345,272378
2026-01-12 05:05:00+00:00,25611.97130859375,25575.25,25560.849609375,25570.900390625,0,25550,25571.876325059427,25585.454353412424,367239
2026-01-12 05:10:00+00:00,25614.27669140625,25574.19921875,25558.25,25559.849609375,0,25550,25568.96768024795,25582.666358063994,161170
2026-01-12 05:15:00+00:00,25620.5881171875,25573.05078125,25538.80078125,25561.80078125,0,25550,25569.128193081968,25581.014215649742,307793
2026-01-12 05:20:00+00:00,25607.8126171875,25582.650390625,25551.849609375,25569.150390625,0,25550,25564.98520163798,25577.97484103728,445265
2026-01-12 05:25:00+00:00,25598.44430859375,25561.849609375,25545.599609375,25556.349609375,0,25550,25559.10667088365,25574.14668707949,280633
2026-01-12 05:30:00+00:00,25598.44430859375,25551.5,25541.25,25547.599609375,0,25550,25555.187650380773,25570.797052366437,394444
2026-01-12 05:35:00+00:00,25592.48319140625,25549.44921875,25534.80078125,25545.650390625,0,25550,25550.59189712885,25567.122469648755,485449
2026-01-12 05:40:00+00:00,25583.91530859375,25547.400390625,25529.55078125,25539.94921875,0,25550,25544.6778012109,25562.838362114537,136695
2026-01-12 05:45:00+00:00,25565.9791171875,25532.94921875,25509.80078125,25531.900390625,0,25500,25534.768273723937,25556.85221919397,219194
2026-01-12 05:50:00+00:00,25558.36430859375,25521.19921875,25503.30078125,25515.349609375,0,25500,25525.628718940963,25550.6643929666,269860
2026-01-12 05:55:00+00:00,25553.40519140625,25517.05078125,25501.849609375,25507.75,0,25500,25517.885942835645,25544.6313926739,304509
2026-01-12 06:00:00+00:00,25527.85419140625,25502.5,25476.150390625,25501.94921875,0,25500,25504.224092098764,25536.165017417785,419514
2026-01-12 06:05:00+00:00,25533.6646171875,25493.19921875,25477.099609375,25477.75,0,25500,25497.049134315843,25529.481792584316,226866
2026-01-12 06:10:00+00:00,25531.56080859375,25488.75,25473.400390625,25483.0,0,25500,25491.565959335563,25523.371519683147,453006
2026-01-12 06:15:00+00:00,25541.83130859375,25499.94921875,25474.5,25481.44921875,0,25500,25491.32717601538,25519.306280894627,162275
2026-01-12 06:20:00+00:00,25543.13469140625,25496.900390625,25483.900390625,25491.0,0,25500,25491.601580885253,25515.911794610925,237853
2026-01-12 06:25:00+00:00,25552.5538828125,25502.849609375,25491.25,25491.30078125,0,25500,25494.91798100684,25514.11666794081,248653
2026-01-12 06:30:00+00:00,25552.002,25516.94921875,25496.19921875,25501.44921875,0,25500,25496.945320671228,25512.47708444821,369508
2026-01-12 06:35:00+00:00,25571.04,25530.44921875,25500.75,25500.75,0,25500,25504.630213780823,25513.41744889218,267985
2026-01-12 06:40:00+00:00,25629.4573828125,25578.900390625,25511.0,25520.44921875,0,25600,25529.18706960388,25521.52786543691,410110
2026-01-12 06:45:00+00:00,25652.5033828125,25613.30078125,25566.25,25577.5,0,25600,25553.22497348592,25531.499479913546,109324
2026-01-12 06:50:00+00:00,25696.13930859375,25667.5,25601.05078125,25601.900390625,0,25650,25583.76651878228,25545.668246096226,496778
2026-01-12 06:55:00+00:00,25712.1223828125,25678.900390625,25634.900390625,25642.55078125,0,25650,25609.44460627152,25560.059812990447,371767
2026-01-12 07:00:00+00:00,25748.895,25702.75,25656.44921875,25660.94921875,0,25700,25638.796404181016,25577.23983636664,144294
2026-01-12 07:05:00+00:00,25732.1115,25707.30078125,25676.099609375,25696.94921875,0,25700,25652.78093612068,25590.17860682081,411368
2026-01-12 07:10:00+00:00,25774.4968828125,25736.80078125,25679.5,25680.849609375,0,25700,25676.20421783045,25606.787628624457,142093
2026-01-12 07:15:00+00:00,25762.02080859375,25738.099609375,25710.599609375,25723.349609375,0,25700,25687.669348345305,25619.764126218277,452182
2026-01-12 07:20:00+00:00,25777.953,25727.400390625,25710.900390625,25710.900390625,0,25750,25700.612898896878,25633.10611044099,494894
2026-01-12 07:25:00+00:00,25760.4688828125,25728.30078125,25708.849609375,25725.94921875,0,25700,25703.42552634792,25642.59919429212,249130
2026-01-12 07:30:00+00:00,25750.79919140625,25710.94921875,25673.099609375,25709.5,0,25700,25702.08381444028,25649.699343833727,385877
2026-01-12 07:35:00+00:00,25768.53380859375,25720.55078125,25698.25,25698.849609375,0,25700,25707.08907941852,25658.124377026383,316423
2026-01-12 07:40:00+00:00,25773.7453828125,25726.55078125,25706.44921875,25717.400390625,0,25700,25712.159646695683,25666.146427554337,122364
2026-01-12 07:45:00+00:00,25756.6096171875,25728.0,25703.80078125,25721.80078125,0,25700,25709.83950404712,25671.028026453798,382785
2026-01-12 07:50:00+00:00,25758.06369140625,25710.0,25694.599609375,25705.44921875,0,25700,25708.776466239757,25675.480821975198,417912
2026-01-12 07:55:00+00:00,25740.4288828125,25705.900390625,25687.25,25704.30078125,0,25700,25702.20123790984,25677.177066884546,158799
2026-01-12 08:00:00+00:00,25796.7405,25746.05078125,25689.150390625,25689.150390625,0,25750,25716.55082527323,25685.686183523976,239805
2026-01-12 08:05:00+00:00,25790.4271171875,25757.0,25727.599609375,25745.400390625,0,25750,25724.016956432155,25692.34406292723,455614
2026-01-12 08:10:00+00:00,25781.9101171875,25755.30078125,25730.05078125,25739.150390625,0,25750,25726.16104387144,25697.107207405075,153475
2026-01-12 08:15:00+00:00,25790.37819140625,25745.650390625,25730.44921875,25730.55078125,0,25750,25730.40749278929,25702.331355307564,115119
2026-01-12 08:20:00+00:00,25797.84230859375,25746.599609375,25727.400390625,25738.400390625,0,25750,25735.7215316512,25707.833637065996,497362
2026-01-12 08:25:00+00:00,25793.1826171875,25748.5,25727.900390625,25745.69921875,0,25750,25737.71409401747,25712.06683477649,209002
2026-01-12 08:30:00+00:00,25781.7105,25742.69921875,25715.099609375,25741.30078125,0,25750,25735.226062678317,25714.339730429438,206019
2026-01-12 08:35:00+00:00,25793.1826171875,25743.30078125,25726.099609375,25730.349609375,0,25750,25737.38378136888,25717.759666469505,180326
2026-01-12 08:40:00+00:00,25779.9061171875,25743.650390625,25726.94921875,25741.5,0,25750,25734.40559382925,25719.095860504567,341727
2026-01-12 08:45:00+00:00,25782.56180859375,25743.099609375,25727.0,25727.94921875,0,25750,25733.30359901117,25720.59632911337,230234
2026-01-12 08:50:00+00:00,25815.0778828125,25765.5,25727.05078125,25730.5,0,25750,25743.385993090786,25725.965635630448,117227
2026-01-12 08:55:00+00:00,25807.2106171875,25770.849609375,25749.849609375,25763.349609375,0,25750,25747.49040164386,25729.68233352039,153396
2026-01-12 09:00:00+00:00,25784.466,25761.25,25730.900390625,25756.0,0,25750,25742.660267762574,25730.097041830344,426476
2026-01-12 09:05:00+00:00,25796.39019140625,25747.650390625,25704.650390625,25732.94921875,0,25750,25743.40697538339,25731.94746042968,437875
2026-01-12 09:10:00+00:00,25812.3223828125,25763.69921875,25742.849609375,25744.650390625,0,25750,25749.204910672262,25735.554125532217,142055
2026-01-12 09:15:00+00:00,25817.2306171875,25771.099609375,25755.19921875,25760.349609375,0,25750,25754.703013364844,25739.32226218444,453815
2026-01-12 09:20:00+00:00,25839.42530859375,25794.099609375,25765.19921875,25765.19921875,0,25800,25765.751878701565,25745.38818058326,488671
2026-01-12 09:25:00+00:00,25862.0701171875,25813.150390625,25786.849609375,25787.19921875,0,25800,25780.650992051043,25753.520810354104,145034
2026-01-12 09:30:00+00:00,25835.41730859375,25808.94921875,25778.05078125,25808.94921875,0,25800,25781.717197825696,25757.31191023172,368658
2026-01-12 09:35:00+00:00,25836.7696171875,25791.150390625,25775.099609375,25783.80078125,0,25800,25782.87787146713,25760.797823796504,490576
2026-01-12 09:40:00+00:00,25830.057,25788.150390625,25776.150390625,25785.0,0,25800,25781.41858097809,25763.01059582194,308172
2026-01-12 09:45:00+00:00,25837.2706171875,25791.5,25778.30078125,25778.30078125,0,25800,25782.8454602354,25765.846673687945,353534
2026-01-12 09:50:00+00:00,25848.8445,25798.05078125,25782.599609375,25786.19921875,0,25800,25787.646973490264,25769.77208947695,374389
2026-01-12 09:55:00+00:00,25857.71180859375,25807.94921875,25792.80078125,25797.650390625,0,25800,25793.79785211851,25774.313029464207,225224
2026-01-13 03:45:00+00:00,25897.9425,25889.0,25837.849609375,25886.05078125,0,25850,25811.281901412345,25783.30515078118,324444
2026-01-13 03:50:00+00:00,25887.9733828125,25852.650390625,25814.19921875,25845.75,0,25850,25819.6215280249,25789.929604589783,288356
2026-01-13 03:55:00+00:00,25814.37530859375,25836.75,25760.400390625,25836.75,0,25750,25800.697555141604,25786.544605187933,226896
2026-01-13 04:00:00+00:00,25796.84030859375,25778.0,25731.94921875,25761.400390625,0,25750,25782.24823988607,25781.39523071132,172076
2026-01-13 04:05:00+00:00,25787.7733828125,25756.0,25725.30078125,25744.69921875,0,25750,25766.93242034072,25775.758424528653,287724
2026-01-13 04:10:00+00:00,25781.6596171875,25735.900390625,25710.150390625,25735.75,0,25750,25754.68801981048,25770.06352380632,202210
2026-01-13 04:15:00+00:00,25790.6776171875,25789.75,25732.400390625,25732.400390625,0,25750,25749.525086123656,25766.205485674283,182398
2026-01-13 04:20:00+00:00,25794.88719140625,25769.05078125,25730.55078125,25737.900390625,0,25750,25747.48352095744,25763.35484879312,265623
2026-01-13 04:25:00+00:00,25761.26930859375,25744.75,25701.30078125,25744.0,0,25700,25734.93888376329,25756.666693865856,435412
2026-01-13 04:30:00+00:00,25801.09880859375,25751.80078125,25705.19921875,25710.150390625,0,25750,25739.82579230053,25755.7833083045,277137
2026-01-13 04:35:00+00:00,25812.17169140625,25767.19921875,25736.349609375,25748.599609375,0,25750,25746.76732507536,25756.391693594564,391208
2026-01-13 04:40:00+00:00,25789.57580859375,25771.0,25738.099609375,25761.55078125,0,25750,25743.87808650857,25754.10518306712,287707
2026-01-13 04:45:00+00:00,25789.2255,25756.19921875,25726.099609375,25738.900390625,0,25750,25741.83539100572,25752.060785183727,213126
2026-01-13 04:50:00+00:00,25810.66869140625,25774.44921875,25736.80078125,25736.80078125,0,25750,25747.60705754548,25752.946985863884,180614
2026-01-13 04:55:00+00:00,25851.0481171875,25803.599609375,25757.44921875,25761.05078125,0,25800,25764.887777946988,25758.75976497465,196101
2026-01-13 05:00:00+00:00,25857.8116171875,25827.05078125,25795.55078125,25799.30078125,0,25800,25778.658258214666,25764.68969669657,445806
2026-01-13 05:05:00+00:00,25827.8533828125,25809.19921875,25766.150390625,25805.44921875,0,25800,25777.87243255978,25766.14108226575,492338
2026-01-13 05:10:00+00:00,25819.2346171875,25776.099609375,25750.19921875,25774.05078125,0,25750,25774.481361289854,25766.33584932628,325652
2026-01-13 05:15:00+00:00,25828.7536171875,25782.44921875,25754.94921875,25766.900390625,0,25800,25775.387313776573,25767.693770504244,178484
2026-01-13 05:20:00+00:00,25823.69469140625,25799.599609375,25770.650390625,25776.44921875,0,25750,25774.30833939272,25768.25084801934,364985
2026-01-13 05:25:00+00:00,25830.45819140625,25787.80078125,25761.849609375,25771.849609375,0,25800,25775.83902313681,25769.582040845045,223386
2026-01-13 05:30:00+00:00,25824.8473828125,25788.599609375,25759.650390625,25779.75,0,25750,25774.99294250788,25770.046883395666,465906
2026-01-13 05:35:00+00:00,25847.19080859375,25796.0,25766.44921875,25773.849609375,0,25800,25781.86183146359,25773.24097414308,220866
2026-01-13 05:40:00+00:00,25840.17680859375,25799.55078125,25778.849609375,25795.44921875,0,25800,25784.10775743406,25775.16080354707,250587
2026-01-13 05:45:00+00:00,25837.3723828125,25795.900390625,25775.69921875,25788.0,0,25800,25784.67209870604,25776.490800759937,250194
2026-01-13 05:50:00+00:00,25832.8125,25794.849609375,25776.150390625,25784.55078125,0,25800,25783.53139913736,25777.085700664946,443862
2026-01-13 05:55:00+00:00,25847.49219140625,25803.94921875,25780.150390625,25780.150390625,0,25800,25787.654396299917,25779.43753690995,447327
2026-01-13 06:00:00+00:00,25860.0661171875,25813.5,25787.69921875,25794.30078125,0,25800,25794.58600378328,25783.06399713996,263051
2026-01-13 06:05:00+00:00,25861.97030859375,25819.30078125,25803.650390625,25808.400390625,0,25800,25799.84053898052,25786.47469866934,204180
2026-01-13 06:10:00+00:00,25841.2786171875,25816.5,25786.75,25809.650390625,0,25800,25796.46009890368,25786.877763679426,495681
2026-01-13 06:15:00+00:00,25837.321500000002,25790.400390625,25779.19921875,25788.44921875,0,25800,25792.89006593579,25786.73679321949,194753
2026-01-13 08:00:00+00:00,25712.72319140625,25663.30078125,25659.599609375,25661.849609375,0,25650,25749.060174165526,25771.069742895183,438911
2026-01-13 08:10:00+00:00,25727.50269140625,25676.69921875,25661.900390625,25662.69921875,0,25700,25724.756912985355,25759.204823861408,108842
2026-01-13 08:15:00+00:00,25716.33,25678.150390625,25661.25,25675.25,0,25650,25704.83794199024,25747.42922087873,121902
2026-01-13 08:20:00+00:00,25722.7921171875,25686.650390625,25664.900390625,25664.900390625,0,25650,25693.708367576823,25737.93172061264,114572
2026-01-13 08:25:00+00:00,25714.97769140625,25672.349609375,25658.94921875,25671.55078125,0,25650,25683.68904192622,25728.646554364183,144885
2026-01-13 08:30:00+00:00,25698.3448828125,25667.5,25644.80078125,25662.94921875,0,25650,25671.47628836748,25718.447082724917,310508
2026-01-13 08:35:00+00:00,25700.4976171875,25651.55078125,25638.349609375,25645.44921875,0,25650,25664.050598494992,25709.79109972805,465492
2026-01-13 08:40:00+00:00,25687.8238828125,25650.30078125,25621.44921875,25648.900390625,0,25650,25654.88399274666,25700.63605991829,235975
2026-01-13 08:45:00+00:00,25689.4756171875,25649.05078125,25623.650390625,25636.25,0,25650,25649.322401414443,25692.83145477225,382092
2026-01-13 08:50:00+00:00,25666.4805,25640.80078125,25615.0,25637.5,0,25600,25637.9649342763,25683.13377292572,450322
2026-01-13 08:55:00+00:00,25663.82480859375,25622.80078125,25609.849609375,25614.900390625,0,25600,25629.50982597587,25674.317002481883,241740
2026-01-13 09:00:00+00:00,25691.5305,25662.900390625,25603.400390625,25611.650390625,0,25650,25633.08988398392,25670.05862717165,302471
2026-01-13 09:05:00+00:00,25713.5236171875,25674.19921875,25634.80078125,25639.599609375,0,25650,25642.79299557261,25669.07620111894,315944
2026-01-13 09:10:00+00:00,25744.03569140625,25702.30078125,25658.849609375,25661.099609375,0,25700,25659.412127256743,25672.0229748072,240685
2026-01-13 09:15:00+00:00,25742.03169140625,25712.849609375,25687.80078125,25692.900390625,0,25700,25669.824881712837,25674.351401784425,179537
2026-01-13 09:20:00+00:00,25765.32819140625,25722.75,25688.5,25689.900390625,0,25700,25684.51671801689,25679.295025389496,419642
2026-01-13 09:25:00+00:00,25759.3651171875,25726.05078125,25690.80078125,25715.05078125,0,25700,25692.3275515946,25682.87679955956,339519
2026-01-13 09:30:00+00:00,25757.6116171875,25757.150390625,25702.05078125,25711.849609375,0,25700,25696.9514406464,25685.792101958363,240589
2026-01-13 09:35:00+00:00,25798.4431171875,25747.55078125,25705.30078125,25705.94921875,0,25750,25713.617366680937,25693.43674155732,460566
2026-01-13 09:40:00+00:00,25788.87519140625,25751.94921875,25733.650390625,25746.150390625,0,25750,25721.54504132896,25698.932197690778,271668
2026-01-13 09:45:00+00:00,25778.30330859375,25749.650390625,25724.400390625,25738.849609375,0,25750,25723.31323067764,25702.421874151307,442063
2026-01-13 09:50:00+00:00,25782.462,25741.849609375,25719.599609375,25729.44921875,0,25750,25725.87548711843,25705.994139882398,304132
2026-01-13 09:55:00+00:00,25765.6276171875,25736.80078125,25710.44921875,25731.30078125,0,25700,25721.983397662287,25707.01977474085,193565
2026-01-14 03:45:00+00:00,25734.6165,25718.849609375,25640.400390625,25647.05078125,0,25700,25709.072265108192,25704.04855289824,375662
2026-01-14 03:50:00+00:00,25756.560691406252,25742.099609375,25680.5,25684.19921875,0,25700,25707.7649736138,25704.18628261409,420670
2026-01-14 03:55:00+00:00,25788.975,25744.80078125,25704.150390625,25704.599609375,0,25750,25717.676649075867,25708.350497287327,328207
2026-01-14 04:00:00+00:00,25785.6676171875,25750.150390625,25722.19921875,25737.69921875,0,25750,25723.184172300585,25711.58158747016,145369
2026-01-14 04:05:00+00:00,25784.31530859375,25746.599609375,25726.0,25733.94921875,0,25750,25726.40598465872,25714.240090208263,115078
2026-01-14 04:10:00+00:00,25758.06369140625,25739.599609375,25703.150390625,25732.400390625,0,25700,25719.820786647484,25713.29137776036,111415
2026-01-14 04:15:00+00:00,25740.8281171875,25712.849609375,25674.400390625,25704.900390625,0,25700,25709.696930681657,25710.311107884063,341047
2026-01-14 04:20:00+00:00,25793.9341171875,25743.599609375,25688.25,25689.349609375,0,25750,25720.614360037773,25714.328371742304,105903
2026-01-14 04:25:00+00:00,25781.36019140625,25761.30078125,25715.69921875,25743.0,0,25750,25723.70970356685,25716.27487410264,320957
2026-01-14 04:30:00+00:00,25768.6845,25733.80078125,25710.150390625,25729.599609375,0,25700,25721.556469044568,25716.39676483981,283004
2026-01-14 04:35:00+00:00,25759.9678828125,25723.849609375,25700.0,25715.650390625,0,25700,25717.221239779712,25715.41601689108,345535
2026-01-14 04:40:00+00:00,25748.1943828125,25708.400390625,25692.650390625,25708.400390625,0,25700,25710.414420269808,25713.089112435948,233967
2026-01-14 04:45:00+00:00,25731.4108828125,25703.75,25670.0,25697.900390625,0,25700,25700.293207263207,25708.959321037702,300510
2026-01-14 04:50:00+00:00,25727.45180859375,25686.25,25661.349609375,25680.80078125,0,25700,25692.228674633807,25704.85185707987,175434
2026-01-14 04:55:00+00:00,25740.27819140625,25689.599609375,25670.44921875,25676.599609375,0,25700,25691.119246630875,25702.85792377301,213468
2026-01-14 05:00:00+00:00,25737.97280859375,25691.849609375,25662.25,25689.900390625,0,25700,25689.61270087892,25700.82563447326,112748
2026-01-14 05:05:00+00:00,25731.1095,25693.400390625,25669.69921875,25686.94921875,0,25700,25686.32513391928,25698.191180164104,319165
2026-01-14 05:10:00+00:00,25726.35,25718.900390625,25671.849609375,25680.099609375,0,25700,25682.55008927952,25695.29228264359,148152
2026-01-14 05:15:00+00:00,25743.53469140625,25696.94921875,25662.0,25674.94921875,0,25700,25685.750189728016,25694.899546141267,158623
2026-01-14 05:20:00+00:00,25755.05769140625,25705.349609375,25691.69921875,25692.400390625,0,25700,25691.71692336035,25695.993401701733,194827
2026-01-14 05:25:00+00:00,25780.2583828125,25729.0,25700.349609375,25704.55078125,0,25750,25704.07820932357,25700.094324145262,161081
2026-01-14 05:30:00+00:00,25784.61669140625,25736.0,25710.75,25729.30078125,0,25750,25713.768936424047,25704.226332455237,122040
2026-01-14 05:35:00+00:00,25781.0098828125,25737.900390625,25713.44921875,25733.80078125,0,25750,25719.02955136603,25707.39188855458,249570
2026-01-14 05:40:00+00:00,25777.7025,25737.75,25721.44921875,25729.599609375,0,25750,25721.43636757736,25709.749152485256,100450
2026-01-14 05:45:00+00:00,25798.494,25751.099609375,25720.30078125,25723.69921875,0,25750,25729.957578384907,25714.4055084246,291790
2026-01-14 05:50:00+00:00,25788.975,25754.94921875,25737.5,25747.75,0,25750,25732.47171892328,25717.292319871525,472542
2026-01-14 05:55:00+00:00,25821.94119140625,25774.150390625,25732.69921875,25737.900390625,0,25750,25745.11460949052,25723.93082871571,331755
2026-01-14 06:00:00+00:00,25820.538,25775.5,25748.5,25770.69921875,0,25750,25753.076406327014,25729.564475126248,376923
2026-01-14 06:05:00+00:00,25818.93519140625,25771.5,25758.849609375,25769.099609375,0,25750,25757.85106775968,25734.293964563592,321355
2026-01-14 06:10:00+00:00,25812.67269140625,25777.19921875,25761.150390625,25766.849609375,0,25750,25758.95084204812,25737.65101782127,114507
2026-01-14 06:15:00+00:00,25836.3195,25785.80078125,25759.400390625,25760.94921875,0,25800,25767.550561365417,25743.53839059361,453276
2026-01-14 06:20:00+00:00,25828.053,25785.25,25769.80078125,25785.25,0,25800,25770.53370757695,25747.65859176941,165934
2026-01-14 06:25:00+00:00,25827.20169140625,25784.150390625,25771.94921875,25775.69921875,0,25800,25772.239268592966,25751.15756662636,283505
2026-01-14 06:30:00+00:00,25838.5231171875,25791.30078125,25775.44921875,25776.44921875,0,25800,25777.14258531198,25755.631523141816,486352
2026-01-14 06:35:00+00:00,25813.8253828125,25788.25,25760.75,25786.30078125,0,25750,25772.195317291324,25756.46518040534,220200
2026-01-14 06:40:00+00:00,25794.83630859375,25766.349609375,25742.19921875,25762.900390625,0,25750,25762.580081319215,25754.825734026548,346075
2026-01-14 06:45:00+00:00,25817.8333828125,25766.75,25734.5,25743.69921875,0,25750,25763.82031462948,25756.26011492948,134439
2026-01-14 06:50:00+00:00,25819.2855,25774.900390625,25764.150390625,25766.75,0,25750,25765.130209752988,25757.696350563296,134494
2026-01-14 06:55:00+00:00,25807.36130859375,25773.650390625,25751.5,25767.900390625,0,25750,25762.03667629366,25757.46550791476,171901
2026-01-14 07:00:00+00:00,25816.68069140625,25767.55078125,25756.099609375,25756.099609375,0,25750,25763.07458107077,25758.42611825354,379705
2026-01-14 07:05:00+00:00,25824.39530859375,25780.900390625,25764.75,25765.099609375,0,25750,25766.33292383885,25760.22905464372,318113
2026-01-14 07:10:00+00:00,25804.9561171875,25777.5,25751.849609375,25772.05078125,0,25750,25762.038355475903,25759.381575157007,134889
2026-01-14 07:15:00+00:00,25806.35930859375,25769.44921875,25752.25,25753.5,0,25750,25759.6421067756,25758.81507943426,205601
2026-01-14 07:20:00+00:00,25799.34530859375,25756.099609375,25741.150390625,25753.400390625,0,25750,25755.71127430873,25757.44439567685,254147
2026-01-14 07:25:00+00:00,25800.6976171875,25753.44921875,25741.75,25747.650390625,0,25750,25753.54058912249,25756.413748561,128689
2026-01-14 07:30:00+00:00,25791.981,25754.05078125,25736.05078125,25749.099609375,0,25750,25749.193726081663,25754.424529990876,215955
2026-01-14 07:35:00+00:00,25804.85630859375,25753.80078125,25740.44921875,25740.44921875,0,25750,25750.579020512778,25754.290164913888,118201
2026-01-14 07:40:00+00:00,25798.64469140625,25761.5,25746.0,25753.0,0,25750,25749.43614388352,25753.397693127776,300168
2026-01-14 07:45:00+00:00,25794.5368828125,25757.30078125,25740.30078125,25746.75,0,25750,25747.307689672347,25752.10432914305,308473
2026-01-14 07:50:00+00:00,25768.58469140625,25744.19921875,25716.94921875,25743.5,0,25700,25737.255256656565,25747.735086828296,156453
2026-01-14 07:55:00+00:00,25766.931,25728.80078125,25705.599609375,25716.900390625,0,25700,25730.00350443771,25743.70570097476,196349
2026-01-14 08:00:00+00:00,25751.75030859375,25718.55078125,25699.75,25715.849609375,0,25700,25720.118872750143,25738.286189524788,489272
2026-01-14 08:05:00+00:00,25722.5416171875,25709.349609375,25671.19921875,25699.75,0,25650,25703.812321416764,25729.90031817794,314587
2026-01-14 08:10:00+00:00,25710.66830859375,25683.099609375,25658.80078125,25671.349609375,0,25650,25688.991417402845,25721.081479577573,314946
2026-01-14 08:15:00+00:00,25712.97369140625,25669.19921875,25650.94921875,25659.849609375,0,25650,25679.877741810236,25713.6525934585,365312
2026-01-14 08:20:00+00:00,25690.2271171875,25670.849609375,25638.94921875,25662.05078125,0,25650,25666.23490079016,25704.314671619937,163381
2026-01-14 08:25:00+00:00,25687.2211171875,25645.44921875,25631.349609375,25639.650390625,0,25650,25656.13967344344,25695.768990011195,172881
2026-01-14 08:30:00+00:00,25689.42669140625,25656.900390625,25634.150390625,25636.05078125,0,25650,25650.14324583729,25688.56666508792,415419
2026-01-14 08:35:00+00:00,25697.19219140625,25658.099609375,25632.19921875,25637.75,0,25650,25648.72896076653,25683.233380780057,173607
2026-01-14 08:40:00+00:00,25714.5256171875,25664.099609375,25644.0,25645.30078125,0,25650,25653.55238009436,25680.7291105263,293211
2026-01-14 08:45:00+00:00,25695.38780859375,25669.75,25643.650390625,25663.25,0,25650,25650.40145652124,25676.150422882387,233445
2026-01-14 08:50:00+00:00,25662.07130859375,25644.5,25610.849609375,25643.650390625,0,25600,25637.21750747249,25667.987821193965,343546
2026-01-14 08:55:00+00:00,25675.5493828125,25630.80078125,25604.099609375,25610.849609375,0,25600,25632.911932065,25662.52694120097,331553
2026-01-14 09:00:00+00:00,25687.67319140625,25638.05078125,25618.349609375,25624.400390625,0,25650,25634.074751585,25659.26112237897,329188
2026-01-14 09:05:00+00:00,25710.2671171875,25666.30078125,25627.5,25635.94921875,0,25650,25642.366240640004,25659.22213442535,254655
2026-01-14 09:10:00+00:00,25728.00369140625,25680.30078125,25650.25,25658.05078125,0,25700,25653.794290635007,25661.400666450303,284237
2026-01-14 09:15:00+00:00,25747.8421171875,25715.650390625,25676.400390625,25676.400390625,0,25700,25668.012600006678,25665.78173548777,439114
2026-01-14 09:20:00+00:00,25747.24130859375,25702.69921875,25689.150390625,25697.19921875,0,25700,25677.29160312945,25669.54021972367,482401
2026-01-14 09:25:00+00:00,25729.5556171875,25703.80078125,25675.650390625,25696.94921875,0,25700,25677.59414166964,25670.62259460196,321487
2026-01-14 09:30:00+00:00,25736.3191171875,25684.94921875,25649.400390625,25681.25,0,25700,25680.04583402976,25672.413422620462,326591
2026-01-14 09:35:00+00:00,25724.44580859375,25694.099609375,25655.05078125,25686.25,0,25650,25677.73042581151,25672.49919596478,200824
2026-01-14 09:40:00+00:00,25704.15530859375,25676.400390625,25650.80078125,25673.44921875,0,25650,25669.436820332678,25670.04299764106,361518
2026-01-14 09:45:00+00:00,25711.47069140625,25662.0,25648.30078125,25655.25,0,25650,25666.34134376345,25668.806421764053,475236
2026-01-14 09:50:00+00:00,25726.9018828125,25675.94921875,25654.849609375,25660.75,0,25700,25669.411156258968,25669.6494666998,495964
2026-01-14 09:55:00+00:00,25720.43780859375,25677.400390625,25662.599609375,25675.80078125,0,25650,25669.307307297648,25669.5807345342,195405
2026-01-16 03:45:00+00:00,25781.30930859375,25742.650390625,25679.19921875,25696.05078125,0,25750,25689.488074656765,25677.114343889298,253983
2026-01-16 03:50:00+00:00,25766.43,25736.25,25704.650390625,25730.44921875,0,25700,25697.99204977118,25681.850050903136,236592
2026-01-16 03:55:00+00:00,25777.35219140625,25732.5,25705.099609375,25714.099609375,0,25750,25707.294830055787,25687.35634336837,226014
2026-01-16 04:00:00+00:00,25759.6665,25726.349609375,25686.55078125,25725.55078125,0,25700,25707.613220037198,25689.968050447325,409968
2026-01-16 04:05:00+00:00,25742.1315,25712.55078125,25689.099609375,25708.75,0,25700,25701.992146691464,25690.06579414141,269825
2026-01-16 04:10:00+00:00,25777.35219140625,25727.5,25683.80078125,25690.05078125,0,25750,25709.96156133598,25694.54511870186,384469
2026-01-16 04:15:00+00:00,25793.484,25743.44921875,25715.19921875,25725.75,0,25750,25720.64104089065,25700.476978864128,474618
2026-01-16 04:20:00+00:00,25803.90519140625,25755.5,25737.349609375,25742.94921875,0,25750,25731.227490802103,25706.96740533424,175951
2026-01-16 04:25:00+00:00,25790.7285,25755.80078125,25737.75,25752.19921875,0,25750,25733.90166053474,25711.00272966746,474824
2026-01-16 04:30:00+00:00,25813.4731171875,25765.25,25736.80078125,25739.25,0,25750,25743.250846606494,25717.371040802776,195407
2026-01-16 04:35:00+00:00,25818.18369140625,25768.19921875,25749.150390625,25761.349609375,0,25750,25751.050694612662,25723.530959530555,391937
2026-01-16 04:40:00+00:00,25835.21769140625,25789.30078125,25764.80078125,25766.69921875,0,25800,25761.91725995011,25731.04588841736,382364
2026-01-16 04:45:00+00:00,25888.4235,25845.5,25783.900390625,25784.94921875,0,25850,25786.86150663341,25744.25890236519,144383
2026-01-16 04:50:00+00:00,25900.1461171875,25854.150390625,25834.05078125,25837.099609375,0,25850,25807.390744005606,25757.28269191329,378294
2026-01-16 04:55:00+00:00,25908.36369140625,25865.150390625,25847.599609375,25848.05078125,0,25850,25823.81062621207,25769.70365425225,117275
2026-01-16 05:00:00+00:00,25903.704,25864.099609375,25842.05078125,25857.5,0,25850,25833.20708414138,25779.990697470723,494579
2026-01-16 05:05:00+00:00,25916.9805,25872.099609375,25851.5,25852.25,0,25850,25843.888056094256,25790.64811028688,347453
2026-01-16 05:10:00+00:00,25895.3866171875,25872.849609375,25839.75,25865.599609375,0,25850,25843.82511031284,25797.27949884477,334669
2026-01-16 05:15:00+00:00,25907.4106171875,25863.900390625,25841.650390625,25844.55078125,0,25850,25847.78314645856,25804.581963832927,117603
2026-01-16 05:20:00+00:00,25889.52530859375,25855.849609375,25837.849609375,25855.849609375,0,25850,25844.47196743071,25808.74041952569,287422
2026-01-16 05:25:00+00:00,25881.159,25845.150390625,25827.0,25838.05078125,0,25850,25839.481311620475,25811.335367084976,489890
2026-01-16 05:30:00+00:00,25876.29969140625,25841.80078125,25824.19921875,25829.69921875,0,25800,25834.537671288654,25812.99974502748,261807
2026-01-16 05:35:00+00:00,25881.05919140625,25837.05078125,25820.69921875,25824.349609375,0,25850,25832.82524440077,25815.04982572717,466951
2026-01-16 05:40:00+00:00,25864.0741171875,25828.80078125,25801.849609375,25828.80078125,0,25800,25826.033235850515,25814.72474985502,213052
2026-01-16 05:45:00+00:00,25858.4143828125,25823.400390625,25801.25,25812.5,0,25800,25819.622417650346,25813.734253779392,422488
2026-01-16 05:50:00+00:00,25858.1638828125,25820.400390625,25800.94921875,25806.599609375,0,25800,25815.2652055169,25812.836319713217,400762
2026-01-16 05:55:00+00:00,25864.8765,25818.900390625,25805.55078125,25806.099609375,0,25800,25814.593470344604,25812.888029749065,489043
2026-01-16 06:00:00+00:00,25862.52219140625,25830.650390625,25801.25,25813.150390625,0,25800,25813.3624437714,25812.63957485856,407253
2026-01-16 06:05:00+00:00,25853.20280859375,25814.599609375,25797.150390625,25810.349609375,0,25800,25809.441498972603,25811.25957917311,196880
2026-01-16 06:10:00+00:00,25850.0461171875,25810.55078125,25797.400390625,25802.150390625,0,25800,25805.777405565077,25809.65828412022,332500
2026-01-16 06:15:00+00:00,25840.67780859375,25798.69921875,25783.349609375,25798.44921875,0,25800,25800.218140168385,25807.088449777068,385647
2026-01-16 06:20:00+00:00,25844.23569140625,25799.44921875,25783.900390625,25789.849609375,0,25800,25797.69555698726,25805.28369238306,427304
2026-01-16 06:25:00+00:00,25827.3015,25797.349609375,25770.25,25791.94921875,0,25800,25790.38037132484,25801.591980835172,135320
2026-01-16 06:30:00+00:00,25842.2806171875,25792.099609375,25773.44921875,25775.650390625,0,25800,25790.486653799897,25800.230385574527,419899
2026-01-16 06:35:00+00:00,25863.9253828125,25812.400390625,25789.25,25790.599609375,0,25800,25797.7580296166,25801.739185033963,429214
2026-01-16 06:40:00+00:00,25875.24680859375,25826.599609375,25808.55078125,25811.94921875,0,25800,25806.371889536065,25804.471738076594,202211
2026-01-16 06:45:00+00:00,25865.4283828125,25829.19921875,25811.599609375,25824.650390625,0,25800,25808.84818677405,25805.63786847327,357064
2026-01-16 06:50:00+00:00,25861.71980859375,25818.75,25806.19921875,25814.599609375,0,25800,25809.265327641035,25806.195586085985,492947
2026-01-16 06:55:00+00:00,25803.60380859375,25812.94921875,25744.900390625,25810.849609375,0,25750,25790.210088219024,25799.43358899711,465718
2026-01-16 07:00:00+00:00,25821.38930859375,25771.0,25737.80078125,25752.05078125,0,25750,25783.423261937685,25795.735591544348,212367
2026-01-16 07:05:00+00:00,25818.13280859375,25774.599609375,25753.900390625,25770.75,0,25750,25777.815377750125,25792.093593773177,339147
2026-01-16 07:10:00+00:00,25811.0698828125,25771.25,25758.80078125,25767.849609375,0,25750,25771.72717891675,25788.02574220778,417275
2026-01-16 07:15:00+00:00,25806.41019140625,25766.25,25753.599609375,25759.55078125,0,25750,25766.118249486168,25783.88507325993,365304
2026-01-16 07:20:00+00:00,25817.8333828125,25766.94921875,25738.099609375,25755.599609375,0,25750,25766.179093407445,25781.687036758693,434375
2026-01-16 07:25:00+00:00,25795.88919140625,25767.849609375,25741.05078125,25766.400390625,0,25750,25758.9195258133,25777.02620599198,176690
2026-01-16 07:30:00+00:00,25777.30130859375,25746.349609375,25719.44921875,25745.650390625,0,25750,25747.89622033387,25770.62913141486,237891
2026-01-16 07:35:00+00:00,25778.5048828125,25730.94921875,25719.19921875,25727.19921875,0,25750,25740.94774063925,25765.18183764425,101130
2026-01-16 07:40:00+00:00,25767.9838828125,25728.150390625,25704.099609375,25728.150390625,0,25700,25732.815420842835,25759.102955594968,238889
2026-01-16 07:45:00+00:00,25765.2283828125,25723.099609375,25703.5,25717.05078125,0,25700,25726.477207645225,25753.44018380185,106461
2026-01-16 07:50:00+00:00,25746.9418828125,25718.0,25692.650390625,25713.849609375,0,25700,25716.168398846818,25746.204008482862,114425
2026-01-16 07:55:00+00:00,25719.93680859375,25668.599609375,25668.599609375,25668.599609375,0,25650,25700.31213568955,25736.503458594383,166741
